trench,profile,lon_x,lat_x,z_a,W,theta_l,theta_s,A,S,h_f,d_f,lon_y,lat_y,age_Ma,sed_m
aleutian,0,181.084,50.3371870938,-7320.07167836,37.0313713663,3.904381679608173,2.3789579836612376,0.24277275743409543,56.631383278330645,602.0329395250001,74.0594400289,-178.916,50.3371870938,53.9839342927,310.996926263
aleutian,1,181.228,50.3494395991,-7327.36682357,38.0312556475,4.807680131028099,1.9625779356446011,0.42023541309138707,58.30343603621049,580.8147912249997,71.0557010035,-178.772,50.3494395991,54.1519070926,291.622803707
aleutian,2,181.373,50.3509177631,-7335.16809986,37.0301479841,5.65214846050624,1.8221104372243957,0.5124304731328929,58.435003075989115,620.3974186575006,76.05892483515001,-178.627,50.3509177631,54.3573585042,274.290467962
aleutian,3,181.517,50.3509177631,-7331.79853823,39.0318874393,3.6655210563702445,2.054671011881469,0.2816076847190738,61.60995998683111,724.8524054400004,72.0558282168,-178.483,50.3509177631,54.5713908755,259.984724721
aleutian,4,181.662,50.3455536935,-7332.59506436,39.0318553189,3.7235340292458328,2.08725201018901,0.28159391998814115,59.94776026579536,708.4599270549998,72.0557688202,-178.338,50.3455536935,54.7733508953,248.774864952
aleutian,5,181.806,50.3455536935,-7329.71676499,36.0294128654,3.9985737340193688,2.001773909959767,0.3327806891427747,53.48463945042726,1235.8559788850007,60.0470282346,-178.194,50.3455536935,54.9565656453,238.875352584
aleutian,6,181.95,50.3522914675,-7324.56915271,36.0326671764,3.2207216999467434,2.3017584857000744,0.16640407631250487,55.32476149459758,559.0711128599996,75.0645579921,-178.05,50.3522914675,55.0904154699,230.268500833
aleutian,7,182.095,50.3868649334,-7329.69596357,36.031736932200005,4.362005574628194,2.1842210200157997,0.3326778447287814,55.84345631754947,450.80037945000004,77.0644724661,-177.905,50.3868649334,55.0745679954,220.835055657
aleutian,8,182.243,50.3868649334,-7331.47853927,31.026336887070002,5.0051965114636205,2.38817512720096,0.35396859675991577,48.92121000690445,390.15543221749977,67.05434400295,-177.757,50.3868649334,55.1211402312,214.565661673
aleutian,9,182.382,50.3635278594,-7322.72830075,32.0273227694,3.548381534724718,2.7613068800014893,0.12474065326051155,46.51601115238125,522.4051647024999,65.05277774666,-177.618,50.3635278594,55.2692607334,211.737057894
aleutian,10,182.516,50.3635278594,-7323.1954763,29.0269857819,3.329078334623397,2.035911565421416,0.2410380621948942,41.19164466375633,509.1632592200003,50.0450836457,-177.484,50.3635278594,55.299211101,208.455670192
aleutian,11,182.648,50.406336605,-7318.00102853,37.0377146651,4.0767528074762325,1.9594334827840671,0.3507710370219305,56.77150391867474,570.2544276500003,72.0706092568,-177.352,50.406336605,55.1192297694,205.370248758
aleutian,12,182.781,50.4220244276,-7316.08819621,27.02333925739,8.967388688887747,1.5720402374910434,0.701683981461949,38.40297211431239,710.3299492750002,70.058065769,-177.219,50.4220244276,55.0810045348,206.518503284
aleutian,13,182.922,50.433367074,-7323.25937961,32.02686889588,7.411085888940689,1.379892341951685,0.6860662589056116,44.85260762472659,958.2055170599997,71.0572182563,-177.078,50.433367074,55.0604004503,210.096430377
aleutian,14,183.075,50.4409207713,-7324.59642502,28.02363570267,7.132205754540977,1.9545357499104736,0.5698049187482712,41.20249902875884,695.1110525499998,74.0595081356,-176.925,50.4409207713,55.032173537,218.086253124
aleutian,15,183.22,50.452114416,-7329.09332121,34.029005385800005,4.675224096297886,2.554163547187907,0.2933942200514327,54.574230323499506,558.6096440900001,75.0606266091,-176.78,50.452114416,54.9934979034,229.566482275
aleutian,16,183.364,50.4606516096,-7325.33437529,37.0312261473,5.334916049324669,2.2625063282097804,0.40440159417751903,59.25428592321564,442.97981980999975,75.06019151155,-176.636,50.4606516096,54.9559380225,245.203534655
aleutian,17,183.514,50.4675623462,-7315.766154,37.031817747800005,3.553454328321533,2.164773939705869,0.24285151335777513,54.25472381906379,1134.2850827000002,55.045560036320005,-176.486,50.4675623462,54.9437805679,264.843872019
aleutian,18,183.655,50.4846120192,-7312.22476006,33.02812832944,5.611871677368909,2.1103004837024724,0.4534438135578456,51.53751984866527,2133.3192013199996,56.0461521906,-176.345,50.4846120192,54.9919992897,288.663033549
aleutian,19,183.817,50.4870398635,-7307.83242101,33.0277986067,5.49359184931725,2.0655848874516565,0.4534894580769996,49.615261218549065,1041.205953612499,55.04481165111,-176.183,50.4870398635,55.2465405465,316.54797378
aleutian,20,183.983,50.497319972,-7309.02970962,38.0318402775,4.132785123859761,1.9100964303965509,0.3678193380933731,54.6028099797156,555.653686839999,82.06484836161,-176.017,50.497319972,55.7113467355,349.98238613
aleutian,21,184.107,50.4871980296,-7313.63685626,33.0276222879,6.4954275613921295,1.7557896048426382,0.5744168237317531,48.64374373729142,507.82418253499964,80.06358532995,-175.893,50.4871980296,55.9859953146,367.91467467
aleutian,22,184.26,50.4974292323,-7309.28521059,28.0237003976,3.6788558452254496,2.3823848751966277,0.21389531117954702,40.18871631012451,539.2076523350006,71.05690866725,-175.74,50.4974292323,56.5821528028,399.489384071
aleutian,23,184.392,50.4974292323,-7314.2395802,37.046298480199994,2.6997540197773557,2.8495637333443997,-0.026996059737752244,57.634189759484215,505.3775733000002,70.0845556318,-175.608,50.4974292323,56.9821066973,420.852993761
aleutian,25,184.566,50.5842675678,-7315.50380438,37.0348020871,4.540715100657786,1.9244276733010959,0.4046758932988925,56.3363717360954,293.18599234500016,62.0563525108,-175.434,50.5842675678,58.2593917351,500.775836469
aleutian,26,184.6385,50.5902223254,-7316.92703227,30.02551965159,8.376158866200386,1.6868164215799029,0.6647479749596037,44.384031745512424,643.8612961224999,74.06018605517,-175.3615,50.5902223254,58.5328118449,516.4397623
aleutian,27,184.789787008,50.5787960293,-7307.4312708,36.0316923523,3.091638644195855,1.9685916447207426,0.2219359466573918,53.21255847511802,549.5168861025004,73.06100636934,-175.210212992,50.5787960293,58.841455578,529.114480028
aleutian,28,184.941,50.5671738707,-7301.88237902,40.0347287993,1.9674693332474555,2.66107530388203,-0.14985400919990535,57.49063406327194,494.60839534499974,66.05402428578,-175.059,50.5671738707,58.2751861505,537.442487529
aleutian,29,185.009,50.5884431209,-7302.77413316,45.0410659178,2.0161264192735837,2.3039239073154354,-0.06661901280883639,64.23933234883312,494.4280884099999,66.05712719023,-174.991,50.5884431209,58.1453155836,560.815466841
aleutian,30,185.153,50.5904775783,-7305.50682566,45.0443220225,2.1345529342958254,2.43921679714313,-0.06661110653497075,64.63372881084916,352.2798302499996,59.055668714,-174.847,50.5904775783,57.3985886951,573.781772634
aleutian,31,185.271,50.6332165796,-7302.04662793,34.036960846300005,3.4226988876009727,2.3973958249349443,0.17616604424969673,50.51010113070565,495.98594842500006,61.0641398441,-174.729,50.6332165796,57.2587117714,616.318248255
aleutian,32,185.401,50.6495867657,-7303.67089542,40.041093638199996,2.543340636794782,2.301452421291003,0.049927460802495265,58.18343852243107,803.675289455,75.0734342954,-174.599,50.6495867657,56.8585351217,637.619487234
aleutian,33,185.527,50.6836223723,-7311.62894545,37.0397381504,3.3270868151519437,2.0266656862224393,0.24289900001833634,53.14140434741382,511.5046421750003,82.0841691671,-174.473,50.6836223723,56.6888647537,671.458814654
aleutian,34,185.653,50.7067394756,-7318.85522171,36.0339025774,4.649813786495473,2.049596611595626,0.3881262708791123,54.243150405910015,434.23789124500036,81.0726046899,-174.347,50.7067394756,56.5235592902,694.062796871
aleutian,35,185.788,50.7175220515,-7308.61887108,39.0368633402,3.1403295445580177,2.1857639042158103,0.17922435074096704,58.96221448154613,966.8474764524999,88.07834849165,-174.212,50.7175220515,56.4945294248,704.926894362
aleutian,36,185.915,50.740399414,-7310.99020944,35.03319232446,5.186887631711573,1.7998323335533402,0.4847847509270836,52.32905194509339,1029.9405190849993,81.0733090923,-174.085,50.740399414,56.5443689268,724.341595136
aleutian,37,186.047,50.751992348,-7314.32927436,40.037787095599995,3.1197942981012994,2.0810615597666606,0.1997234237444252,61.93343317003238,584.4136462549995,61.0554324382,-173.953,50.751992348,56.6322190991,732.712834606
aleutian,38,186.176,50.772304252,-7313.65750266,41.0421017209,3.57745837800216,2.065765001408603,0.2678776427863822,65.86984428978224,576.38052806,61.060618975,-173.824,50.772304252,56.7212348227,747.55314234
aleutian,39,186.298,50.7991247224,-7311.46289693,42.0428269217,2.665839937742338,2.202781572313171,0.0951107750875232,66.14693329473656,421.92337534999933,65.06364349064,-173.702,50.7991247224,56.8187632907,766.951442923
aleutian,40,186.438,50.8190022097,-7311.13811679,43.0389827671,4.57393759952283,2.2117762998021897,0.34810800083328103,72.9672735557058,168.04059114999927,65.05669781802001,-173.562,50.8190022097,56.9038114347,777.951137527
aleutian,41,186.568,50.8190022097,-7313.43535601,43.038363570499996,4.755781127369302,2.0647512149122864,0.394548369160994,70.51301543787471,273.41265792000013,68.0582784073,-173.432,50.8190022097,56.9602762221,770.204765754
aleutian,42,186.707,50.8305703477,-7313.51181859,35.034218099300006,4.057747832575151,2.7077431431358594,0.1995427522238938,57.70954748731103,872.9676782249999,69.0645747775,-173.293,50.8305703477,57.0345163215,771.738812677
aleutian,43,186.848,50.8584318072,-7318.22813011,42.0410284711,3.5984732154854897,2.0010270655776714,0.2852836984954157,64.23015646978749,-364.6380366125004,48.04572549733,-173.152,50.8584318072,57.1391585417,785.595924927
aleutian,44,186.998,50.8714660754,-7318.88642536,43.039613686319996,7.198015057576616,1.6535603670340941,0.6263805508708485,66.43359765102211,-32.413739624999835,47.0426566619,-173.002,50.8714660754,57.3032531251,783.363799475
aleutian,45,187.135,50.8849006863,-7311.5462944,38.03530327621,8.172004348662043,1.85730407267545,0.6296246970082184,62.06321167888652,-124.00395837999986,65.058567551,-172.865,50.8849006863,59.061312205,782.175444168
aleutian,46,187.277,50.8979710877,-7308.03354787,43.0399396106,6.430599847632242,1.956187256909419,0.5335073532866732,71.52993228602054,-179.7934068250006,80.0711896283,-172.723,50.8979710877,61.8599639457,778.306413006
aleutian,47,187.419,50.9108694994,-7305.26976851,43.04286924750001,7.201047778187483,1.915601103678378,0.57975762179703,73.83121878182344,-65.68567792749946,71.06859445416,-172.581,50.9108694994,62.4589772652,773.022262216
aleutian,48,187.553,50.9409264112,-7305.79408388,46.0451731979,6.311191613281721,1.990838692973817,0.5203971511706649,82.58479223948105,123.32062782249977,89.08349839526001,-172.447,50.9409264112,62.3494351667,780.035998955
aleutian,49,187.702,50.9501189822,-7300.21315545,42.0382921243,4.687728036812117,1.8786670111511228,0.42779348564054287,69.69427200559667,321.19911221500024,88.0759885973,-172.298,50.9501189822,62.3044502801,765.89362584
aleutian,50,187.845,50.9535961414,-7299.912244,61.0570759776,2.5353256297810973,2.151668268265806,0.08185574162474663,103.08546386483073,-543.6616852750003,49.0443711646,-172.155,50.9535961414,62.290903763,746.819775504
aleutian,51,187.986,50.9705103876,-7295.14265545,45.0432969898,2.592435139026482,2.0745209799730335,0.11097472224882991,66.71895915125609,-129.24512007999965,49.0456786958,-172.014,50.9705103876,62.2195138632,736.036444976
aleutian,52,188.128,50.9828341786,-7289.94456752,55.0545724043,2.5171157852962964,1.8098066564994366,0.16346702264977891,86.38659257612062,-289.8506504200004,42.0407392017,-171.872,50.9828341786,62.1720202312,718.620840137
aleutian,53,188.267,51.0082480462,-7281.77516203,37.035693849910004,14.492165105883315,1.794529136556566,0.7796324889699985,62.9798446921043,-1.3723484849997476,66.0620134494,-171.733,51.0082480462,62.0651224085,708.08773098
aleutian,54,188.425,51.0176366657,-7277.93163199,54.05100109,2.1422284918289773,1.9894132723536286,0.0369865608388682,81.62693001161695,252.6276910000006,68.0611465987,-171.575,51.0176366657,62.0231884105,679.123883322
aleutian,55,188.592,51.0299299884,-7276.45470331,57.0609569522,2.2656381372803485,2.1876721355518094,0.0175074263754264,92.19289802799231,-45.4273747999996,72.0736165042,-171.408,51.0299299884,61.9677806931,647.27689298
aleutian,56,188.731,51.0743737416,-7277.54482432,51.0556610918,2.8351802686475494,1.8300815334029816,0.21544315793870236,80.09695327777193,-6.256390539999302,55.0584373575,-171.269,51.0743737416,61.7669891988,636.2148137
aleutian,57,188.884,51.088434625,-7270.13672464,52.0497856512,2.8106247784671203,2.0619622860021294,0.15364784303685697,83.30603264044812,-106.99835095000071,54.0500017125,-171.116,51.088434625,61.7087263741,600.477104311
aleutian,58,189.039,51.0979756546,-7267.65623555,51.050000466499995,2.7627797425521203,1.9347773169644975,0.17626234553345158,79.79409923037767,80.09178800999962,77.0719306154,-170.961,51.0979756546,61.665118688,559.374393764
aleutian,59,189.189,51.1204455506,-7263.5026051,38.043348424,5.012649296036205,1.7942706676590614,0.4728098237591125,59.4990225106745,-429.30173186499997,37.0417530288,-170.811,51.1204455506,61.5598542498,522.093812665
aleutian,60,189.329,51.1648244066,-7263.03326033,39.045217500599996,3.1839216538269244,2.461385259849573,0.127988859600691,61.074432368064315,-84.2774413774996,61.06852000783,-170.671,51.1648244066,61.3587102804,494.714615336
aleutian,61,189.476,51.1879212433,-7260.20268913,32.031185407500004,4.63984540255465,2.4343091785219118,0.31177382381953755,53.40416621549437,-782.0161872025001,31.02976699894,-170.524,51.1879212433,61.2533961436,451.962031329
aleutian,62,189.637,51.1915916773,-7260.39073053,37.0353206705,3.693926095132587,2.2504962729987157,0.24282087186002396,60.54669405824588,161.23469892999947,60.0551743675,-170.363,51.1915916773,61.2329354212,394.487404505
aleutian,63,189.79,51.2013277963,-7261.49901155,43.0413240547,2.604696559158501,2.0626424043107625,0.1161377305334657,67.816365115669,142.5794596249998,83.0753182375,-170.21,51.2013277963,61.1845767293,341.461918976
aleutian,64,189.879,51.203288497,-7251.82666131,49.06212214029999,3.8355128035664396,1.386890277459993,0.4688689264531424,72.94380123896727,382.56896532500014,105.12773905355999,-170.121,51.203288497,61.1677716303,310.591013671
aleutian,65,190.008574881,51.2653898909,-7244.95317053,47.0755253026,3.4900396835075633,1.6375784025525455,0.36127130567526095,70.30007792660481,256.4564305449994,87.1364605181,-169.991425119,51.2653898909,60.8859736439,298.741932855
aleutian,66,190.1385,51.3273478708,-7246.97140958,39.058371774730006,5.700040109239841,1.7152016477050793,0.5373848341225917,60.573183260079055,337.507839150001,89.1297239487,-169.8615,51.3273478708,60.60443451,314.868320869
aleutian,67,190.202,51.3455462984,-7247.22750593,39.05131416786,5.662815929936793,1.7039363871582087,0.5373982146232554,59.464439912797665,278.83431737499996,84.1072611009,-169.798,51.3455462984,60.5165792207,323.196597982
aleutian,68,190.326,51.3859875618,-7240.90170512,41.0494647741,5.08125296910449,1.643017104573935,0.511317336581889,62.029206290266,302.40124536000076,85.0990645426,-169.674,51.3859875618,60.3354165092,337.476598093
aleutian,69,190.461,51.4095571439,-7241.63656146,41.045000346900004,5.045679835377508,1.6314624858788351,0.5113291263284423,59.37505439675237,341.4494073800006,85.0896849582,-169.539,51.4095571439,60.228872745,343.525769318
aleutian,70,190.597,51.4329706964,-7228.22817245,42.046702463299994,5.518066958908022,1.5092901528086384,0.570452980027951,58.41922976981156,333.14859156999955,94.10017354788,-169.403,51.4329706964,60.111951285,347.143955037
aleutian,71,190.726,51.4574756817,-7224.87517168,30.032427486619998,6.139067472077535,2.239873604679284,0.46535640144488116,44.66335884384743,93.92953915999988,57.0599744949,-169.274,51.4574756817,59.9915351727,352.092982114
aleutian,72,190.814,51.4658031701,-7224.19892389,32.0395720353,3.0021485905841527,3.401619277549037,-0.06238056956323384,46.85497700178579,141.18857233249946,56.0671813293,-169.186,51.4658031701,59.9477901523,350.74985833
aleutian,73,190.943367731,51.5124033469,-7229.18460747,29.041418805910002,7.674212197853277,2.4550409849058723,0.515257257250799,44.783868682585165,101.64962657999968,63.0881763603,-169.056632269,51.5124033469,59.7312775762,363.382841144
aleutian,74,191.073,51.5588609408,-7226.92275134,40.0491952431,3.7535446533828543,2.023246182795701,0.2995258993541429,62.36124425345802,128.17901099000028,66.07888767169001,-168.927,51.5588609408,59.5177909718,374.637017377
aleutian,75,191.151,51.5624080733,-7226.19911223,38.0509909385,3.14149950482335,2.5440564666940486,0.10508084717172377,60.95973994108529,54.3575967099996,61.0797066458,-168.849,51.5624080733,59.4963440282,372.963772944
aleutian,76,191.278,51.6210418571,-7233.99596987,38.0591674891,5.160232701707011,2.107114674385833,0.420114502488889,62.8038271580488,-99.84542155999952,45.0693250069,-168.722,51.6210418571,59.2214397714,390.114530775
aleutian,77,191.408,51.6708732031,-7230.7092539,37.04351895705,6.325022729903288,1.7514528732162793,0.5662828789974245,57.82210016279677,-40.019365735000065,45.0522232049,-168.592,51.6708732031,58.9917516574,405.130726269
aleutian,78,191.568,51.6792406703,-7226.40440188,36.0400520859,5.419964839423497,1.8115027730513298,0.4989944309710104,55.7360867770409,197.37010253000062,43.047123505,-168.432,51.6792406703,58.9333991285,399.435236035
aleutian,79,191.708,51.7163413124,-7224.10966856,39.0469723093,5.461184615350998,1.8882545643826312,0.4861500263613125,61.899154536446396,308.71772457500083,64.0752137527,-168.292,51.7163413124,58.7565740778,406.95410011
aleutian,80,191.856,51.7408581172,-7227.64235918,37.04303630262,7.772105791289349,1.8241246652170653,0.619824748168636,59.46152459644477,326.68355211499966,49.0561566241,-168.144,51.7408581172,58.6309009382,408.458941865
aleutian,81,192.0,51.7704517521,-7205.6629318,39.0422682098,4.047128774171941,2.026144832472483,0.33276681944452724,60.587876442592595,400.6240146299997,50.0529408235,-168.0,51.7704517521,58.4792809907,410.386287154
aleutian,82,192.156,51.7734720898,-7200.57812141,28.030012931199998,4.681336067965029,3.033079399299229,0.2136593077803621,44.36441996828324,237.1516912549996,48.0500827626,-167.844,51.7734720898,58.44505927,399.409047431
aleutian,83,192.295,51.7965724826,-7197.32896756,27.0333199395,4.987444475928803,3.433498737916041,0.18453345409786465,43.62042278197883,215.74406395000096,44.0531905404,-167.705,51.7965724826,58.3258005886,399.439083007
aleutian,84,192.3635,51.8190682839,-7187.79110777,42.070113411899996,2.741561622310083,3.3176310845558556,-0.0950736327618369,63.91279361219584,144.7041776549995,62.1012538897,-167.6365,51.8190682839,58.2140529502,404.753921406
aleutian,85,192.488563104,51.8862054825,-7178.17598581,36.064487286,4.289581557000772,3.066849097842085,0.1662127350243888,56.48758815408659,69.40989837000052,63.1109898783,-167.511436896,51.8862054825,57.9020646174,429.397417154
aleutian,86,192.614,51.9532097175,-7179.52638858,35.0570328122,4.6595496437924355,2.7573795061762567,0.25646330161104586,55.128207320652315,811.6710476500002,57.09134850892,-167.386,51.9532097175,57.5912149906,455.661948422
aleutian,87,192.684,51.9713241751,-7185.05109497,34.0373146291,4.518890827776041,2.4685014073172966,0.2934412941871089,51.930837097193404,371.3322805449998,78.0820061033,-167.316,51.9713241751,57.503155806,459.83889693
aleutian,88,192.85,51.9734403235,-7171.68456727,30.0353835087,4.013975999246765,3.513644785242897,0.06646604927745278,46.47637339339012,835.0230921899993,54.0618305087,-167.15,51.9734403235,57.4626703961,448.705724883
aleutian,89,192.986,52.0199059058,-7170.33886782,41.0636775051,4.24187196953663,2.450278149843255,0.26771572480196987,63.96597365246417,-113.14186729499943,53.0810227547,-167.014,52.0199059058,57.2404590029,464.73054712
aleutian,90,193.118,52.0768224681,-7166.17883545,45.0685935368,4.389971614742409,2.1982699112379205,0.332668693893757,71.63109944915824,-274.1398586999994,41.0618698491,-166.882,52.0768224681,57.0043669059,485.90340385
aleutian,91,193.268,52.1232156959,-7165.98054954,32.0441052526,4.296369294819052,3.344161791202208,0.1246258267777951,50.51502119372408,253.81014723500084,65.0871150233,-166.732,52.1232156959,56.8127900933,497.980650806
aleutian,92,193.423,52.161197432,-7150.26165664,40.0551157942,5.341249713985629,2.2945907920856925,0.39899457295860385,64.60329520329212,208.09325744000034,67.0901882401,-166.577,52.161197432,56.6605125933,503.157061254
aleutian,93,193.561,52.2045280412,-7145.21100088,38.0484060941,5.390804374904038,2.201726990292423,0.42002821341378754,57.87031241770932,172.37305887999992,70.0867231824,-166.439,52.2045280412,56.4989145609,513.619321896
aleutian,94,193.718,52.2230761881,-7131.09320898,38.0468403453,4.1686291216284355,2.434594443070217,0.26260426616910304,60.31403848593688,398.7652464849998,89.1050839014,-166.282,52.2230761881,56.4082210559,502.115581375
aleutian,95,193.863,52.2578448847,-7126.59599874,45.0651577882,4.0751412278116925,2.4768971967575593,0.24393080862605074,74.96827561485487,62.11819522500082,85.1192296387,-166.137,52.2578448847,56.2732504342,500.624253537
aleutian,96,193.997,52.3088662881,-7114.85762459,51.084380772799996,4.015737073890311,2.1929869793650063,0.2935788543492463,84.09464125580678,-84.12675971000044,65.10571400038,-166.003,52.3088662881,56.0793451193,503.193793539
aleutian,97,194.124,52.3679686013,-7131.04546754,51.0726257554,4.497020800461443,2.0591904710231375,0.37183523051512135,86.11451534139357,-20.120448970000325,67.0934223233,-165.876,52.3679686013,55.8571146659,505.364010329
aleutian,98,194.279,52.3898822338,-7122.43751767,47.060477522,4.938513127572407,2.0994543687843823,0.4033918542899873,77.49847542862113,88.01725152000017,57.0719410616,-165.721,52.3898822338,55.7586119857,472.302892211
aleutian,99,194.423,52.4280808665,-7122.56801809,50.0714844743,3.7995162299409735,2.330940495604511,0.2395540495730013,83.80920325151581,-44.0716344450002,77.1069854857,-165.577,52.4280808665,55.6062619268,449.239863357
aleutian,100,194.563,52.4702311557,-7113.65582616,51.0731246054,3.805566847056533,2.2617795499317,0.2544419250384572,83.48797115543876,1168.4016519199995,95.1313828735,-165.437,52.4702311557,55.4380322768,436.609264856
aleutian,101,194.704,52.5073312095,-7097.16296853,43.0550896753,7.11452883173126,2.1660950801714285,0.5332005475637592,74.75076169672609,-66.01394255499963,76.0947401523,-165.296,52.5073312095,55.2941129511,427.369708106
aleutian,102,194.856,52.5249262396,-7076.66775084,54.0660119811,3.1573809413838383,2.171936378278681,0.18491009335649036,85.17730174747547,-10.381323704998977,75.0884344393,-165.144,52.5249262396,55.2064493189,408.709824995
aleutian,103,195.009,52.5472368987,-7078.36706901,41.0553601384,4.602157006912104,2.6589744010441643,0.26761430095297933,70.91671617411431,-63.17658955499974,70.0918745641,-164.991,52.5472368987,55.1066505176,395.936240554
aleutian,104,195.148,52.5902730598,-7077.09789539,50.0783070519,3.354153917922139,2.4302617958578305,0.15972090661868565,76.64531515072747,249.95388840500073,65.0996032326,-164.852,52.5902730598,54.9329719511,398.735125243
aleutian,105,195.282,52.6415203108,-7069.08039875,45.0624247379,4.0361463259374135,2.4531486183973743,0.24393986112805835,71.12718677460533,336.6529341150008,67.0905642585,-164.718,52.6415203108,54.7331546113,406.194370965
aleutian,106,195.437,52.6590904395,-7036.04281914,39.0476057344,5.619800783572144,2.5041992846256163,0.38350584352440775,63.70405394852507,210.59950338499948,64.076023006,-164.563,52.6590904395,54.6449513274,389.848631316
aleutian,107,195.593,52.6764662054,-7028.149803,44.054639138499994,3.4622122909629334,2.6327112719163828,0.13609703394781938,68.79680268368898,125.75539267499971,63.0758400558,-164.407,52.6764662054,54.5604335853,375.360442202
aleutian,108,195.747,52.6978346382,-7032.85763209,38.048285677500004,4.145847872127,3.017717498610589,0.15748168895403744,59.85688653066405,-77.39329048000036,75.0918786417,-164.253,52.6978346382,54.4580949466,364.059762313
aleutian,109,195.8225,52.7105200566,-7031.95241905,42.0705110436,4.017511001780599,2.7343808686929214,0.19004008916358572,66.43469005914086,-249.4009198650001,51.0843737598,-164.1775,52.7105200566,54.3988088142,360.162296618
aleutian,110,195.948304602,52.7780834842,-7036.78060422,45.086019533199995,4.8660020107155155,2.4374516752815203,0.33252080999572464,73.20989240734279,-130.92085838999992,92.17224061413,-164.051695398,52.7780834842,54.1439546024,375.579684002
aleutian,111,196.0745,52.8455134429,-7023.47414185,42.0739357412,6.45995588669067,2.3008205356332074,0.47474506260190735,72.23105836531712,-175.03778966000027,80.13818229861,-163.9255,52.8455134429,53.8834291847,390.725008525
aleutian,112,196.147,52.8653245855,-7012.27906326,42.0514360368,6.010161462249484,2.1395598852171474,0.47493667721970967,71.00765300285559,-5.984012689999872,102.119280289,-163.853,52.8653245855,53.8010825244,390.30147296
aleutian,113,196.331,52.8669694853,-6996.77723802,37.046569170400005,4.6382289975208515,2.827226043713529,0.24258440293384734,60.547138572423954,-154.1289688149991,62.0758419778,-163.669,52.8669694853,53.7675909518,371.944233609
aleutian,114,196.481,52.9037928941,-6982.00916951,38.0491974137,4.442254885886311,2.9005341363248833,0.20996391764735148,64.45432048839571,-125.6811948049999,73.0913741807,-163.519,52.9037928941,53.6106802965,378.076484802
aleutian,115,196.653,52.9130413461,-6987.07411635,38.0495462174,3.6778985786356047,3.3110548228810877,0.052489083082870064,62.47864728825603,-13.999511469999561,109.134412403,-163.347,52.9130413461,53.5445165367,377.402072966
aleutian,116,196.804,52.9511005683,-6961.07246152,42.061244755299995,3.6254082374564494,2.7207154431104015,0.14255833007421603,67.16155737186772,-197.7391072549999,52.0743283444,-163.196,52.9511005683,53.3848587986,396.753672083
aleutian,117,196.955,52.9889579214,-6952.08044107,50.0818632648,2.972458030697195,2.5327909358029017,0.0798632537001877,81.065983001662,65.68088349999925,94.1489329524,-163.045,52.9889579214,53.2252557414,419.846445648
aleutian,118,197.09,53.0515605026,-6944.6233962,48.0785891002,3.727826373725234,2.2387800992850484,0.2495633457939333,78.98921112049997,-48.519080819999544,83.1324293108,-162.91,53.0515605026,53.0016844617,444.599133465
aleutian,119,197.242,53.0890504042,-6937.61358773,43.0629128382,5.12938934614969,2.227629492880058,0.3944206093201087,70.00709621211321,-31.610911665000458,74.1056191335,-162.758,53.0890504042,52.9140539701,456.861049905
aleutian,120,197.394,53.1263457311,-6964.49245216,46.0622557159,4.3954825008132845,2.1301104534233586,0.3471519083823896,72.19239205879992,104.51273141999991,100.129847422,-162.606,53.1263457311,52.8231766789,465.191724646
aleutian,121,197.561,53.1426002409,-6911.04241611,42.0569123822,3.769079144039869,2.5650324955963306,0.19008926854227232,66.9358555991341,708.9890129,92.1196069761,-162.439,53.1426002409,52.8076098089,468.67894956
aleutian,122,197.699,53.1761671333,-6911.52535939,47.0696041314,3.3869037905559645,2.5102103816801353,0.1486648186333825,74.47575164571123,-4.583802604999619,73.1050855061,-162.301,53.1761671333,52.7329934993,487.196190627
aleutian,123,197.827,53.2078242917,-6897.55175935,47.069633411,3.2397786036731433,2.4010610710605387,0.14868664613344157,74.5152599705646,-18.4471970350005,71.1023370328,-162.173,53.2078242917,52.6611443885,513.338752663
aleutian,124,197.972,53.2423776629,-6885.84933931,43.063534047299996,3.77118523144622,2.467881180673827,0.20889408201210796,67.57894803491621,75.1843341699996,92.1311214912,-162.028,53.2423776629,52.5889804244,551.34077112
aleutian,125,198.117,53.2767547468,-6891.1272688,39.0531501746,5.086661650281671,2.5484169606076192,0.3324451284697921,64.47240204351932,157.0534248849999,96.1256064773,-161.883,53.2767547468,52.5223746779,586.138649517
aleutian,126,198.273,53.2893323704,-6878.91588481,39.052716088400004,3.5148590491137908,3.013815891515842,0.07674499988961427,64.2646160178762,305.53190109499974,144.181231035,-161.727,53.2893323704,52.5152257647,611.679532816
aleutian,127,198.42,53.3190120308,-6873.25688742,38.054493047899996,4.018705718260892,2.925024668633406,0.15750626661595565,60.80518956664195,542.7703734799998,49.0689167425,-161.58,53.3190120308,52.4590324378,628.882740066
aleutian,128,198.568,53.348511724,-6857.00816911,39.0659135852,3.9478896876981255,2.7486643448127612,0.1790809626956317,62.91430125986748,131.79197915749955,93.15250781992,-161.432,53.348511724,52.4043578743,638.608893297
aleutian,129,198.698,53.4168218464,-6838.08019642,44.0744664464,4.069184002546459,2.1073992758658853,0.31761649414445187,71.01870849328262,76.78829856999982,82.1355228752,-161.302,53.4168218464,52.2441606742,647.461839929
aleutian,130,198.846,53.4459805605,-6792.67237435,46.065256691900004,3.9277206213559843,2.0971970036070635,0.3038255013088495,73.97853345464785,-83.5174050200003,68.0940905639,-161.154,53.4459805605,52.193885529,651.44918118
aleutian,131,198.997,53.4706178087,-6791.07551877,38.0538655807,5.726902768150811,2.3397397483688613,0.41989749921920805,60.263574045752975,52.181069039999784,69.09544057307001,-161.003,53.4706178087,52.1586554766,653.654688421
aleutian,132,199.145,53.4992930753,-6785.39022239,37.049228344679996,8.96125250590388,2.107278220499207,0.6192307231035705,57.16702646551893,2.1132423050003126,83.1071113314,-160.855,53.4992930753,52.1099487213,652.640405454
aleutian,133,199.309,53.5017517824,-6761.76463321,39.050389657400004,5.646378732961972,2.224369328725412,0.4347756245551743,59.4512335436237,-8.329955295000218,82.1023473949,-160.691,53.5017517824,52.1374599178,649.723815722
aleutian,134,199.474,53.5040901896,-6747.68627535,33.0438136393,4.6562869557387785,3.030504642112526,0.21150336820380417,48.52088990952231,137.82035319500028,103.130129818,-160.526,53.5040901896,52.1717281019,645.915169008
aleutian,135,199.63,53.52797677,-6740.81181026,28.0386991364,5.534216201924731,3.081244731686974,0.28471738066479074,37.877821814680104,145.52699510500042,83.1106183043,-160.37,53.52797677,52.1555220755,642.180442737
aleutian,136,199.788,53.5473030144,-6650.89928099,25.03655113526,5.477744812803134,3.0877103953806766,0.2790318038367551,32.51425013696497,118.71810413000003,101.141573749,-160.212,53.5473030144,52.1446811075,639.502415288
aleutian,137,199.936,53.5882194753,-6693.24784652,29.0425178949,4.826381228991469,2.9538861490324875,0.24067233026566762,38.0140132483934,61.012071549999746,104.146002165,-160.064,53.5882194753,52.0848581198,635.625812277
aleutian,138,200.094,53.6071205999,-6640.60364521,21.02839456268,5.321415148240216,3.9961402254887424,0.14223418800258636,28.85386913103484,98.02908313500029,96.1238449882,-159.906,53.6071205999,52.0809638803,631.473935517
aleutian,139,200.256,53.6170849635,-6585.13764776,25.0366775929,4.417135432792902,2.9480476568546843,0.19946385012521278,30.17727101595928,81.34932110999944,90.1271252653,-159.744,53.6170849635,52.0996709261,627.318371069
aleutian,140,200.401,53.6661357186,-6565.56851513,18.02967547777,8.565233624869371,3.315412586718731,0.4418800917605045,23.158983029904867,93.31477280499985,108.171548552,-159.599,53.6661357186,52.0148111825,623.417056861
aleutian,141,200.551,53.7062705578,-6564.17982074,20.03130975482,7.182567623552975,3.091504790017986,0.3981929140514066,26.076513918186876,78.52323974000046,92.139216601,-159.449,53.7062705578,51.9612412648,618.905739028
aleutian,142,200.709,53.7428677346,-6547.66209344,19.02819951445,10.483520581486408,2.8249696799282225,0.5754635387728884,24.81615673160704,77.66266113999973,92.1317676953,-159.291,53.7428677346,51.9130621723,614.975336722
aleutian,143,200.868,53.7677055031,-6514.83998037,19.02699090573,7.858376361323629,2.8220456196531805,0.47154791736139207,23.38192749540618,65.98132519499995,69.0953063607,-159.132,53.7677055031,51.8933851233,610.837551428
aleutian,144,201.022,53.7868656261,-6501.38058612,20.02876417668,7.89141155985967,2.645383957143896,0.49787694885509454,23.49182910429091,49.48850787500032,72.1006407305,-158.978,53.7868656261,51.8929913932,605.443273248
aleutian,145,201.172,53.814417593,-6494.19531043,16.02338744752,7.796452562193811,3.5613213454234773,0.3728839164451028,18.839346185327585,71.02987549999943,77.1090090549,-158.828,53.814417593,51.8621155876,596.894383012
aleutian,146,201.325,53.8374834203,-6456.5028917,17.02456083278,6.174483724482515,3.377119594466768,0.2928685411868077,20.26900781579442,102.12933317000079,86.1197022361,-158.675,53.8374834203,51.850937359,588.780267054
aleutian,147,201.478,53.8603552503,-6414.77428992,24.04069113864,4.771485314767135,2.3899201924276823,0.3325555465259964,28.125754792801104,88.85164497000005,82.1354154509,-158.522,53.8603552503,51.8297906238,583.757019045
aleutian,148,201.608,53.9260695749,-6341.30287556,22.03872181957,9.140968811023944,2.047891654847523,0.6339409788701804,26.218894502055978,58.80465432999972,89.1527702597,-158.392,53.9260695749,51.7265033167,595.977752291
aleutian,149,201.757,53.9571928456,-6121.70787033,21.03395356376,2.6979241500829816,1.6610450830264083,0.23787253628237584,23.2388850182777,106.77523359000043,87.1362637519,-158.243,53.9571928456,51.6878153272,600.030086866
aleutian,150,201.9,54.0010584425,-6192.74016715,19.02970220364,8.418265050218473,1.5894926836067862,0.682347889331003,21.248752676575776,50.31945045499924,81.1231592047,-158.1,54.0010584425,51.6280975661,601.142400837
aleutian,151,202.06,54.0244880748,-6171.21467611,20.02790744024,4.664137547790919,1.557792595705501,0.4992574459120822,22.533255606414272,99.31723019499987,89.1194950635,-157.94,54.0244880748,51.6182440572,601.762294831
aleutian,152,202.245,54.0249738049,-5992.23431805,10.01401205634,3.055540784166223,2.0381139618761877,0.19974397029569782,9.045307990332054,45.231464905000394,65.0883482569,-157.755,54.0249738049,51.7114352358,602.924010094
aleutian,153,202.406,54.0487773565,-6034.10556332,9.01326628789,5.368871440578689,2.690357054980196,0.33235369701634765,8.254664747051619,184.0261160150003,102.143766024,-157.594,54.0487773565,51.7521051472,606.425974535
aleutian,154,202.567,54.0723651617,-6018.86618245,12.0179290082,3.4980448952504766,2.5001438918624572,0.16636705492364673,11.563553399475946,52.21686749000037,71.1029069894,-157.433,54.0723651617,51.7940637218,612.088697479
aleutian,155,202.725,54.0999131387,-5927.00015829,12.01841980049,2.9991595440888803,2.1432317577138966,0.1664454795719104,11.400432943240054,87.80008854000062,78.1159384416,-157.275,54.0999131387,51.8244724713,624.637209331
aleutian,156,202.881,54.1314320347,-5938.87055471,11.01669318878,3.072854296619722,2.5614801093302226,0.09076035436403639,10.336136682916635,149.00137815000016,86.1257998711,-157.119,54.1314320347,51.8518549145,648.800851237
aleutian,157,203.043,54.1543792073,-5892.53783478,14.02320753513,2.3932037457694584,2.3932241483501957,-4.262590221485953e-06,14.16474313457833,-16.49830312999984,86.1380273607,-156.957,54.1543792073,51.9014705319,692.245571135
aleutian,158,203.183,54.2106178031,-5884.47172459,17.03066592849,3.915611166770389,1.6336224700518722,0.4112259180396098,17.937589922584856,599.7132152300005,80.1409353035,-156.817,54.2106178031,51.8675739837,762.91310471
aleutian,159,203.331,54.2541245432,-5869.14528201,20.03181382199,1.969232265160663,1.3131252100536386,0.19988897006539116,20.862418940410148,-1.60054230500009,79.1219297736,-156.669,54.2541245432,51.8622164422,860.940303914
aleutian,160,203.494,54.2764772401,-5830.9322055,25.0437882783,1.1866931400505547,1.2855712872941445,-0.039994972281257334,27.262478161014513,320.99236045,67.1146505404,-156.506,54.2764772401,51.8403185464,984.503138982
aleutian,161,203.626,54.3447858311,-5800.52530152,21.03398659583,2.8811970153996174,0.9010712508741234,0.523528640784726,22.120951126118094,265.62940827999955,67.1060880405,-156.374,54.3447858311,51.6151348229,1062.95785122
aleutian,162,203.803,54.3457336753,-5833.83490599,20.0294141341,1.4096915037255295,1.4097100265923785,-6.569786761417306e-06,20.39664341367496,-72.26390185000037,65.0928087025,-156.197,54.3457336753,51.4145679134,1138.49755786
aleutian,163,203.974,54.378990626,-5809.33941938,24.03700852015,0.8662739091712095,1.4436165870994668,-0.2499437435932043,23.976719216490995,294.80781667000065,133.193127367,-156.026,54.378990626,51.354078899,1146.51124102
aleutian,164,204.156,54.4015436069,-5747.18641707,19.02929043087,1.0380120686378826,1.427144987767088,-0.1578531956485938,18.957076373303657,96.82650451499921,113.165722057,-155.844,54.4015436069,51.3635526693,1149.18699303
aleutian,165,204.315,54.4324351917,-5708.65818211,10.016603049610001,1.6755597351736513,1.675570051937465,-3.078592734118745e-06,8.807669341488465,134.8278479949995,84.1350957158,-155.685,54.4324351917,51.3449759329,1152.22751838
aleutian,166,204.465,54.4752210035,-5696.43427174,11.019807841,1.413978532695265,1.1783960890592773,0.09087515425395708,9.656658214159515,151.79407236499992,97.1692053101,-155.535,54.4752210035,51.2903218476,1154.67664588
aleutian,167,204.607,54.5258997866,-5685.40037523,10.0193223549,1.0168799712806076,1.525128221247754,-0.19993965851920667,8.470521236747377,84.71538282999973,87.1638111501,-155.393,54.5258997866,51.2270739947,1153.27637106
aleutian,168,204.6735,54.5572186222,-5673.62584777,5.01099271843,2.165383720569838,1.4439744843667033,0.1998718872558725,3.1414423990101406,-0.9237685699999929,73.1579758079,-155.3265,54.5572186222,51.1455030545,1149.45031498
aleutian,185,206.534,55.4080935195,-5467.64849538,23.05216937952,3.843399965378685,0.3665871182392731,0.8258488157050414,23.014114914291557,394.74426588999995,81.1813151186,-153.466,55.4080935195,,867.075810794
aleutian,190,207.167,55.6581312485,-5440.0754652,24.04972553515,1.0999252897327272,0.1571531353656785,0.7499708335963583,22.401511569925034,456.05002307999985,105.212567714,-152.833,55.6581312485,,832.960256908
aleutian,191,207.294,55.7073461397,-5441.85810452,28.05812716227,1.1319037043413813,0.1886773375212065,0.7142510280851977,26.87847266674458,966.0669920950004,112.226887772,-152.706,55.7073461397,,841.150742078
aleutian,192,207.421,55.7564296493,-5434.15474726,33.06976138039,1.7040854427127274,0.3043932002022868,0.6968917730083458,34.19022085347012,341.88634917499985,102.211310422,-152.579,55.7564296493,,843.012161777
aleutian,193,207.543,55.8088154731,-5437.6015505,98.22390027590001,2.8856203101780658,0.8359979880790309,0.5507341585941017,160.51821768077713,-646.4127988199998,107.241726604,-152.457,55.8088154731,,837.500758917
aleutian,194,207.645,55.8748348172,-5396.24455196,241.5525393982,1.3061878942883196,4.02287547284299,-0.5097870660181494,933.820363001402,203.7678592743,80.1910512539,-152.355,55.8748348172,,827.719392212
aleutian,195,207.763,55.9304400798,-5407.97164135,56.11609441007,7.413760047176172,0.5734917905464586,0.856398220014063,75.52997577432427,-21.931363794999925,109.222320561,-152.237,55.9304400798,,822.610102266
aleutian,196,207.88,55.9631164326,-5402.82089856,38.073405781780004,6.86745798502942,0.18650442134683232,0.9471206647831731,39.059183878843996,415.7949871899996,124.233109576,-152.12,55.9631164326,,823.183919079
aleutian,197,207.996,55.9963198698,-5430.67342537,68.1365665428,2.2633155371791123,0.5870928906462866,0.5880640227448494,89.87115309487518,-21.82715738500019,129.252539031,-152.004,55.9963198698,,826.17149857
aleutian,198,208.129,56.0447107101,-5400.90520372,147.2992033046,3.673091002136046,0.6130480884240574,0.713939246734083,254.33025714500627,2174.294365582,181.360749806,-151.871,56.0447107101,,830.977179342
aleutian,209,208.813,56.2726632917,-5332.82845858,122.2424847417,3.0432849363028516,0.4932083920911004,0.72107489182507,184.24395186678984,-170.108751235,156.303947468,-151.187,56.2726632917,,824.61707353
aleutian,210,208.953,56.3075635562,-5347.09013033,45.104538954030005,1.201710522394443,0.15023876553671356,0.7777449688714007,44.982523979887645,47.32579698999962,160.36189578,-151.047,56.3075635562,,825.420594589
aleutian,212,209.115,56.4067346026,-5327.89733541,87.1487610106,3.4471107405611106,0.39824006495389486,0.7928719198348619,118.66906065417669,3285.5623256585,205.33237041866,-150.885,56.4067346026,,822.458965726
aleutian,213,209.283246766,56.4075799399,-5311.20721521,97.1635088489,3.991238625985168,0.4088752633589999,0.8141524180320967,138.94794595032735,1065.8034197050001,207.33152444863,-150.716753234,56.4075799399,,836.225209269
aleutian,214,209.4515,56.40819757,-5295.01422957,175.3036627905,3.1499250092944444,0.40689009622476763,0.7712053710110574,273.6809381631711,1156.8342728599998,216.36363715069,-150.5485,56.40819757,,854.513870461
aleutian,217,209.781,56.5616533721,-5247.43434257,13.027483212029999,0.44056390078403046,0.27535773073131936,0.2307601318080427,11.24770035836927,-307.15421698499995,75.1555412403,-150.219,56.5616533721,,855.518603441
aleutian,242,213.029,57.764641278,-4830.64994499,16.04664117857,0.7286440854282644,0.10409801240262928,0.7499873906368341,14.260328676184168,-141.09614925000005,85.24587739202,-146.971,57.764641278,39.3309707704,975.719390558
aleutian,246,213.043,58.0368656044,-4893.2493739,6.0134128022599995,0.16015042389960532,0.3202994213299171,-0.33333135398098585,4.044964696686193,-7.503232784999909,113.24526294975999,-146.957,58.0368656044,,963.152101878
aleutian,249,213.51,58.1399645453,-4873.72503375,10.026462920610001,0.695257818579525,1.6219215019746824,-0.399910216345934,8.452741965238026,9.316946110000117,104.270303267,-146.49,58.1399645453,,993.348202192
hikurangi,0,177.757331679,-41.4879268586,-3185.34941596,287.871018501,0.8718336704296026,0.8022537770741588,0.04156287860541255,652.778404897835,-342.663637560775,168.906262374,177.757331679,-41.4879268586,,486.588320833
hikurangi,1,177.85932534,-41.4710936095,-3191.9041741,298.865504943,0.8634013872929098,0.7205471775560305,0.09018866704835407,667.3652361315395,94.67649147930001,256.84426273078003,177.85932534,-41.4710936095,,488.038139318
hikurangi,2,177.961265905,-41.4541703144,-3207.4229125,312.012058195,0.7216010110973019,0.9841447884055816,-0.15391729376369828,750.1911181797431,372.60954705505,194.97850013108,177.961265905,-41.4541703144,,489.100538377
hikurangi,3,177.99348845,-41.4166461187,-3228.99316967,287.025638717,0.8517552165740003,0.5946359470683368,0.17776606769235204,565.1321593850706,36.64104453600004,218.041476537,177.99348845,-41.4166461187,,489.97031352
hikurangi,4,178.066375688,-41.4089394446,-3221.26033404,335.086688641,0.6906404576333053,0.9982923737887816,-0.1821575792901322,831.0059739092593,17.357961590000002,195.02160886643,178.066375688,-41.4089394446,,491.014290943
hikurangi,34,179.268038197,-39.4107495271,-3548.97090437,299.8600112812,0.31786003771516297,0.9536865386412954,-0.5000418488389593,541.2056647392413,1152.777414333,124.91950888230001,179.268038197,-39.4107495271,128.20890593,609.036895492
izu-bonin,0,143.471996059,24.5874097952,-8429.84613165,164.64087451,2.1020011025881034,4.965545153097218,-0.40516806638592623,389.2313731710743,1402.58823607,83.8231280673,143.471996059,24.5874097952,139.095060594,103.199788468
izu-bonin,1,143.371574137,24.634634426,-8434.94039695,34.968685580400006,10.110931014499528,6.77957028721433,0.19723279183828418,74.95033148812323,1823.3412611399995,80.9296777886,143.371574137,24.634634426,138.930256882,112.300762908
izu-bonin,2,143.334523936,24.7248468141,-7905.25856807,20.01184755024,8.553650996527349,5.726025670714494,0.19801746157877245,28.57690525299345,984.2839806100001,40.02386840046,143.334523936,24.7248468141,138.750472692,113.197851049
izu-bonin,3,143.321236866,24.8311944246,-7472.44833568,10.00629883788,10.819882400293563,7.26110924963595,0.19682400277373538,11.990221583979695,2151.0456252999998,77.049135382,143.321236866,24.8311944246,138.568247199,111.005295355
izu-bonin,4,143.288064095,24.9240857268,-7416.35479166,11.00452304076,8.579165320260156,10.261474247564447,-0.08929149784157436,14.223868614049287,2423.0419938950004,82.0348887653,143.288064095,24.9240857268,138.393247464,110.819449445
izu-bonin,5,143.286404754,24.9240857268,-7417.83440956,9.00603352528,7.991035572062103,9.952731145429356,-0.10932462532824873,10.242453328044537,2448.9467257449996,69.0467259671,143.286404754,24.9240857268,138.391836775,110.953014673
izu-bonin,11,143.237841628,25.3559441715,-5632.45163314,75.0362681319,3.730547780342072,7.005394803777553,-0.3050358175610555,176.1255516814204,-292.31884906000005,40.0197552727,143.237841628,25.3559441715,137.662276171,104.641431027
izu-bonin,12,143.19525192,25.4417550638,-6045.17248385,37.0240289483,4.963939233661325,11.601156640272745,-0.40067485616279364,64.5564161309832,775.7445452200002,35.0229371831,143.19525192,25.4417550638,137.48954556,106.314989575
izu-bonin,16,143.226612125,25.7664608181,-5657.20861999,20.016714159609997,8.514651103847932,6.983481733522151,0.09879702196342827,32.52184590336537,1156.7924733275004,59.04939169349,143.226612125,25.7664608181,137.001270796,102.376984289
izu-bonin,17,143.216651489,25.8664106528,-5264.71053325,104.0875158325,2.454932708217396,3.6213280021299687,-0.19195938909044816,186.53983532020604,-704.3441403000002,53.0446985196,143.216651489,25.8664106528,136.839813476,102.661331645
izu-bonin,25,143.318619166,26.5697478404,-6333.09426698,4.00353829718,3.359631010143422,3.359630637503211,5.5458505811141506e-08,2.172504748000375,822.8030543349996,37.0327665959,143.318619166,26.5697478404,136.55621305,93.365458131
izu-bonin,26,143.318619166,26.6530899737,-7176.97873222,19.016883923319998,8.667512736329265,4.024558488152156,0.36581533195475846,26.368887288085876,693.948279315,47.04170860549,143.318619166,26.6530899737,137.221523141,92.2671909124
izu-bonin,27,143.328418025,26.7356842181,-7904.17860377,29.0259471161,8.01049401926953,5.672992113552306,0.17082648990379612,51.81155648623468,392.61188652750025,41.03664154989,143.328418025,26.7356842181,138.061265761,90.623798479
izu-bonin,28,143.328418025,26.8290783568,-8292.84805898,36.0326036468,10.262790484099813,4.554925362331133,0.38520546492619506,67.50348815264293,123.5458337049995,72.0652833796,143.328418025,26.8290783568,138.718468994,89.2070527554
izu-bonin,29,143.321316237,26.9197758166,-8716.92329076,59.052693427099996,5.460061355532286,3.7500430677756564,0.18566763297809077,109.26352357857667,-28.207503194999845,68.0609031633,143.321316237,26.9197758166,139.215851497,88.1548615922
izu-bonin,30,143.312128962,27.0102897032,-8934.12126463,59.0539448821,7.488751672600861,3.5729086949800446,0.35400137479335564,119.7869332414472,2990.4691079599993,187.171677568,143.312128962,27.0102897032,139.34338895,87.2543684119
izu-bonin,31,143.312128962,27.1012613131,-8886.28042637,72.06513256529999,4.197292450436205,3.971171045590332,0.02768224464195344,153.65634184174297,1623.0702402399993,156.1399933369,143.312128962,27.1012613131,139.723131718,85.9195684543
izu-bonin,32,143.328204487,27.1925052579,-9252.98778029,49.0446615631,5.125383844373243,9.583242270364345,-0.30307782597889726,104.84190932361885,2320.4865043200007,189.17044289,143.328204487,27.1925052579,140.128191212,83.7673093221
izu-bonin,33,143.328204487,27.2832030867,-9277.12545766,59.055116431,6.106182984712495,4.497649899235303,0.15169355298990117,130.12934041257222,1440.4729516000007,51.0476844314,143.328204487,27.2832030867,140.591801979,82.6256474507
izu-bonin,34,143.32107457,27.3739005763,-9318.30120376,75.0674525364,6.006478665727901,3.195505047528894,0.3054747439021644,162.14061537189596,1106.1345181699999,98.0886087954,143.32107457,27.3739005763,140.860576347,82.0627902859
izu-bonin,35,143.304287709,27.4674581457,-9197.36030045,80.0743144548,5.7393115885604,2.7704807536204035,0.3488723009402101,167.57283829944288,643.6698040249994,103.096020337,143.304287709,27.4674581457,141.08164756,82.2976244795
izu-bonin,36,143.303632715,27.5675562788,-9297.21251797,90.0857084842,5.155646332465461,2.714196803401236,0.31022848701232103,184.86416787039033,1206.1462083200004,137.130746642,143.303632715,27.5675562788,141.337462896,81.8008565946
izu-bonin,37,143.296195879,27.6636292594,-9285.36593307,101.0968877257,5.577200670367985,2.362690257468925,0.40485573946981146,207.39066565674347,-279.91528931999983,141.135500704,143.296195879,27.6636292594,141.59667476,82.0422774107
izu-bonin,38,143.296195879,27.760869634,-8972.17093426,96.0929842834,6.901976587223855,2.061033508829824,0.540102379280533,195.23377427004482,507.5775864799998,125.121027124,143.296195879,27.760869634,141.915546,82.0385851563
izu-bonin,39,143.297182557,27.8581099663,-9112.88733025,89.086764043,7.727783215000845,2.2524587619373224,0.5486164028603338,176.00584273069705,940.7148906449993,124.120838529,143.297182557,27.8581099663,142.24191516,82.1704296395
izu-bonin,40,143.297182557,27.96420255,-8692.33079153,74.0692291171,5.037448987499477,2.27645238347114,0.37749984091758804,137.99115161508107,-69.25114673999997,141.13296249783,143.297182557,27.96420255,142.574885146,82.5836206401
izu-bonin,41,143.271148558,28.0513737457,-8820.21087653,58.0470631954,7.93796419541792,2.540315417740809,0.5151273851194702,106.1916102242365,25.952538045000438,108.088736186,143.271148558,28.0513737457,142.704743978,84.7051231746
izu-bonin,42,143.251964363,28.1350973426,-8685.47983249,54.0443910493,7.435404137784523,2.6152631705776455,0.4795841728037812,98.02784394954911,-73.90209023999978,86.0713640593,143.251964363,28.1350973426,142.841141285,86.5230098842
izu-bonin,43,143.227809019,28.2176954876,-8476.94473672,54.0372454312,6.444843740085471,2.2640565946380735,0.4800591331580684,96.20640666221927,-43.73914566999974,102.071703198,143.227809019,28.2176954876,142.9347672,88.8118633613
izu-bonin,44,143.193726841,28.2980415687,-8909.24197427,56.0389136257,7.723716857232491,2.840634400156318,0.4622226522107448,108.32033925742508,-3.5048175199999605,96.0678837361,143.193726841,28.2980415687,142.973203858,92.0000841364
izu-bonin,45,143.169489898,28.3806295998,-9239.34101784,65.0517219017,6.439434585416326,3.0833631538626305,0.352424941014006,129.01494417533561,26.40284899499966,97.0782289255,143.169489898,28.3806295998,142.915325412,94.5859003053
izu-bonin,46,143.145215441,28.4632133972,-9290.41345522,72.02547180869999,5.619291820913868,2.9958166596776983,0.30452027007511645,152.30095078082948,168.8305760100002,118.04466147337,143.145215441,28.4632133972,142.771269395,97.2825734257
izu-bonin,47,143.078847919,28.543556711,-9584.96652484,72.0442093854,7.153733532331394,3.160844937827511,0.38711117531905975,157.52126334426598,153.45480080499965,120.075912138,143.078847919,28.543556711,142.558179225,104.428744462
izu-bonin,48,143.070384579,28.6420349058,-9569.59121912,65.03708266940001,6.5304168848640884,3.833538316017724,0.2602171194851269,151.31211374510147,185.50836533999973,121.071728045,143.070384579,28.6420349058,142.349943152,105.815910038
izu-bonin,49,143.005150077,28.7083755483,-9713.22773921,60.016771908500004,7.9567302706131855,3.9975726037696786,0.331191012010217,136.9820486393602,130.99208975000056,98.0295088205,143.005150077,28.7083755483,142.157372998,114.056348519
izu-bonin,50,142.980601386,28.7904287787,-9755.81381482,62.060239433300005,8.720297850073672,3.877236005203366,0.38444523352811416,149.44787226643797,-266.554188735,63.061410502200005,142.980601386,28.7904287787,141.963781214,117.606905936
izu-bonin,51,142.976737004,28.8862503228,-9701.36097344,65.0528336737,5.982229854365789,4.534081644708317,0.13770495575230648,156.67707205671238,-321.37713323000025,53.0434377535,142.976737004,28.8862503228,141.766987698,117.563684562
izu-bonin,52,142.929017386,28.9584556454,-9706.9504103,59.011969315500004,7.155239880921068,4.268732409215794,0.25267108483774986,144.08282510976653,-326.4207330749996,54.0115776795,142.929017386,28.9584556454,141.603018059,123.197611735
izu-bonin,53,142.886257789,29.0242070343,-9754.68550313,57.0103507513,7.318273692579038,4.61515121480865,0.22651690514237466,141.96007068856412,-140.91584943499947,59.0115298726,142.886257789,29.0242070343,141.456330998,128.104608214
izu-bonin,54,142.840392541,29.0907688664,-9847.52518683,62.0343762101,7.621336685213813,4.208986265554204,0.28844102006852496,149.0293340285321,312.2529826500004,103.05910799,142.840392541,29.0907688664,141.29433911,133.858141262
izu-bonin,55,142.815371633,29.1728733793,-9796.42596761,58.0363934559,7.855184796582963,4.4773015900408515,0.2739012313207064,144.0898187622228,270.6175470199996,98.0632023337,142.815371633,29.1728733793,141.11524703,135.355600699
izu-bonin,56,142.770700465,29.2494262981,-9778.58062279,58.0488733168,7.729039117708287,4.404818083996646,0.2739624324278807,142.4522445623501,305.7545225849999,100.08554729,142.770700465,29.2494262981,140.924907881,142.023620717
izu-bonin,57,142.765210307,29.3370685707,-9640.61882602,59.0500335173,6.492766459836523,4.462254120146386,0.18534993383766926,139.50906956344554,248.74683895999988,101.087042229,142.765210307,29.3370685707,140.747028947,139.44418502
izu-bonin,58,142.720430128,29.4136049679,-9803.08131392,62.039992642499996,8.183354192799655,3.9173831973326996,0.35253810226025367,147.92812601778627,732.6154938200007,120.079921784,142.720430128,29.4136049679,140.562047292,148.541029978
izu-bonin,59,142.695234469,29.4956872921,-9780.4797478,68.0582919707,5.004187635120611,4.450492466499928,0.05856307803854509,149.7354575682414,372.27739334000034,100.08720281,142.695234469,29.4956872921,140.384108357,153.57543528
izu-bonin,60,142.66999823,29.577764914,-9663.14693182,66.0599254127,5.131211316372803,4.279462809671687,0.09050876645955273,152.88731126584346,780.6500472750004,119.109898976,142.66999823,29.577764914,140.199027197,160.188203772
izu-bonin,61,142.654425785,29.6449582989,-9746.33011577,61.0541560635,6.9869790201689455,4.242241284191464,0.24442816701277775,148.0299527478369,389.6755464550006,103.092783989,142.654425785,29.6449582989,140.054551144,165.266787329
izu-bonin,62,142.63057163,29.7118142424,-9698.66917266,64.0567313539,5.681055491932944,4.424278724732748,0.12436765971852004,145.97381281219077,482.18176309000046,108.097353401,142.63057163,29.7118142424,139.902492485,174.542902714
izu-bonin,63,142.609508455,29.7956189268,-9713.61869203,56.0488278387,7.933168940238694,4.426828919001912,0.2836845168719317,133.87914812355234,546.4487159400005,110.09754146496,142.609508455,29.7956189268,139.725763882,185.204916493
izu-bonin,64,142.578055338,29.878905966,-9412.18089783,49.0430350531,9.969580032051093,4.021921167322156,0.42509083049611307,113.94717883006506,497.0126935449998,104.09270370389,142.578055338,29.878905966,139.545590339,189.771748894
izu-bonin,65,142.556913208,29.9627024606,-9294.62663017,47.0505179501,11.181932309291847,3.877290962078828,0.48506096334330784,109.9497407323969,497.36637558999973,110.11885287,142.556913208,29.9627024606,139.365071666,327.497704047
izu-bonin,66,142.556479926,30.047530135,-9569.71370118,58.061436415100005,7.909865270208956,3.872268243226518,0.34268810673196504,125.22132828957041,534.906293045,104.110868967,142.556479926,30.047530135,139.196869687,419.108527085
izu-bonin,67,142.528956115,30.1384251976,-9565.063845,55.0406157653,7.932796301718315,3.8780706993449727,0.343304653418611,118.4836610316204,77.33723969499988,67.0501451338,142.528956115,30.1384251976,138.995549046,417.114066999
izu-bonin,68,142.481571517,30.2254395903,-9587.59638964,56.02880826890001,8.021507339911485,4.139001587309198,0.319271650211242,127.4447351107735,-694.2131624099993,46.0240028899,142.481571517,30.2254395903,138.782758139,437.75660575
izu-bonin,69,142.436376259,30.3056256718,-9596.42563162,52.0295743744,10.936415212318494,4.071939408616866,0.45737697283127066,116.39690571772218,-698.2257742400006,49.0281785442,142.436376259,30.3056256718,138.588050129,455.691845562
izu-bonin,70,142.395999044,30.3873490912,-9569.01806509,50.0449258987,11.158011149621135,3.9643348431700858,0.47569843395199757,109.06153700663903,170.88598419000027,68.0615963969,142.395999044,30.3873490912,138.391339578,466.53356223
izu-bonin,71,142.380033726,30.4768291585,-9309.12068047,54.06092510079999,7.304325666163315,3.6670526045695633,0.3315238041966432,114.45237291181026,60.52471528000024,70.0791524059,142.380033726,30.4768291585,138.206919511,462.842923377
izu-bonin,72,142.378741473,30.5709682867,-9335.46378102,67.0474886625,6.481801227610033,3.1791537882699723,0.34185517207267796,140.04819744511633,-220.2518271150002,60.0430294589,142.378741473,30.5709682867,138.019830352,453.042460104
izu-bonin,73,142.303878384,30.6417851184,-9443.36380962,64.0328911238,13.231020184420494,2.793672373154643,0.6513290519468934,138.06937202113784,153.05219918249986,90.0474334172,142.303878384,30.6417851184,137.819780479,469.644641058
izu-bonin,74,142.290295316,30.72399182,-9227.38744914,53.059585408000004,6.0150193369661356,3.9556110121810275,0.2065474551427192,119.85622570389533,-67.3185557350007,58.0653944856,142.290295316,30.72399182,137.646692544,462.866951861
izu-bonin,75,142.282534481,30.8026534132,-9413.71736482,68.0733502601,5.003360371795177,3.7246514076801547,0.14650632886655995,147.08986525416955,645.523413885001,104.113182461,142.282534481,30.8026534132,137.492568803,456.485139457
izu-bonin,76,142.25768904,30.8877441801,-9714.67413502,76.0748991282,6.130049698967965,3.3867414407136205,0.2882597945031849,160.210007911767,86.88328180499957,95.0946564101,142.25768904,30.8877441801,137.314282766,453.127494428
izu-bonin,77,142.232799533,30.9728302335,-9646.28224554,71.0794096935,7.2774197771659725,3.2814847735970343,0.3784421939187038,149.36073167175044,123.76102082000034,95.10681148584,142.232799533,30.9728302335,137.136364563,450.200482095
izu-bonin,78,142.228773976,31.0595585673,-9668.26322247,76.0900089772,5.704568821318792,3.3349271425555185,0.2621431203944749,158.57005238138433,90.1328342099996,103.122179061,142.228773976,31.0595585673,136.960542575,450.496310343
izu-bonin,79,142.22474117,31.1462867751,-9653.07488834,71.08318503219999,5.987734243236576,3.682632852248623,0.23836751678890608,157.0160636708952,-316.1417785650001,67.0786740566,142.22474117,31.1462867751,136.781383517,453.731985132
izu-bonin,80,142.211451118,31.2309539385,-9660.22397581,68.079195651,6.740590554961387,3.6886214873438283,0.292636591838147,155.8210118214903,-311.2097181025001,75.08761717559,142.211451118,31.2309539385,136.607349492,461.128194092
izu-bonin,81,142.203017151,31.3189522859,-9639.09247056,66.0793652602,7.267294677855632,3.6483149889061717,0.3315416911589747,155.5697910563408,-98.57250909749928,82.09871731599,142.203017151,31.3189522859,136.434400735,469.83539061
izu-bonin,82,142.203017151,31.413942512,-9677.38979878,66.0702475003,7.274924835567685,3.9061878849692167,0.3012881664640535,157.92330749167274,333.5942048850002,91.0977168626,142.203017151,31.413942512,136.243796899,479.370553299
izu-bonin,83,142.154447731,31.5062025339,-9663.2175998,59.0621987618,10.89549738887339,3.754389807258682,0.48745136983035164,142.40563347984505,144.0916295775005,96.10211138549,142.154447731,31.5062025339,136.038177922,495.750771819
izu-bonin,84,142.151167612,31.6025593937,-9449.91650935,56.0686710298,10.149980431151462,3.74739209971323,0.4607049510415523,132.7397279598062,239.07739890999983,93.11408565693,142.151167612,31.6025593937,135.839456505,502.843113455
izu-bonin,85,142.151167612,31.6982317432,-9466.85608053,75.089701553,4.877552336954742,3.6337022261687957,0.14614180571864682,157.82202829996257,-11.40694411000095,94.1129437221,142.151167612,31.6982317432,135.652805599,502.210096097
izu-bonin,86,142.126780785,31.7925326919,-9459.05416658,64.07191291160001,7.964369476786821,3.3806064948604218,0.4040346135048585,143.7549665977864,93.58283891999963,106.120112036,142.126780785,31.7925326919,135.455351029,510.115563941
izu-bonin,87,142.107624425,31.8871731551,-9533.97251174,65.0790610872,9.139077163183277,3.2609503543856544,0.4740414326072439,149.35346410966545,54.59334335499989,86.1048920114,142.107624425,31.8871731551,135.249667326,532.093076525
izu-bonin,88,142.104266332,31.9830156191,-9517.57762253,58.0712245128,10.222311603898358,3.599491724191296,0.47915743861350535,141.14051027293516,176.3231979250004,97.1194874454,142.104266332,31.9830156191,135.061861631,573.057877244
izu-bonin,89,142.086837088,32.0790404882,-9507.75806146,65.0796449293,7.181624443765522,3.4414974442845065,0.3520741867499696,149.6787859517681,246.56615942000008,108.132927636,142.086837088,32.0790404882,134.903635451,630.173722019
izu-bonin,90,142.085993373,32.1279948066,-9525.2010101,74.08715652469999,6.60965351508122,3.183526671663223,0.34984823908942575,168.03248216330968,21.17041674000029,87.10191917054,142.085993373,32.1279948066,134.833378757,655.897702643
izu-bonin,91,142.115820052,32.2300048679,-9439.51564075,96.1041661924,3.342815072503215,3.0759705106982405,0.04157243739428387,204.82886145512774,41.25625109499924,91.0975254683,142.115820052,32.2300048679,134.707049203,701.420523781
izu-bonin,92,142.145713765,32.3320079085,-9516.85834975,86.1055687688,3.4361744284638527,3.7705125664610213,-0.04639276525158061,192.13433261294057,-178.45418578000044,57.069690048839995,142.145713765,32.3320079085,134.590033328,737.1781901
izu-bonin,93,142.138015547,32.3775529506,-9507.62788628,90.1083918278,3.3907996156168307,3.390769703726952,4.410762239568138e-06,202.1965746217846,197.66859057999955,90.109177713,142.138015547,32.3775529506,134.526972899,749.144454355
izu-bonin,94,142.118600018,32.4781925546,-9417.84325552,95.1139615419,3.1992084249997315,2.8798269141847457,0.05253818953087907,197.11874986611645,497.43606349999936,92.11120463796,142.118600018,32.4781925546,134.387448195,770.440857762
izu-bonin,95,142.10043984,32.5639195137,-9438.4721437,72.064244557,3.48017756898399,5.458919057343178,-0.2213581048594392,155.817157623789,-930.5083951249999,51.0462763374,142.10043984,32.5639195137,134.267114359,784.950213644
izu-bonin,96,142.044284371,32.6435761875,-9447.78603071,37.0374629726,6.901904033120967,10.067078143530548,-0.18652704549155014,82.88397530338791,-71.15622942499976,24.0244427454,142.044284371,32.6435761875,134.138874697,796.345345874
izu-bonin,97,142.038161922,32.7306366766,-9154.01993742,31.0404022407,7.796731746035967,9.439972998971388,-0.09533384003757386,58.66101722886106,290.7536370149992,23.0299870385,142.038161922,32.7306366766,134.022155545,806.45366558
izu-bonin,98,142.038161922,32.817498552,-8694.60685521,53.067461196000004,2.8905872748243557,7.289482027300336,-0.43210852715490683,86.67060819919679,496.39134010999896,26.0330014198,142.038161922,32.817498552,133.909858323,813.833493972
izu-bonin,99,142.061864143,32.903961113,-9184.87193102,55.06299797530001,3.6860330756096658,7.543488339440832,-0.34351021038716456,115.474412560786,-336.4680415900002,29.0330066209,142.061864143,32.903961113,133.807572612,817.611403651
izu-bonin,100,142.08794867,32.9894982185,-9257.35743013,82.1018451533,3.32433880443636,3.49018420258222,-0.02433705161389114,181.77485529962019,925.6707241800004,93.11457711288999,142.08794867,32.9894982185,133.708795467,818.724186137
izu-bonin,101,142.095659538,33.0772800497,-9256.4414178,83.1104566452,3.217242007168009,3.6286693055494537,-0.06009825129010178,183.57945429054743,228.49817186249948,76.10113280672999,142.095659538,33.0772800497,133.597811374,816.39310737
izu-bonin,102,142.08794867,33.1640392829,-9259.97923517,77.1019395882,4.342395809063915,3.259515424547841,0.1424484384569149,175.12398694849935,1849.0605523775007,137.18205142421,142.08794867,33.1640392829,133.482230074,811.650599942
izu-bonin,103,142.08128888,33.260240369,-9240.05085623,77.085133736,4.6227970995663465,3.1190135208538363,0.19424184502086064,178.46415220973628,255.88528724500065,80.0893732308,142.08128888,33.260240369,133.353120654,804.500451508
izu-bonin,104,142.022754507,33.3526184557,-9216.44624384,105.0954556211,4.306162327003602,2.989375929989313,0.18049201452026153,274.82124610547777,-291.5928833600001,103.095734655,142.022754507,33.3526184557,133.201765725,809.36986356
izu-bonin,105,141.992058461,33.4429162867,-9277.25454609,73.0918887692,6.020914559155141,2.9572688167724834,0.3412322531300629,172.46401306789198,557.6915580850009,100.126731065,141.992058461,33.4429162867,133.070150012,812.094698588
izu-bonin,106,141.982055009,33.5381232189,-9272.80760714,92.1045334751,5.209284404583672,2.9191468221281442,0.281744105176117,234.19734364645302,-19.688055239999812,90.1032700314,141.982055009,33.5381232189,132.940958884,812.663899869
izu-bonin,107,141.930474458,33.6234892511,-9259.57123516,124.12678167799999,4.634834365966103,2.5529737345378125,0.28963775914973827,345.0779691755384,-460.70396790500035,103.10681305,141.930474458,33.6234892511,132.797864161,826.558516224
izu-bonin,108,141.92641024,33.6670972287,-9300.00440973,98.1226684378,3.392039380106203,2.653195772353516,0.12221916751279098,220.00321743268236,290.12812899000073,90.1117505893,141.92641024,33.6670972287,132.742327092,828.254792829
izu-bonin,109,141.960174804,33.7468720953,-9260.62898035,94.0975385456,2.5865990989266496,3.6453951427791336,-0.16989682640699566,234.64640574675718,271.1182208075006,85.08633887908,141.960174804,33.7468720953,132.658662317,820.477975451
izu-bonin,110,141.994002239,33.8266377537,-9233.36699452,83.1143022708,3.5613307321491705,3.3134313502737687,0.0360593397856224,203.90380860476924,540.5092890325004,87.1200325512,141.994002239,33.8266377537,132.57234799,810.926283134
izu-bonin,111,141.952878746,33.8705435413,-9235.21250325,85.0989097845,3.2497065840781536,3.6548256325313493,-0.05867436572728904,204.99747582594563,535.4831152300003,95.1121944544,141.952878746,33.8705435413,132.493321954,825.71184751
izu-bonin,112,141.950540869,33.9559002331,-9249.30176852,93.1295931185,2.7722149016787236,3.671019509646392,-0.1394958728162771,208.9144714051373,583.7673156925002,94.1310479471,141.950540869,33.9559002331,132.379984991,828.284673911
izu-bonin,113,141.950540869,34.0405112225,-9237.5705104,96.1344107292,2.6623355597152716,3.887930099531527,-0.1871060814283346,211.86933126654586,512.2724244350011,92.1287977417,141.950540869,34.0405112225,132.271977318,828.711536891
japan,0,144.602697631,40.704691338,-7443.22829004,54.0782676227,2.553459300999943,2.5534993368081866,-7.839462013134028e-06,79.48402618591537,-517.8877338299999,49.07031961515,144.602697631,40.704691338,132.474718807,892.663552407
japan,1,144.540882309,40.6028191448,-7436.45585099,54.0778427864,2.5442072997915113,2.5442471078326365,-7.823208765632071e-06,86.30615442164455,86.63566902000002,120.16876175935,144.540882309,40.6028191448,132.585571741,918.643486852
japan,2,144.479255155,40.5009140982,-7599.14886653,53.0751195397,4.167439344830176,2.331727015944158,0.2824535066474748,88.4583053219007,76.04991002000042,133.183842692,144.479255155,40.5009140982,132.69367525,965.314301803
japan,3,144.450158035,40.4552622986,-7598.50786149,51.0760022744,4.387776818030315,2.396656561266056,0.29348364785192466,86.21058063422905,75.70015328999943,133.193932604,144.450158035,40.4552622986,132.747243603,995.782482487
japan,4,144.404601104,40.3653833125,-7595.89811696,46.0789906244,5.523929749628422,2.4228088629461584,0.39023818925856985,76.3646123977061,81.01296126999932,125.212328101,144.404601104,40.3653833125,132.849533079,1047.83399936
japan,5,144.391438477,40.2777976382,-7573.53122304,43.078170236,5.2295118511207495,2.529990641229193,0.3478987489923486,69.30371445064796,144.66517144000045,125.22587023,144.391438477,40.2777976382,132.942117431,1054.02003375
japan,6,144.373161907,40.1926971905,-7488.55265562,44.0772812399,4.751388833964472,2.4617631038389662,0.31742374898909265,71.18277560329221,74.87498930499987,131.2279068,144.373161907,40.1926971905,133.029003455,1075.98309034
japan,7,144.351081005,40.1262028246,-7556.98278106,45.074330892199995,5.118296128634242,2.564286005971554,0.33244162937852373,72.1976979326901,-40.99560757499967,109.178039167,144.351081005,40.1262028246,133.089506744,1110.12532352
japan,8,144.323280224,40.0608424651,-7551.03179423,42.0698805179,5.848613791535446,2.629110242316267,0.3797603621400792,68.85063664239459,31.24064671999986,138.226439463,144.323280224,40.0608424651,133.146414413,1157.47749351
japan,9,144.303260482,39.9933906501,-7504.34067232,45.0815857745,6.645813866101242,2.1587963046125123,0.5096213772659266,71.42410417521961,-21.220489889999953,115.207646129,144.303260482,39.9933906501,133.207932351,1192.91297617
japan,10,144.303260482,39.9228229287,-7469.61857974,43.0791452265,6.883665792206119,2.095120683634044,0.533317628329501,66.37884099456927,34.21580665000056,111.204169366,144.303260482,39.9228229287,133.277317868,1191.61949448
japan,11,144.300400552,39.8406241572,-7400.45756943,45.079733248699995,5.681522126341836,2.0719126910952887,0.46554972347593593,70.43095839405129,-8.347199685000305,134.235769293,144.300400552,39.8406241572,133.370450661,1195.5009105
japan,12,144.271766603,39.7653572045,-7475.954449,44.074675163500004,6.011610932288581,2.010444193820866,0.49877078573607475,66.1142936010734,33.0875648199999,113.190173756,144.271766603,39.7653572045,133.448511067,1252.22072733
japan,13,144.248017425,39.662493631,-7468.72440247,34.05914867685,8.172757785460524,2.530254020216434,0.5271884089907537,53.198809239793626,19.75214460999996,120.207248543,144.248017425,39.662493631,133.555581266,1300.08449662
japan,14,144.224346399,39.5575893245,-7494.16717593,39.06977344846,7.5847778038243305,2.287608380331519,0.5365642434039114,60.00202124842822,-7.338204210000185,118.210330997,144.224346399,39.5575893245,133.675055247,1344.79814329
japan,15,144.224346399,39.4666873042,-7499.60584257,39.07035922332,9.119039576721557,2.3720164316155556,0.5871543172542915,61.0109452550113,-76.02951891000066,114.20585140652,144.224346399,39.4666873042,133.786527759,1333.9507515
japan,16,144.231957926,39.3716086019,-7460.05282689,42.07545778084,7.689589638421837,2.108888706350972,0.5695477129923954,62.42899011781626,-42.96645283000089,112.201406861,144.231957926,39.3716086019,133.896440088,1298.2750463
japan,17,144.231957926,39.2890605822,-7473.50824119,33.058350350219996,7.188286945004681,2.7078281684256806,0.45274925819106676,50.716830001329456,22.395855359999587,106.186772686,144.231957926,39.2890605822,133.988810346,1274.79046238
japan,18,144.211886627,39.2061823792,-7464.21887608,33.05751622087,6.89094445515091,2.594868044819919,0.45289493233649764,47.74442759657675,94.15495861499949,109.189058887,144.211886627,39.2061823792,134.0676029,1288.38592259
japan,19,144.211467452,39.1633049997,-7417.89627984,34.05999011099,6.082683675903143,2.542351208750011,0.41047166933232665,48.32494717205518,58.59695547249976,107.18820130784,144.211467452,39.1633049997,134.115086982,1269.78400789
japan,20,144.196402173,39.0584757863,-7368.14281651,32.0557159853,4.416326028111993,3.0248891271187777,0.18699054817882949,47.25523509345698,161.7303141600005,113.19578316077,144.196402173,39.0584757863,134.221437109,1244.65991296
japan,21,144.181381563,38.9536446405,-7518.55315983,38.0645443971,4.974549846971189,2.591527326068483,0.31496143462482373,56.759063589270944,6.655035110000426,94.1588060577,144.181381563,38.9536446405,134.31719277,1203.15911842
japan,22,144.163940694,38.9001762525,-7633.13251568,39.0643321078,5.8213007828029975,2.594423648949037,0.3834342676049542,58.48494293804896,8.094929304999823,90.1475008106,144.163940694,38.9001762525,134.364868778,1196.78679924
japan,23,144.140599174,38.8000840062,-7601.91334426,36.0600303231,4.851923225291862,3.0919977291866343,0.22154368179016748,57.40768684846507,-10.062438435000331,85.1409196196,144.140599174,38.8000840062,134.470800265,1152.85655203
japan,24,144.117349808,38.7001075526,-7602.22203253,37.062688552699996,4.2161192190422865,3.2147255615138293,0.13476175146986638,59.745600806170586,20.48543572000017,97.1634688216,144.117349808,38.7001075526,134.581795135,1093.14624081
japan,25,144.106717947,38.61206852,-7613.07044407,37.0635264861,4.561406163430672,3.1135757078768567,0.18864285021524874,59.490072744840944,1.4990258399993763,90.1540291297,144.106717947,38.61206852,134.677386736,1009.42458596
japan,26,144.09639472,38.5243273008,-7603.71892165,38.0653697217,4.035802001277523,3.268946229285286,0.10498045213710991,59.828683682691384,6.680270800000471,87.1492938949,144.09639472,38.5243273008,134.772123656,918.147634287
japan,27,144.090322134,38.4315492515,-7543.42217054,36.0619594094,4.773829588537415,3.042082562757619,0.22156684878972951,57.30049377101157,66.53375619500002,97.1666497749,144.090322134,38.4315492515,134.879450143,811.162904759
japan,28,144.085675592,38.341779337,-7488.23356878,30.047114643,4.140972486918518,3.168931077723586,0.13297595523649336,43.24264351785986,243.16804589000003,84.1308364521,144.085675592,38.341779337,134.982089118,713.08930343
japan,29,144.03495348,38.249825549,-7426.03505094,27.0398322991,4.150132393150159,2.855864421767925,0.18473716240154567,37.415326708039906,246.6238657849999,74.1081381339,144.03495348,38.249825549,135.082277049,674.301180052
japan,30,144.012693732,38.1547915645,-7512.90658262,37.0619063091,4.064634133021502,2.7738383830125914,0.1887549810257182,54.85729900359661,124.82296743500046,84.1400504627,144.012693732,38.1547915645,135.211090772,603.061722849
japan,31,144.010900883,38.0762686148,-7564.33428672,34.0572505119,4.456460190325934,3.1227379633976446,0.17597141542909078,49.643466970948694,143.14277459999994,107.179577877,144.010900883,38.0762686148,135.327516838,545.068862455
japan,32,143.997465487,37.997146257,-7540.4505067,25.040760195300003,4.9856651444795155,3.921102543089727,0.11952288851942873,34.60249145760077,138.59592330499981,85.1378506518,143.997465487,37.997146257,135.433137293,507.751281706
japan,33,143.987825923,37.9572634825,-7512.08971422,21.03184226623,5.0035119430356,3.756822819799139,0.14231067156536922,26.743937946372142,150.40439120000065,81.1217293803,143.987825923,37.9572634825,135.488450491,494.107981515
japan,34,143.960324775,37.8837421136,-7449.90878823,20.02922949458,5.496422235420088,3.6705479241518795,0.1991796939975491,26.22748238860752,-236.0877871800003,59.0855967429,143.960324775,37.8837421136,135.587054698,477.645540139
japan,35,143.932878487,37.81021436,-7435.45568693,27.036879927900003,4.42823278864976,3.047627577589611,0.18467509335713336,35.988808698977444,-378.20308947000103,49.0664367233,143.932878487,37.81021436,135.684203401,466.596730082
japan,36,143.894475287,37.7371565276,-7516.8644975,30.037823673000002,4.642510248653739,3.0987972663984147,0.19941243507685721,42.57429918009129,-467.415124485,44.0550368919,143.894475287,37.7371565276,135.783106974,461.258368508
japan,37,143.856147813,37.664086261,-7539.63073092,33.0460780073,4.38052889233911,2.8505702458584494,0.21158037211781633,47.503725858132526,-538.7741546099996,44.06109179832,143.856147813,37.664086261,135.892859435,456.86858726
japan,38,143.847177312,37.6226324978,-7518.90509235,32.032966809,4.1526548601361855,2.8439671473921724,0.18704565022033012,46.69211423424395,-46.675764519999575,82.0824578146,143.847177312,37.6226324978,135.952396313,449.905921917
japan,39,143.781628807,37.5545815749,-7596.77328224,38.0434881801,4.533864155319186,2.3612309486768606,0.31509836686417536,55.589096336366005,-92.15964734499994,83.0932694205,143.781628807,37.5545815749,136.044952422,453.337635076
japan,40,143.758783609,37.474192293,-7789.04778315,41.0626079638,4.519495515779774,2.8960393980163723,0.21892636696282844,62.95740715889755,-70.98426514499988,86.1303581975,143.758783609,37.474192293,136.146362866,440.275278473
japan,41,143.731288443,37.3699313784,-7817.03290551,43.0577794677,3.9685297809273563,2.859570135195755,0.1624111626007446,65.93714150066458,593.4555684050001,87.1153486362,143.731288443,37.3699313784,136.28374855,434.673849761
japan,42,143.67334204,37.2774640798,-7767.74754455,43.049247888400004,3.2478595348121604,3.100562013752931,0.023202227503704858,65.65848104166923,3801.89128645,110.122569253,143.67334204,37.2774640798,136.407758899,451.963870068
japan,43,143.633795392,37.2010936984,-7776.44363627,48.0531171504,2.9478437444699637,2.7124215432225105,0.04159207904254042,67.34937240416482,3338.29826266,102.10988372,143.633795392,37.2010936984,136.504164601,475.131049913
japan,44,143.583667202,37.127694823,-7752.76048004,41.0346639646,3.2793034307838846,2.567534683273757,0.12173566868540646,55.18538539235307,3254.9266355000004,98.0796152397,143.583667202,37.127694823,136.596102541,510.368846718
japan,45,143.5231791,37.0576286951,-7698.4989622,46.042107901099996,2.36933733781359,2.369373948080285,-7.725785448057117e-06,61.946307944012304,3092.0022875000004,98.0864624217,143.5231791,37.0576286951,136.684406964,558.438903287
japan,46,143.46292813,36.9599126826,-7702.47166199,43.047355607200004,3.5570150465780817,2.109644952238983,0.255418552487928,59.8911287662101,1785.7627591450005,96.103379461,143.46292813,36.9599126826,136.813335984,607.719815399
japan,47,143.408,36.8604,-7664.6949195,35.030370552899996,2.8130565104099268,2.65703791568051,0.028522102650598256,47.04652940732054,1243.2234075499991,71.0599011778,143.408,36.8604,136.940387498,644.312164936
japan,48,143.343525813,36.797975056,-7636.32186185,35.0205808325,3.3483882728672087,2.23370253874491,0.19968964528550462,46.802758595616815,187.68242818,75.0420575857,143.343525813,36.797975056,137.017950463,693.712675098
japan,49,143.289182025,36.7314752516,-7669.07877278,37.0375844963,3.723621955039215,2.0189928243177273,0.2968384953922283,48.61113139382916,170.07723150499987,97.0959961153,143.289182025,36.7314752516,137.10730366,725.172113532
japan,50,143.256038374,36.6583969653,-7654.11163384,27.0228483363,3.6627213079439556,3.401767625148682,0.0369387913643507,36.60950622637094,2293.46052604,78.0639430717,143.256038374,36.6583969653,137.203327842,722.613196471
japan,51,143.19076011,36.5978814909,-7658.82715777,37.0103683882,2.7659787263819267,2.6206532627817527,0.026978910735414276,47.881017206902726,2231.77357411,70.0174294334,143.19076011,36.5978814909,137.283452192,754.48170285
japan,52,143.118340224,36.5368779515,-7785.06030659,31.0135942935,5.16303345438285,2.845076197768915,0.2894512384693813,43.52254548682508,822.1270754899997,72.0296565767,143.118340224,36.5368779515,137.364430784,790.559777767
japan,53,143.041995811,36.4498424947,-7892.33461927,37.0197936004,4.496229484371582,2.7404163362031375,0.24262803399558963,51.97532325224105,811.0015550800008,62.0318451521,143.041995811,36.4498424947,137.476771336,805.181322757
japan,54,143.004867972,36.4148560652,-7950.32549815,44.0343225078,4.208890496632357,2.4080340603293244,0.2721591308470258,62.75151627405758,589.9635126849998,62.047275069200005,143.004867972,36.4148560652,137.53153,819.413414313
japan,55,142.95242688,36.331959897,-7992.20026564,42.0406377862,4.446831763870043,2.7399641250862556,0.23750050302759707,64.67638038378908,1661.00204885,60.0571383488,142.95242688,36.331959897,137.607314236,803.996304099
japan,56,142.900097282,36.2490408688,-7984.61022497,30.0250432116,3.9974644559300225,5.221501327319665,-0.13277377312904712,45.922634329432604,-412.6201487449998,22.0181732159,142.900097282,36.2490408688,137.538726702,789.358677702
japan,57,142.848030656,36.1862731072,-7958.73148442,21.01383061248,4.671082230964226,9.280956063833113,-0.3304086281491853,34.17916492887165,1599.660284875,20.0129709862,142.848030656,36.1862731072,136.983181253,803.874393667
japan,58,142.796047429,36.1234828351,-7997.26611261,27.015715177300002,4.216645521747107,6.121069616148947,-0.18422098781002313,43.4309751126882,-392.87278631499976,21.0120121278,142.796047429,36.1234828351,135.800812685,824.41634212
japan,59,142.775221051,36.1030782403,-8018.57331559,46.0074456488,4.880988783130453,2.3662026193507972,0.3470014829356733,71.95971920621987,-136.9174527999994,79.0104985186,142.775221051,36.1030782403,135.475204511,839.21328507
japan,60,142.707783166,36.0481045098,-8025.84650766,44.99791371159,9.452565880493987,2.061699999849808,0.641887720628482,62.80071359606218,-182.25848550000046,81.9940667626,142.707783166,36.0481045098,135.397532973,900.527639678
japan,63,142.667322614,35.9041582925,-7439.0819997,17.0010585478,4.295124182116167,3.009436660532091,0.17601161100301715,20.95984053352244,581.0164406200001,19.001327569700003,142.667322614,35.9041582925,134.890790557,810.248467612
japan,73,142.373836489,35.5976129182,-7498.38130693,26.03284402543,13.191190493463878,1.7511124645604275,0.7656167901989904,30.555680433431604,160.07562437999968,98.12230779541,142.373836489,35.5976129182,131.165013894,1154.34490527
japan,74,142.339379042,35.4959964512,-7569.05438424,22.019522257600002,4.0123448675582045,4.8113905702334945,-0.09055639851269903,28.561292438643537,232.0248037099991,97.0831478929,142.339379042,35.4959964512,130.708906248,1173.26839182
japan,75,142.263075792,35.4220346849,-7262.05549034,242.1236621095,3.1954288717519628,0.7507504986919215,0.6195051323237374,532.0918115380616,973.2651049599999,212.1034487423,142.263075792,35.4220346849,130.691637219,1274.25374045
japan,76,142.242037896,35.3776673424,-8047.54443926,40.04932275929,9.09494097066117,2.2918220000731075,0.5974585567534091,58.0872308774703,280.64910167500057,98.11940046712,142.242037896,35.3776673424,130.725871148,1292.65060785
japan,77,142.205495561,35.2703609431,-8372.30611781,43.0547427193,7.0495366627120175,3.067397465164381,0.39361126080431547,74.15423303599495,49.2335528600006,67.0846974947,142.205495561,35.2703609431,130.834574422,1306.8272059
japan,78,142.169049911,35.1630435855,-8265.50249903,37.0498246055,8.51246160456346,3.172936305360274,0.45693996390731684,66.44720111799666,78.13819241750025,66.08841960899001,142.169049911,35.1630435855,130.958058065,1302.82763652
japan,79,142.163678845,35.1119655429,-8373.98878141,38.0505585612,8.429617546965535,3.455109161500966,0.4185631279111201,69.26287409404672,64.62095564500032,63.0833844814,142.163678845,35.1119655429,130.998147904,1274.69353227
japan,80,142.141644917,35.0638093988,-8358.35639159,41.0580889518,6.968651528341827,3.2480225292442153,0.3641722323846659,70.70990511013873,93.70145821000006,63.0889789236,142.141644917,35.0638093988,131.044554148,1268.66834194
japan,81,142.139785924,34.97113301,-8231.93737139,40.058193277499996,6.065069441104374,3.2744956717434417,0.2987905470589981,68.93630866396417,32.330562344999635,59.0857118883,142.139785924,34.97113301,131.157582087,1192.82806582
japan,82,142.130617607,34.9250679287,-8131.50487064,37.0510175726,6.670625480594152,3.213086671123162,0.34982188436864137,66.72784421322052,13.925021890000608,59.081048322479994,142.130617607,34.9250679287,131.210080658,1163.41940737
japan,83,142.113917561,34.8463728711,-8722.97813299,42.0575148518,7.041581160809627,4.346891459434951,0.23661554900562295,76.3865559183922,5.761145267500069,59.08046436278,142.113917561,34.8463728711,131.304100793,1111.91243512
japan,84,142.097249423,34.7676755354,-8358.35475975,47.067520484300005,5.156335372798239,3.205810130548835,0.23325655377183727,83.0328370422025,-48.56515983499958,56.0803259025,142.097249423,34.7676755354,131.401014865,1058.74894713
japan,85,142.099572342,34.6850846683,-9040.36133987,50.0722782415,6.482760836554745,4.332100672093685,0.19886155386652152,101.86459730466994,26.88453054999991,55.07954097224,142.099572342,34.6850846683,131.509220389,990.394141356
japan,86,142.101890632,34.6024937572,-9054.2877598,46.065712283699995,5.459229846516117,5.952118943048912,-0.04319288680261106,103.57763101063135,457.7178178175009,90.12820018209,142.101890632,34.6024937572,131.617605338,931.409655796
japan,87,142.089088256,34.5518624445,-8870.40948419,51.0495316632,5.122337429907955,4.55579269182169,0.05853865684387123,108.3729457178347,52.858598320000056,53.05079106127,142.089088256,34.5518624445,131.67717712,906.299880082
japan,88,142.033859993,34.470848099,-9222.61032674,58.0628482571,6.275230572585257,4.133159702236083,0.2058023204155787,137.55027661512378,598.4150700200007,101.107441348,142.033859993,34.470848099,131.750752677,880.557562716
japan,89,142.016818951,34.3854034198,-9243.36317386,66.0887113335,5.691031520120501,3.7062319630826095,0.21121037635962522,155.80743772929145,425.8613098400001,100.13347970871,142.016818951,34.3854034198,131.855205395,847.909052962
kermadec,1,180.528,-36.7451478305,-5363.76660956,16.012878223370002,2.362171564619888,3.0359379675975373,-0.1248152522575585,16.809357033077195,133.40754737499992,61.0504553466,-179.472,-36.7451478305,126.516645472,328.331872952
kermadec,6,180.783,-36.3518970753,-5996.53055769,13.01195645014,3.9129779874904767,2.4479199163932486,0.23032252572435077,12.896805489549875,610.1540466850001,68.0639407028,-179.217,-36.3518970753,126.263427021,392.985850015
kermadec,7,180.839,-36.26250806,-6069.77671423,7.00466052236,6.065871113627465,2.433982830821179,0.42728831654552324,5.883126926368189,491.2083161850005,51.0348650151,-179.161,-36.26250806,126.201865108,409.023188035
kermadec,8,180.922,-36.1841204831,-6351.15405111,5.0045052413899995,3.0187077279211,4.5228310296482865,-0.19944514641889355,3.363746818044826,497.09970548,26.0236499263,-179.078,-36.1841204831,126.145737015,428.471318827
kermadec,10,181.019,-36.0299865927,-6398.42890402,4.0040492438,0.7862446648003808,2.357547970808043,-0.4998113705751986,2.0662635164139993,-376.9114495900003,15.0152573482,-178.981,-36.0299865927,126.033124334,453.295454488
kermadec,13,181.156,-35.7960734879,-7482.17263098,42.0631661979,4.168269147635089,1.66977809247079,0.4279669129773924,58.46707695320588,-271.38390787000026,121.182719171,-178.844,-35.7960734879,125.718439279,488.855853273
kermadec,14,181.156,-35.711224332,-7694.00373112,46.06837285185,5.633385924857408,1.7756451920256473,0.5206808652808972,69.29963390709864,-380.94048229999953,93.13870108232,-178.844,-35.711224332,125.547199254,496.142861758
kermadec,15,181.181,-35.619005605,-7704.43077682,49.0721659915,8.631504141120224,1.4492516077724642,0.7124716352875318,74.59406709133873,-319.1517339049997,104.15373773662999,-178.819,-35.619005605,125.343502836,500.681371293
kermadec,16,181.174,-35.5940020834,-7809.7720708,50.0756383196,5.27365675942167,1.6696124463652977,0.519070225601008,75.82873929532153,-147.77701194999918,105.15872071409001,-178.826,-35.5940020834,125.300839927,500.948037513
kermadec,17,181.179004442,-35.5227047723,-7775.31746078,54.08102092807,9.206970775799489,1.382905566425663,0.7388249830809477,84.03837960895076,-209.89131174000067,109.16380143523001,-178.820995558,-35.5227047723,125.161319729,502.736173918
kermadec,18,181.184,-35.4514072549,-7771.65830425,61.03808568295,12.23035458888165,1.3545789367364023,0.8005762878144411,99.41580529262606,-249.57333319999998,151.099861396,-178.816,-35.4514072549,125.022386877,504.575269435
kermadec,21,181.347,-35.3793644214,-7677.10529224,56.0838933188,3.339784572130907,1.583394111346264,0.3567594381002904,84.29132008880875,-48.496022710000034,126.18873344585,-178.653,-35.3793644214,124.736739461,505.052408854
kermadec,22,181.34725032,-35.2755777692,-7591.74587898,57.08495524349999,2.3840802733312336,1.7343479521023244,0.15776220578920255,85.49489789777257,48.078171174999625,132.19670006213,-178.65274968,-35.2755777692,124.534581647,504.417025315
kermadec,23,181.3475,-35.1717911164,-7592.61624873,62.091933641400004,5.016956051276994,1.2069775916200267,0.612149595136679,94.66798090857837,58.115729224999995,154.228293091,-178.6525,-35.1717911164,124.339442714,504.865014603
kermadec,24,181.3475,-35.1717911164,-7592.61624873,80.986447395,4.129089321680329,1.018006515938397,0.6044345984397399,123.20176745310462,-521.9709250474998,111.984751163,-178.6525,-35.1717911164,124.339442714,504.865014603
kermadec,27,181.586,-34.9864300662,-7665.18803161,40.043655907,6.011890136783453,2.0105057965066795,0.4987767212625882,50.86491589293039,-61.12883421999959,110.122362226,-178.414,-34.9864300662,123.765856591,502.773498053
kermadec,28,181.601,-34.9051056565,-7382.88931436,55.073843704,1.6505581017266453,1.4798802847637007,0.054522017650792357,67.98829374542437,-206.14934215999983,61.0823630933,-178.399,-34.9051056565,123.599063129,501.556293392
kermadec,29,181.626,-34.8260636662,-7314.53545196,59.078681447099996,1.5891148315585404,1.4353860113032584,0.05082783184474929,76.53674840638408,-507.8446900550007,57.0764227902,-178.374,-34.8260636662,123.420127092,497.598435948
kermadec,30,181.637,-34.7625672743,-7460.90138132,39.0543144169,3.4634576810367554,2.166260803493237,0.23041949275227697,54.50073831494975,-491.23936482750014,51.071225065140005,-178.363,-34.7625672743,123.287381406,491.435087594
kermadec,31,181.651,-34.6839941944,-7766.87144858,37.0481247067,6.756730960889402,2.5125331478040835,0.45787861510006567,56.432370096009166,282.97692215000006,83.10874240557,-178.349,-34.6839941944,123.123497585,481.872617396
kermadec,32,181.679,-34.6104819564,-7796.69129453,42.024168758399995,3.8383074873426577,2.6121108185756343,0.19009568226637047,62.12132776036922,-326.33309158500015,56.0331681647,-178.321,-34.6104819564,122.958968835,470.509937286
kermadec,34,181.804,-34.4627017014,-7998.06618831,49.0585334098,3.2048765589739356,3.3380873584135715,-0.020359396921880726,80.34697587462693,445.68375364499934,62.074771937,-178.196,-34.4627017014,122.566007327,446.513806475
kermadec,35,181.818,-34.3729226321,-8013.49133242,48.0654158693,3.039170254112442,4.250997026397022,-0.16622756730486066,85.301454497195,-547.7546261400003,50.0684074288,-178.182,-34.3729226321,122.380939786,434.266880012
kermadec,36,181.837,-34.2715903689,-8301.76228239,56.0756510846,3.637186254404962,3.637166759869218,2.679899601469589e-06,95.7005732514235,-502.19670985500034,51.0691444117,-178.163,-34.2715903689,122.16480704,422.353828527
kermadec,37,181.856,-34.1615521743,-8483.58506245,40.054720153299996,8.213633610176286,3.975622828609147,0.3476841104172737,72.6271346206076,-668.07583978,39.053425823,-178.144,-34.1615521743,121.936605429,405.66038554
kermadec,38,181.867,-34.0610974604,-8625.96601337,67.0818431398,4.002573148112608,3.2471039183638237,0.1042072940382662,125.15898930134392,-210.37249830499968,79.0973940928,-178.133,-34.0610974604,121.735894479,386.176341061
kermadec,39,181.915,-33.96618024,-8581.63954491,66.0555239716,3.7451818077750523,3.3181185868075316,0.06046227643030304,123.52505736030537,-355.24275218,77.0663253147,-178.085,-33.96618024,121.510044576,360.734624657
kermadec,40,181.958,-33.9000991696,-8444.93774291,67.05685351919999,3.253476950744756,3.157925569831455,0.014903350804546488,127.9370133641798,-273.723678245,83.0722784007,-178.042,-33.9000991696,121.343987242,340.830234355
kermadec,41,181.977,-33.8547388898,-8403.64709445,69.076040672,3.118096949729343,2.8586672380917615,0.04340638236426049,126.30027746051184,539.5295766050003,142.160339699,-178.023,-33.8547388898,121.238867728,329.28463543
kermadec,42,182.007,-33.7725163138,-8514.01704122,57.065991704300004,3.6357228880194885,3.765165787608648,-0.017490183309394725,110.60419333097654,3392.0434578599998,145.17150627,-177.993,-33.7725163138,121.050656297,311.462222843
kermadec,43,182.033,-33.6876907257,-8623.8475418,62.0676418212,4.035442224486217,3.325033297907636,0.09651671613025545,117.78128094268035,-342.30116571000053,81.0895566954,-177.967,-33.6876907257,120.8661462,294.631266429
kermadec,44,182.072,-33.602471378,-8519.79548366,64.06318238189999,3.650699076542937,3.026104188967289,0.09354699588080759,119.62636808850732,-93.93149381500007,100.100844311,-177.928,-33.602471378,120.669449372,279.191191476
kermadec,45,182.109,-33.5188442656,-8808.49942313,67.0666429908,4.004395483806183,3.4496291047871503,0.07442508036101396,125.67173513813704,298.8839447199998,112.114050776,-177.891,-33.5188442656,120.469613786,267.087626506
kermadec,46,182.143,-33.4410983499,-8810.68667266,68.0597403964,4.338216654700759,3.2285549950788526,0.14664928598105983,128.71589303144475,-159.8944452449996,96.086422686,-177.857,-33.4410983499,120.291287209,256.520374819
kermadec,47,182.187,-33.366437695,-8769.89762919,63.0462138589,4.403761468137627,3.5254432453296043,0.11077002732900273,121.00110931007092,-228.1703311349993,94.0712957651,-177.813,-33.366437695,120.106997973,247.421979681
kermadec,48,182.232,-33.2917614238,-8799.77860899,60.0614234593,4.234281335210355,3.7065306172182955,0.0664605485123785,111.41153483076087,-277.7494444850008,76.0789306538,-177.768,-33.2917614238,119.925821419,240.916186244
kermadec,49,182.252,-33.2064731623,-8592.7972066,62.060898492999996,3.709999898657065,3.261296463171694,0.06436441835154802,114.89872694615913,-78.59279282499938,69.0687465578,-177.748,-33.2064731623,119.741111779,234.289934433
kermadec,50,182.303,-33.1264636185,-8625.93328325,63.068918434699995,3.4105093760419423,3.520214153628704,-0.015828762627323436,117.41485107892868,-34.19758834999993,66.0729826837,-177.697,-33.1264636185,119.539941901,227.710049971
kermadec,51,182.309,-33.0407773993,-8596.80616462,68.0900061831,3.5029246533842078,3.1145195743026486,0.05869412203830951,130.84680830874083,115.29172055500021,64.0848028123,-177.691,-33.0407773993,119.369060542,224.02997719
kermadec,52,182.311,-32.9529616538,-8741.69362695,62.078076620299996,4.843937870849663,3.063698339118033,0.22512916432443,120.04765243444726,41.83944304999932,66.0834228202,-177.689,-32.9529616538,119.2020094,220.330525432
kermadec,53,182.338,-32.8715306865,-8990.98164872,53.0516275512,6.356627879771411,3.8624812592680087,0.24406693250541486,106.70238825245363,250.70949045999987,65.0640284276,-177.662,-32.8715306865,119.018506028,216.218871505
kermadec,54,182.378,-32.7922171738,-9352.09739175,59.0409632235,7.818853545599402,4.028028900088661,0.3199849971407875,122.55152470791896,-4.210702434999803,65.0459740598,-177.622,-32.7922171738,118.822181079,214.076458193
kermadec,55,182.435,-32.7066051125,-9254.9346155,53.045298435599996,6.7837530531669,4.463648219890007,0.20627919080603027,108.82189792061405,1997.4902289800002,116.102061322,-177.565,-32.7066051125,118.613101316,211.307121546
kermadec,56,182.471,-32.6004841615,-9194.06464599,60.0630694231,5.639635975592272,4.318402874320624,0.13268005088001894,125.3090370032575,-386.51503976000004,83.0883445134,-177.529,-32.6004841615,118.375754448,208.501096608
kermadec,57,182.4885,-32.5515461743,-9102.49660727,65.052498052,4.993250813815847,4.025851330549075,0.10726117387097094,137.74042299566077,182.1815494250004,114.095097068,-177.5115,-32.5515461743,118.267939558,207.145847965
kermadec,58,182.544810812,-32.4541568323,-9201.72987669,67.0453139962,5.370704358624806,3.861295040026688,0.16349755382551215,140.95841097199028,-451.16313486750005,85.05923472998,-177.455189188,-32.4541568323,118.02890917,204.864022253
kermadec,59,182.601,-32.3567424844,-9049.35013339,53.047987576699995,4.142581549420387,5.396723662026101,-0.13147101228093974,112.49441789275419,-274.1690841950003,64.05892998849,-177.399,-32.3567424844,117.786247232,204.341448615
kermadec,60,182.608,-32.3075494079,-8979.52803341,51.0645071553,4.323896501840079,6.164835422847294,-0.1755158711487505,117.96164698084064,-225.63329554499978,101.12814275,-177.392,-32.3075494079,117.68710179,203.419733077
kermadec,61,182.608,-32.2560430309,-9045.74910911,50.0604497059,4.070992825658497,7.211173157194441,-0.27833133604916904,113.60894280585427,964.5937993099997,117.14278393358,-177.392,-32.2560430309,117.589932986,201.35712996
kermadec,62,182.628,-32.1884571686,-9623.00839301,56.0692906642,8.067074990323896,4.502254581629464,0.2836126134084997,130.8751968428747,-64.45229501500035,105.13048276945,-177.372,-32.1884571686,117.442798631,200.447417765
kermadec,63,182.628,-32.0850680338,-9859.40544065,69.08599994779999,7.997548806492423,4.0183353832798865,0.33116276425163677,162.21408854070646,-428.4278993750004,70.0873841587,-177.372,-32.0850680338,117.235595704,197.568783787
kermadec,64,182.638,-32.0651393833,-9940.36611082,58.0447214022,8.820648137103822,5.0331838407202,0.2733874860360842,142.44144155750675,-148.7575312200006,123.098070882,-177.362,-32.0651393833,117.188488641,197.864514062
kermadec,65,182.638,-32.0651393833,-9940.36611082,57.0466697879,8.62263257299091,5.054964490178765,0.2608402679458204,137.39459164360332,206.43499209999936,122.102931328,-177.362,-32.0651393833,117.188488641,197.864514062
kermadec,66,182.669522945,-31.9983492526,-9972.97433747,54.0439475143,9.501366866575877,5.191371938553792,0.2933418326688921,132.21933853835776,854.8205094800005,126.10576707457,-177.330477055,-31.9983492526,117.034293487,199.159520622
kermadec,67,182.701,-31.9315513394,-10019.2034758,54.0250579746,9.044459578793504,5.349219551487247,0.2567265807344825,126.97809517255945,200.38725049999994,123.06124502,-177.299,-31.9315513394,116.879061253,197.895906883
kermadec,68,182.774,-31.8426373911,-10062.767903,53.0199068445,8.760081185421916,6.240823817819268,0.16794035873557775,123.38583250528596,-377.3628859749997,56.021892578,-177.226,-31.8426373911,116.638580485,197.500280192
kermadec,69,182.801,-31.7918213582,-10110.596571,40.042898611400005,7.9989841734979175,13.181282553846852,-0.24467578463770392,95.572695499077,1538.3917270700003,38.0410130151,-177.199,-31.7918213582,116.513209173,195.950146789
kermadec,70,182.816267019,-31.6882444387,-9211.18164638,25.029560214900002,13.575347234832131,9.145001282990508,0.19499462996204942,60.94181031501865,930.9073843350006,71.08431108533,-177.183732981,-31.6882444387,116.301188215,186.831868305
kermadec,71,182.8315,-31.5846657049,-9402.65551273,70.0824080016,7.432341681330767,3.421634493426192,0.3695150167394193,145.9492852825578,1818.1276548474998,75.08857480627,-177.1685,-31.5846657049,116.092263188,174.916947031
kermadec,72,182.8315,-31.5846657049,-9487.80498044,53.9137894764,5.324724838120705,5.731509033016092,-0.03679229289435803,114.85008766236949,-746.6197466000003,63.900289651668,-177.1685,-31.5846657049,116.092263188,174.916947031
kermadec,75,182.995958528,-31.4415476447,-9359.29171549,69.0117061448,6.567998957063356,3.5140308611029774,0.30291202774044346,182.88030905693654,-422.50216596500013,66.0101451672,-177.004041472,-31.4415476447,115.666666086,180.089562387
kermadec,76,182.94,-31.3721339116,-9219.72062316,51.0460407224,6.044914851990922,4.971409396432133,0.09744679181102146,116.8197045831744,-130.27930981999998,47.0428077526,-177.06,-31.3721339116,115.58714244,159.307499238
kermadec,80,183.195,-31.1707774885,-9130.71984985,63.0744302518,3.2842245622550164,7.569544286608984,-0.3948231977321396,142.69415495508508,141.40607506500055,32.037880968,-176.805,-31.1707774885,114.966487372,165.049984126
kermadec,81,183.1975,-31.1276741507,-9082.33768085,66.074297818,2.985375224284539,6.376608184261099,-0.3622344552417211,142.60654042939697,-448.1349163750001,35.03921289321,-176.8025,-31.1276741507,114.877151412,155.799910496
kermadec,82,183.170221203,-31.0270165456,-8999.67944688,70.0714301623,3.0566451728547035,5.163721755730566,-0.25632390879642786,144.5041868001382,1012.7721541199999,81.08152247619,-176.829778797,-31.0270165456,114.710140514,134.72608135
kermadec,83,183.143,-30.9263532161,-9387.4739683,71.0814999713,5.332602625181429,3.6876193322554283,0.1823661657870591,157.67521231566516,1058.3355193849993,86.0983302413,-176.857,-30.9263532161,114.543643636,147.316049044
kermadec,84,183.154,-30.8850144098,-9408.62544056,66.06243638730001,5.246211323483998,4.939131459211246,0.030149192896529436,156.7905806052175,1275.7336445199999,102.098149488,-176.846,-30.8850144098,114.471701596,164.569675443
kermadec,85,183.182,-30.8044907091,-9470.86209605,47.029479633,8.679687795074335,4.944096524436387,0.27419630133810763,114.19368893241871,-39.77451018500051,63.040305257,-176.818,-30.8044907091,114.267032595,209.967589147
kermadec,86,183.232,-30.7347436175,-9296.4805114,50.0462443313,8.09131798380897,4.979808343110286,0.23804449309702588,127.05582998275338,1658.7152518875,87.08154867197,-176.768,-30.7347436175,114.077933921,241.434120323
kermadec,87,183.233,-30.6491585117,-9543.295853,59.0536357198,10.106466622412704,4.12648220904046,0.4201507701733019,146.62725815046886,889.9020782850002,80.0734737343,-176.767,-30.6491585117,113.924977054,326.130147408
kermadec,88,183.287,-30.5711544595,-9602.74706651,64.0334125934,8.814747191424013,4.330823140430641,0.3410977186838233,167.20354158908188,861.7817817149989,88.0475048081,-176.713,-30.5711544595,113.587482472,372.231870544
kermadec,89,183.327,-30.4835468915,-9573.61568617,59.034482463299994,8.695854832832385,4.155178695140727,0.35333159218734234,144.0675154143851,-304.9420025700001,68.0405528221,-176.673,-30.4835468915,113.328672041,438.583812277
kermadec,90,183.378,-30.3988656915,-9585.26355476,59.026266550799996,7.879943620609566,4.373782693162697,0.2861301809479953,141.46644305747424,177.29592096000033,92.0428958139,-176.622,-30.3988656915,113.035561657,484.012446979
kermadec,91,183.429,-30.3135662682,-9226.43437362,61.033917349899994,7.521058573804221,3.964988951133062,0.3095990692142444,146.543688677101,-244.72856623249936,85.04869502848001,-176.571,-30.3135662682,112.742077988,515.244511472
kermadec,92,183.471,-30.2248735792,-9394.34953155,36.022000891299996,7.9901434579803805,9.951552054521317,-0.10932125089149101,87.81550413405056,-626.2139297049998,44.0273979383,-176.529,-30.2248735792,112.455682733,544.623078378
kermadec,93,183.516,-30.1384556359,-9398.97882178,34.033500763199996,8.481199741137127,9.5229438190815,-0.0578613514416857,80.8426459208464,-274.9641801099997,56.0555808963,-176.484,-30.1384556359,112.161309724,554.881619603
kermadec,94,183.517,-30.0350166943,-9342.44526036,46.0421588921,11.424571975196447,4.551568992145729,0.43020420244790347,104.47414833250471,521.9228431600004,93.0862459298,-176.483,-30.0350166943,111.856158928,644.491828933
kermadec,95,183.571,-29.9519818974,-9274.80831232,47.0101066789,10.215341307148295,4.828299439825153,0.35809429099846946,114.51155813487827,1076.2842667450004,74.0172394085,-176.429,-29.9519818974,111.598197483,663.253231328
kermadec,96,183.632,-29.870763902,-9433.57537185,45.0114110554,9.382282680020378,5.728608850824476,0.24179075216957924,115.34816594113188,-835.9820551349994,37.0096766585,-176.368,-29.870763902,111.302369693,650.658874499
kermadec,97,183.679,-29.7918993167,-9604.22980237,45.0343073656,9.049697562811218,6.061044395050044,0.19778335015550627,111.47238355755566,89.06094739000036,104.081179909,-176.321,-29.7918993167,111.015139839,636.139540145
kermadec,98,183.697,-29.7029961909,-9443.71617422,52.0420386789,8.976763819618112,4.387535165652088,0.3433946411273916,118.56092929880383,80.29409930999918,71.0580631255,-176.303,-29.7029961909,110.751714966,681.744182061
kermadec,99,183.739,-29.6223105561,-9452.32858856,47.0151452072,9.8207475337226,5.105378251803703,0.315913811103705,112.23543606315818,-466.8598049450002,49.0162696509,-176.261,-29.6223105561,110.479600241,650.257101004
kermadec,100,183.795,-29.5465369703,-9526.59521488,35.0106519246,8.85133350051325,9.362936273301923,-0.028088019950388125,90.7227005269937,-718.6307240749993,34.0106915907,-176.205,-29.5465369703,110.184630247,578.776341001
kermadec,101,183.837,-29.4666899627,-9594.53954877,32.0233307723,8.301883288195148,12.038728765316488,-0.18371352185915202,77.80221523375099,-1536.2735262799997,22.0161589249,-176.163,-29.4666899627,109.906756675,549.137933965
kermadec,102,183.857,-29.3876232232,-9800.60717884,31.0272479626,9.697444563398768,11.722795120239404,-0.0945531229693801,76.29277748660066,-618.45010662,31.0273996804,-176.143,-29.3876232232,109.665721108,574.58952893
kermadec,103,183.882,-29.3083043991,-9824.92885861,42.0413261539,9.492721855140568,7.148061386433382,0.14089844418197098,95.78927188370464,208.9956401649997,73.0722913997,-176.118,-29.3083043991,109.410765812,579.567620322
kermadec,104,183.887,-29.2261060249,-9748.05244635,42.0421960554,9.404208145928235,7.080889042908858,0.14093451051005124,97.34904887366133,16.280360759999894,76.0767724329,-176.113,-29.2261060249,109.160164876,615.467868469
kermadec,105,183.907,-29.1460633414,-9756.80264419,40.0357742434,9.896100493403642,7.347540395322644,0.14779709891472048,93.1509817161448,15.44133116500052,77.0695789688,-176.093,-29.1460633414,108.903071248,575.66550922
kermadec,106,183.928,-29.0677004695,-9770.49694146,39.038228415,10.117823713846263,7.851075894919494,0.12614839351770787,95.48980354857386,77.15072951500042,66.06504454886999,-176.072,-29.0677004695,108.655298042,487.029851728
kermadec,107,183.937,-28.970639358,-9640.56833517,37.0342596382,14.694873626519072,6.331142942726903,0.39778008622068284,92.85728123626527,12.914047602500432,60.055858334689994,-176.063,-28.970639358,108.37103265,331.010575935
kermadec,108,183.969,-28.8820770131,-9439.09155466,38.0286830334,11.521704262522587,6.050738395844559,0.31133781302015057,96.92418587595857,283.33597824500066,57.0434647671,-176.031,-28.8820770131,108.071328635,170.135660674
kermadec,109,183.999,-28.7917638603,-9539.92788259,40.033700417199995,10.355567155455415,6.256865954858526,0.24672491822117149,96.8408095548709,634.2126707000007,69.0587036383,-176.001,-28.7917638603,107.765199769,94.1855390275
kermadec,110,184.02,-28.6998705445,-9469.57884397,42.0235150219,10.141271600027101,5.674939026911418,0.28238954819611006,97.4206942178553,629.9484608100001,71.0406663689,-175.98,-28.6998705445,107.464327585,67.2320140913
kermadec,111,184.077,-28.620242937,-9342.39894929,48.030321325100005,7.770913325599405,5.109103677447035,0.20666196694637806,108.56551376755478,-24.008816870000373,67.0430837917,-175.923,-28.620242937,107.187370723,65.7411809139
kermadec,112,184.089,-28.5316223322,-9358.0214128,54.0481679304,7.884584045573149,4.657178398358235,0.2573327043661688,118.98642141388851,106.82409174999975,57.0511204832,-175.911,-28.5316223322,106.906258692,61.3071971923
kermadec,113,184.116,-28.4459332475,-9391.84718693,45.027808365599995,7.73990154309557,5.17736780964372,0.1983804520502956,91.85699073736178,448.602268955,58.036406339,-175.884,-28.4459332475,106.621439168,61.1289640615
kermadec,114,184.158,-28.3631668982,-9397.87346182,63.0482212168,6.8275248644566044,4.503831300929615,0.20506756028242695,138.97631350095153,-508.01901886500036,55.0424566889,-175.842,-28.3631668982,106.333729852,63.2411541256
kermadec,115,184.17,-28.2736119192,-8957.72870686,239.20471056219998,5.162110806528587,1.071666467626516,0.6561742839066176,464.1476003070152,1546.3877082100007,225.194617456,-175.83,-28.2736119192,106.045174001,60.6891816834
kermadec,116,184.1925,-28.2272689077,-9296.27874245,185.1806687744,5.626675939371256,1.5075045353388028,0.5773853659343908,362.9214711775434,337.1570901999994,235.230928058,-175.8075,-28.2272689077,105.881790321,61.7019889898
kermadec,117,184.184992962,-28.1266810019,-9405.2410232,86.0839717143,6.456007020474903,4.030230437248006,0.2313295491358876,222.2199912439588,-1157.8349093199995,79.07695224511001,-175.815007038,-28.1266810019,105.573758155,51.0106019951
kermadec,118,184.1775,-28.026092688,-9580.19217924,81.0789237406,8.234823499037324,4.1387736214206665,0.33103145655554106,218.02979885733626,-1289.0954220350004,72.0702640486,-175.8225,-28.026092688,105.261544328,36.2894161264
kermadec,119,184.195,-27.9793622829,-9591.37435399,139.112671858,9.47808479070843,1.9954339023981489,0.652167054280039,290.63834386063456,982.6780653400001,250.207789535,-175.805,-27.9793622829,105.096879926,32.3830448047
kermadec,120,184.215,-27.8858926441,-9589.66222628,106.09502053,9.098932082634978,2.829830773721513,0.5255449692817762,261.61163127282373,572.1857958725,192.17439440457,-175.785,-27.8858926441,104.787984016,26.6706698777
kermadec,121,184.23,-27.7843,-9532.55879902,152.1122727427,8.785805149722393,1.911994975801497,0.6425442701551946,342.6470528136451,293.22183476500095,199.15001082606,-175.77,-27.7843,104.475447379,26.0386712143
kermadec,122,184.269,-27.7122194673,-9544.79801092,86.04100738240001,5.863499329306922,4.647901201220878,0.11564568627706988,234.61021651660312,-959.2637558350007,83.040883637,-175.731,-27.7122194673,104.220975997,31.0469260664
kermadec,123,184.3,-27.6307805089,-9143.3362357,87.0691487836,4.974312391561656,3.861452233281754,0.12594950245176148,213.7150904951747,-727.3691434999992,81.0650883476,-175.7,-27.6307805089,103.9354172,38.0541923651
kermadec,124,184.312,-27.5418660492,-9653.82183924,83.0686244717,6.369950638414366,4.429381163398118,0.1796934764695864,197.10832848192075,-923.934700114999,65.0540991185,-175.688,-27.5418660492,103.648600366,39.5944081265
kermadec,125,184.338,-27.4585510288,-9722.60792681,70.057271791,7.301991484997611,5.178778533942436,0.17011874650627465,168.82948590035556,-789.4697757100002,50.0411194049,-175.662,-27.4585510288,103.379758913,41.2752292918
kermadec,126,184.35,-27.3714993203,-9621.02146169,61.0560085475,7.814952393282164,5.444494581478617,0.17877501349156483,146.617039035022,-460.45227304499986,53.0487718693,-175.65,-27.3714993203,103.091599957,42.3219395635
kermadec,127,184.355,-27.2844158217,-8971.31841073,62.052353700299996,6.5044616815949645,4.405158415451253,0.19242679831831158,139.30597491615083,-221.1546241850001,55.04666306459,-175.645,-27.2844158217,102.83475209,43.3266107558
kermadec,128,184.382,-27.2002650515,-8650.26986785,70.047278104,6.612577715911865,3.2468713109133396,0.3413686095278998,151.8457787264108,-751.0351573999997,59.0401677154,-175.618,-27.2002650515,102.536422863,43.007271978
kermadec,129,184.411,-27.1080721836,-8692.33684097,59.0496417926,6.300654940449587,3.756100184558146,0.25301946047826085,121.07046506999042,-394.61628244999974,60.0507220973,-175.589,-27.1080721836,102.258370859,39.5488790367
kermadec,130,184.416,-27.0097946449,-8515.32809317,61.052382208699996,5.5508019285899275,3.3663520605233663,0.24497164350122197,118.23759073266886,-428.72156472000006,62.0534596636,-175.584,-27.0097946449,,42.6096312011
kermadec,131,184.44,-26.9163795083,-8584.63788661,66.0357911792,5.333639393117637,3.472614143534841,0.21132996476163549,127.9900582782263,-468.05454027500036,61.0336059756,-175.56,-26.9163795083,,43.0669789322
kermadec,132,184.48,-26.8436880684,-8650.43544192,55.0317989393,5.250332364377104,4.709733178850213,0.05427666948381577,107.75234044798951,-197.0491360849992,54.0316957478,-175.52,-26.8436880684,101.346641647,41.1885178981
kermadec,133,184.49,-26.7775458192,-8592.12277142,52.0431734976,5.220711623775296,4.835878342364189,0.03826677658200644,98.68994556302486,-173.07098683000095,63.0526208494,-175.51,-26.7775458192,101.11890457,42.0454127858
kermadec,134,184.505,-26.6927359068,-8523.36766504,52.0366474085,5.104831631854542,4.728446280876492,0.038276692097835276,97.79919311013124,1974.1905080250003,94.0673812048,-175.495,-26.6927359068,100.867973867,39.6249320048
kermadec,135,184.536,-26.6072706197,-8565.22503371,45.0271552949,5.89920243041301,5.644368315010077,0.02207584819489,85.0875309492738,2428.195875579999,91.0562231114,-175.464,-26.6072706197,100.609735228,33.4251208504
kermadec,136,184.562,-26.5220178429,-8421.46683226,39.0270553459,8.10543576138527,5.086533032217837,0.22884398654970467,75.30146825734532,3770.61447071,85.0598116189,-175.438,-26.5220178429,100.348682275,28.7793394045
kermadec,137,184.582,-26.437127885,-8391.5767758,40.033448568699995,6.378343000058787,5.775186443437869,0.049628098522743636,69.3876230600179,3099.7658932500008,72.0605323483,-175.418,-26.437127885,100.093812935,24.646017892
kermadec,138,184.584,-26.3547982644,-8237.71263359,29.0253187133,6.644587947938906,9.371121352345769,-0.17024118965236212,50.264628285673666,828.8224657350002,26.0227189364,-175.416,-26.3547982644,99.8419690711,22.2412022402
kermadec,139,184.59,-26.272396226,-7921.56757835,30.0245789824,6.262596640044828,6.262583743913246,1.0296164355996897e-06,52.85872339945062,2725.18167779,64.0527154556,-175.41,-26.272396226,99.5879726322,22.0048973208
kermadec,140,184.607,-26.1901489094,-7839.86661542,30.0162090606,5.6497823467308015,6.450479273579228,-0.06617186900359859,54.02195479685393,3204.32632326,68.0375375587,-175.393,-26.1901489094,99.3394128751,23.3366731349
kermadec,141,184.648,-26.1082813735,-7495.78313193,27.0185413618,4.372250567940323,6.345912752340114,-0.18414182779481572,44.3869081271351,819.5155895250009,36.0249029124,-175.352,-26.1082813735,99.0866086936,22.6671098576
kermadec,142,184.648,-26.0284431509,-7290.85381998,19.01475702326,2.9393812738124607,10.898987254977929,-0.5751838422719918,24.92336717944382,3426.3146210750006,39.0301254323,-175.352,-26.0284431509,98.8439421348,26.1832469402
kermadec,143,184.617,-25.9277168288,-7267.28754376,15.0106466677,9.834686873899125,6.592381647832029,0.19737576560162834,21.793400888028398,2594.8656529,49.03452991541,-175.383,-25.9277168288,98.5539466046,34.7020285016
kermadec,144,184.614,-25.8782749834,-7097.63681576,13.99178436882,8.808018558629346,4.920105608372149,0.2832078806223675,16.083305397535177,1045.7622804700004,43.974791100884005,-175.386,-25.8782749834,98.4129184918,37.3099603165
kermadec,145,184.714549838,-25.8195855101,-6659.42724748,227.60730462330002,2.6768666115651167,1.7466959265394737,0.21027637272292365,722.142521639211,570.4904682255,169.69771238968002,-175.285450162,-25.8195855101,98.2030726263,27.4732523245
kermadec,146,184.815,-25.7608269236,-6452.24802579,133.0403709289,8.215897648407832,2.2050190953821858,0.5768089987483702,387.53625677016987,1056.352871438,143.041428986,-175.185,-25.7608269236,97.9867508342,20.134118212
kermadec,148,184.743,-25.5962864791,-7026.54346136,11.00889605065,6.482390012548583,3.7148968771364426,0.27139504510867235,11.77128754117955,579.6051520149995,48.0387207363,-175.257,-25.5962864791,97.520425317,27.7303265917
kermadec,149,184.767,-25.547840491,-7115.32111671,24.0077795766,4.544853810498277,3.249645151338671,0.16616958517810376,29.642444740158822,777.9060470499999,62.0208285858,-175.233,-25.547840491,97.3656187653,25.2846999422
kermadec,150,184.811,-25.4437468148,-7140.6344601,23.0159207939,5.045343268489638,4.626794821702774,0.043273621911092706,32.33425412483093,202.69471825999972,44.0306522517,-175.189,-25.4437468148,97.0375064658,22.2849012511
kermadec,151,184.811,-25.3430715536,-7446.34100957,20.015874556300002,5.968553698903282,5.968548444945396,4.401367955412829e-07,29.890635389174665,-256.5936157899996,22.01748337614,-175.189,-25.3430715536,96.7354167131,22.6183872511
kermadec,152,184.829,-25.2456026849,-7736.38064919,20.0149712389,11.114922739367016,4.812848214792539,0.39566581806782464,33.807726315774275,-348.47568221000074,27.020247716,-175.171,-25.2456026849,96.4385885208,20.1501053341
kermadec,153,184.839,-25.1531972428,-7969.31418412,21.01602360728,7.494862833930835,6.82023695992086,0.04712687188528897,36.36397941492123,-249.35568201499973,26.01987689323,-175.161,-25.1531972428,96.1573150108,22.1597896577
kermadec,154,184.853,-25.0480076132,-8116.38595251,20.0146513409,9.047096336177205,6.059329426249991,0.19778119304424796,35.57200491654723,752.9489342799998,65.04790384202,-175.147,-25.0480076132,95.8303061281,22.9508466072
kermadec,155,184.87,-24.9484232283,-8395.29481631,33.0255411393,6.917178829011456,5.772863139725402,0.09017430297749889,56.85559150807974,-95.19830118000027,37.02868698099,-175.13,-24.9484232283,95.5240598058,26.8589818721
kermadec,156,184.87,-24.8427636632,-8248.24990284,34.0265333089,5.444537472239334,4.842648028568588,0.058508660471173174,56.573765910777176,233.45152103999953,74.0576144614,-175.13,-24.8427636632,95.2075678843,33.1193015356
kermadec,157,184.86,-24.7489139378,-8472.69460882,45.029101667899994,5.843045585634914,3.902894167967436,0.1990727899739323,80.993661481355,71.612444245,75.0479938073,-175.14,-24.7489139378,94.9291972645,33.1863434147
kermadec,158,184.83,-24.656283046,-8703.51109724,40.0213337963,7.114515890562249,4.756606943689835,0.19862560431681092,85.05493173529757,-12.842066470000645,81.0423905953,-175.17,-24.656283046,94.6560833563,29.6629857603
kermadec,159,184.806,-24.5638696258,-9190.48540232,47.0337529479,11.093381169466365,4.287388144611742,0.44250016926169344,107.48704170849619,-13.282002720000492,93.0663577975,-175.194,-24.5638696258,94.3861610015,27.9380295227
kermadec,160,184.806,-24.4737755138,-9207.93350815,50.02979987559999,9.427798353642142,4.467986242994895,0.35692925981650486,116.97232843291954,-9.117338789999849,82.0494658333,-175.194,-24.4737755138,94.1297968858,29.1448740807
kermadec,161,184.846,-24.3989749248,-9406.08707037,58.022934538600005,7.115589231016367,4.689601676463873,0.20550176389060268,135.2620356949018,-23.715929490000235,79.0321160628,-175.154,-24.3989749248,93.8865500275,28.6722864376
kermadec,162,184.863,-24.3175530589,-9739.79719165,56.038853597,7.86873014611397,5.110171965446597,0.21254172016678288,130.63049842273526,26.180249570000342,81.0565802682,-175.137,-24.3175530589,93.6407411081,27.66361333
kermadec,163,184.87,-24.2340096783,-9893.55467919,60.043869466900006,8.050367767870478,5.024543948030289,0.23142212242705998,148.48251560750057,-60.471808305000195,94.0690208194,-175.13,-24.2340096783,93.3878133258,29.7408604469
kermadec,164,184.877,-24.1504659752,-10017.515143,59.0406741665,9.616329251564744,4.965793090883496,0.31892039111094544,149.59439100542198,-160.87733496999954,81.0561674284,-175.123,-24.1504659752,93.140950252,31.3008073745
kermadec,165,184.893,-24.0688541523,-10021.8729301,66.0368300928,7.377459702236121,4.810653640674156,0.2105991296064747,158.5763379284531,-462.71907619000103,56.0315233887,-175.107,-24.0688541523,92.8991234937,30.3638843995
kermadec,166,184.918,-23.9872069513,-9738.76119804,73.0172442203,5.371618755313119,4.4356702221323046,0.095433971134458,177.69540474329511,-55.08823870500055,96.0243081407,-175.082,-23.9872069513,92.6601395639,29.8637991658
kermadec,167,184.961,-23.9114356504,-10221.960175,71.9958968556,6.148293722021652,5.50521812537708,0.05518298733167867,187.70153778132078,-236.99787263250073,79.9968949367,-175.039,-23.9114356504,92.416001692,28.337593654
kuril-kamchatka,0,144.711384284,40.9220771579,-6616.80605518,11.01725468167,1.791662883778049,8.012491003493833,-0.6345094325571425,10.30169707676083,1171.5450310200004,13.0203247484,144.711384284,40.9220771579,132.226029124,926.33309184
kuril-kamchatka,1,144.762184386,41.0180834339,-6754.32497023,7.01076772457,6.114312704974314,8.128543653913194,-0.14142043549305372,6.25471559855093,1373.76657032,18.0275953971,144.762184386,41.0180834339,132.119822399,956.101019438
kuril-kamchatka,2,144.817362462,41.1108947588,-7115.21876463,26.0346687792,3.4041521004614053,3.4041819293527573,-4.3812320637375425e-06,38.33443890082296,168.94650035499944,135.173793819,144.817362462,41.1108947588,132.022386007,988.092354664
kuril-kamchatka,3,144.889623822,41.1909797561,-7173.9170673,58.0429307424,3.449814737318348,1.3156106782607946,0.4478517389193433,87.70782446745193,16.35663612999906,123.085340162,144.889623822,41.1909797561,131.94677306,1000.43444273
kuril-kamchatka,9,145.473780783,41.424639023,-7072.4159169,39.0147172037,4.64950421587247,1.6064193091488783,0.486432561803608,53.64552841386717,94.91996601000028,112.03652722,145.473780783,41.424639023,131.886631286,798.950426054
kuril-kamchatka,11,145.680092842,41.5390767495,-7156.89440121,34.0133267613,3.6389697196304507,2.25460723600461,0.23489342619038883,48.069908326307605,2632.9413927350006,37.0139107298,145.680092842,41.5390767495,131.820539836,790.176291199
kuril-kamchatka,20,146.644634197,41.9537729955,-7205.99850955,31.0214800061,3.378151422163352,2.4411671805465183,0.1610127070857592,40.886975882880904,368.13110181499997,99.0638723497,146.644634197,41.9537729955,131.669247611,663.832411055
kuril-kamchatka,25,147.124044861,42.2310916422,-7349.39828711,19.0111109909,12.098646482680495,3.2716022812674046,0.5742941664104749,26.857483710411806,232.5597804449999,72.0397586242,147.124044861,42.2310916422,131.50703121,532.615607063
kuril-kamchatka,29,147.574119082,42.4409726527,-7762.33479222,20.0251326344,8.35256458080326,8.352629699332963,-3.898100711114282e-06,31.337076136767582,3.8616996649998327,110.133412645,147.574119082,42.4409726527,130.167943516,487.273710138
kuril-kamchatka,30,147.647892741,42.5300763054,-7709.5083359,45.0401816871,4.512837700502483,2.4934816014501027,0.28821925065413556,72.42767932016011,213.0282669649996,103.087505716,147.647892741,42.5300763054,129.572405837,494.023455395
kuril-kamchatka,33,147.926831924,42.7053139921,-8008.77847809,49.0566078489,3.6949711830848977,3.8485552640724117,-0.020359719298842036,86.22431900923401,-1223.3692455275004,33.0376430648,147.926831924,42.7053139921,127.110444368,499.623804163
kuril-kamchatka,34,148.008289877,42.7757691221,-8540.43891324,61.042152881700005,5.380611888650769,3.49618939484243,0.21228620914523627,119.90393245950793,76.03003867000007,88.0573279847,148.008289877,42.7757691221,127.064486253,494.667683013
kuril-kamchatka,37,148.30002772,42.9391207701,-8739.6810907,71.04583304799999,4.570905597440607,3.5455894700050976,0.1263249862059216,145.59011313009353,148.79164639999908,108.063934709,148.30002772,42.9391207701,127.013533723,527.846487798
kuril-kamchatka,39,148.491334251,43.0547018568,-8591.97732485,79.072142239,3.5110086547245176,3.4235770969025587,0.012608043357376414,162.4901013686053,133.47903375500027,92.0798980033,148.491334251,43.0547018568,126.959920184,566.14037923
kuril-kamchatka,43,148.842908242,43.2976002291,-9093.23810477,73.065712621,5.6695271012990585,3.7437768991061806,0.20457750032400687,172.2905105669173,328.0680073700005,131.110326403,148.842908242,43.2976002291,126.823662952,560.866537114
kuril-kamchatka,49,149.39469148,43.6311554506,-9402.60540946,88.0925393151,5.215980170104649,3.6164128468593777,0.18110237170980112,204.12399347846676,137.48058993499944,95.0963312147,149.39469148,43.6311554506,126.681165713,529.209038882
kuril-kamchatka,50,149.476621816,43.6955564225,-9576.2867952,83.04213853280001,6.512460376515489,3.6972942143393217,0.27573299016391617,198.2919516456421,59.00571374500032,86.0405022833,149.476621816,43.6955564225,126.39184614,556.282931952
kuril-kamchatka,61,150.62035102,44.2207225966,-9485.62549587,249.0709307422,1.7241813570408904,4.071185976078383,-0.4049794403238028,709.6988278892943,3469.777593939,180.082906089,150.62035102,44.2207225966,123.68390214,591.514929107
kuril-kamchatka,74,151.972137737,44.8002857573,-9377.05945253,100.1383950077,3.1641047930164348,3.427322149947729,-0.039933288984149086,222.77443509399032,411.2836859049994,113.150692311,151.972137737,44.8002857573,121.433271087,672.242592386
kuril-kamchatka,83,152.93114033,45.3320080526,-9200.33709738,85.0922349649,3.864755680027572,3.602124875472745,0.03517276091437756,180.13814638456836,289.0358476299998,95.0985973259,152.93114033,45.3320080526,120.305634061,704.560260575
kuril-kamchatka,86,153.232996172,45.5338132714,-8572.2239059,77.1003613913,3.286498985407596,3.202522505303385,0.012941316379429938,157.07892695066315,142.0206342699994,84.1062121197,153.232996172,45.5338132714,119.741788961,632.318100965
kuril-kamchatka,87,153.328657918,45.6055473928,-8812.29018294,70.0879200168,4.531412770776509,3.604778316455871,0.11389044878441314,155.07249587216907,304.76712055999997,90.1094823495,153.328657918,45.6055473928,119.5228253,682.075182912
kuril-kamchatka,88,153.424564979,45.6772012268,-8816.54926691,76.086073993,3.589261521880464,3.782873170316367,-0.026262630366864388,164.76161053541622,330.90206949500043,90.0976846433,153.424564979,45.6772012268,119.291048706,702.624597215
kuril-kamchatka,90,153.583113776,45.7814799458,-8665.56586684,80.1014308957,3.1092093687952698,3.6123026060748376,-0.07484822450075156,172.20517324719265,335.1836776599994,95.115792337,153.583113776,45.7814799458,119.001631041,583.322535654
kuril-kamchatka,91,153.685773165,45.8568803373,-8595.59535739,76.0779824592,3.0996275008188974,3.827146145407115,-0.10502994348380354,155.4999689400416,306.01962723999986,96.09310816492001,153.685773165,45.8568803373,118.765387449,528.261429134
kuril-kamchatka,93,153.826740939,45.9547637598,-8668.36486715,69.0897973818,3.2815991308773356,5.7626202419407715,-0.27432119996116033,138.6246405301438,129.18143231500017,76.0954199221,153.826740939,45.9547637598,118.471743692,504.618834997
kuril-kamchatka,96,154.106269463,46.1405316829,-8497.61732124,54.079156841599996,5.350414876201246,4.6159787199037865,0.07369126547284709,113.25467150203343,493.62357238000004,81.1159556886,154.106269463,46.1405316829,117.929306733,502.443881082
kuril-kamchatka,97,154.190005276,46.2081595436,-8506.75418326,71.08981012870001,3.053504440032793,4.683461133310209,-0.21067131265173014,131.19878929417501,800.0953343749998,82.0997631894,154.190005276,46.2081595436,117.704157199,502.080498033
kuril-kamchatka,99,154.361499783,46.3460232437,-8114.31676666,74.1176544031,2.868959556395772,4.446746246111199,-0.21567115085119276,145.8135643094087,-89.65983696999956,76.1178975975,154.361499783,46.3460232437,117.230352668,502.263534643
kuril-kamchatka,100,154.447767556,46.4149511616,-8087.09649217,63.093786449,3.8116541229702037,4.4664961672616075,-0.07910487504244942,129.7152010777352,27.6227363349999,76.1103811842,154.447767556,46.4149511616,116.992329001,502.640319173
kuril-kamchatka,101,154.525722417,46.4836786008,-8088.05078108,59.0721769732,3.681662057933574,4.361156727673265,-0.08448464249321294,106.53174840191102,240.63942940000015,76.08981121,154.525722417,46.4836786008,116.714596124,501.495833786
kuril-kamchatka,103,154.687373826,46.6181955023,-7800.93705888,45.0724859268,3.1175469418862796,4.262531151965643,-0.15514527021512256,75.45714093154868,812.1880297749994,95.1489368783,154.687373826,46.6181955023,116.065571814,494.812491984
kuril-kamchatka,104,154.786523818,46.675631105,-7903.00545365,299.4075977799,0.8519396876147219,3.7737991817556615,-0.6316524941535747,635.3897780608038,1284.2380251850002,75.11147469,154.786523818,46.675631105,115.670675636,491.500121303
kuril-kamchatka,105,154.854920892,46.7496430184,-8070.67810378,54.0929069357,4.1554702416863645,4.817531980631695,-0.07378374846476916,106.27083829193006,421.8775890799998,87.1465657395,154.854920892,46.7496430184,115.375099622,488.186816375
kuril-kamchatka,106,154.928789855,46.82081931,-7920.86942082,40.0521884618,3.5288928813011484,4.769479572272399,-0.1494975909929198,61.25573177005292,728.2469530750004,78.0984633931,154.928789855,46.82081931,115.122551682,483.642054318
kuril-kamchatka,108,155.108177715,46.9463418168,-7698.67494692,54.1036764383,3.407129608499322,3.6685918858514928,-0.03695203062485144,97.45519777130647,430.9038940999999,70.1327082876,155.108177715,46.9463418168,114.867203039,486.114688295
kuril-kamchatka,109,155.16208666,47.0286183844,-7903.88131443,57.1099486721,3.108169299481736,4.270087685002203,-0.1574787091265479,100.38140364757703,666.3261869450007,68.1294136859,155.16208666,47.0286183844,114.599882046,495.275856606
kuril-kamchatka,110,155.231653072,47.102454469,-7840.73428303,62.1022035405,3.1788559345611795,4.117975267906211,-0.12870235137513839,115.28143881114424,460.3120333850002,68.1098997404,155.231653072,47.102454469,114.397489399,498.788460975
kuril-kamchatka,111,155.313671984,47.1651339657,-8023.59100237,52.0918746678,3.363472179447168,5.8284703460118745,-0.26816944946482957,96.15681095194081,-34.80169878500055,36.0629005684,155.313671984,47.1651339657,114.259484197,499.526619146
kuril-kamchatka,112,155.37075453,47.2433338299,-8098.11978388,48.091828446899996,4.430305577565422,6.190717458734844,-0.1657478639442482,95.90788116846544,65.08591846000036,32.060775947,155.37075453,47.2433338299,114.069458099,499.647852129
kuril-kamchatka,113,155.441286789,47.318181874,-8003.44529742,45.073020738,4.6549996795366,5.316528956775473,-0.06634181190934596,86.47898604671025,279.58930019999934,58.0925684503,155.441286789,47.318181874,113.940544383,498.697521929
kuril-kamchatka,114,155.531943958,47.3810894036,-8084.50872828,49.069558366799995,4.375816457556242,5.365178293689174,-0.10156681749637926,95.44899342779945,74.2834031099992,49.068258826,155.531943958,47.3810894036,113.896736606,496.870417585
kuril-kamchatka,115,155.622817897,47.4439250772,-8033.84187528,54.0826478041,3.8839960286281796,5.228553716730261,-0.14755010679496636,107.24258844583804,213.14678686499974,80.1191589558,155.622817897,47.4439250772,113.838503343,495.622116689
kuril-kamchatka,116,155.703945124,47.512653296,-8080.07442435,53.0948140227,3.9083858258224597,5.943602835504245,-0.20657930897453097,101.94298213417396,161.05449989499994,85.1488230876,155.703945124,47.512653296,113.783170303,496.188824881
kuril-kamchatka,117,155.770329115,47.590280074,-8048.99783512,52.0932913066,4.000105749626919,5.447209941217945,-0.15317622898887304,104.50915474819948,156.8273391849998,66.1164711198,155.770329115,47.590280074,113.708213407,497.55476401
kuril-kamchatka,118,155.851905054,47.6589243182,-8143.0144198,52.0910292482,4.297743185334529,5.413032577567176,-0.11485069982703258,105.82630095787503,493.6083291800005,42.0726957329,155.851905054,47.6589243182,113.653512487,496.963861363
kuril-kamchatka,119,155.923607535,47.7334873943,-8315.00005858,60.10803950260001,4.927098188657915,4.034642448253552,0.09958508916543855,123.23038376434914,302.05462165500103,82.1451734463,155.923607535,47.7334873943,113.579566,498.915961948
kuril-kamchatka,120,156.000484726,47.8049918182,-8391.34839789,59.0918183444,5.1870957634186,4.380175814837555,0.08434169992779943,123.82582681766227,261.5513440200002,83.1261360895,156.000484726,47.8049918182,113.513214348,499.772458526
kuril-kamchatka,122,156.169876547,47.9388451287,-8391.17389714,52.0968601949,5.478012609959409,4.349629053558302,0.11481732800554846,106.35720123166304,733.4403045099998,79.1449323094,156.169876547,47.9388451287,113.407379685,501.525794395
kuril-kamchatka,123,156.242398186,48.013187755,-8396.42879547,60.0976029574,4.438306564912254,4.43842685269289,-1.3550906057174865e-05,125.55489098501343,628.7560006499998,80.1272185272,156.242398186,48.013187755,113.331912741,502.254691908
kuril-kamchatka,127,156.617610809,48.2733896214,-8156.64889669,64.12362359740001,3.693801599605397,3.6938890356796255,-1.183537299340089e-05,121.50939041673102,240.90219355000045,79.1502657719,156.617610809,48.2733896214,113.137825472,502.693191942
kuril-kamchatka,128,156.698395025,48.3507059229,-8421.59955455,59.103830903,4.982347804018529,4.2070132138747045,0.08437306888195135,118.23659828337813,238.19931816999906,79.1365237715,156.698395025,48.3507059229,113.062571755,500.376877612
kuril-kamchatka,129,156.789315624,48.4218174202,-8405.06829323,56.0855728151,5.379911365999236,4.040234750985578,0.14221399523709938,115.63108220259126,306.47925211000074,79.1179591524,156.789315624,48.4218174202,112.993787636,497.01826064
kuril-kamchatka,131,156.971922238,48.5638243215,-8529.22700699,64.1193460714,4.324019854370969,4.062967704243098,0.03112585398552918,126.86708343753565,186.86129548000008,89.1628370023,156.971922238,48.5638243215,112.870984563,494.477500922
kuril-kamchatka,132,157.06004125,48.6388142468,-8572.90624108,65.0973959257,4.577818874575218,4.175527046195565,0.04595863479187495,128.9934446287256,163.72264752999945,90.1308944484,157.06004125,48.6388142468,112.796766577,495.085325963
kuril-kamchatka,135,157.390852158,48.8330626948,-8309.11792238,59.096907500499995,3.6314643760665506,4.301749264536678,-0.08449096656612413,109.31906668704113,13.945041179999862,75.1203366535,157.390852158,48.8330626948,112.659258978,494.356972468
kuril-kamchatka,136,157.487038111,48.9047702174,-7964.40689594,53.092091792299996,3.2006939836420267,3.5839146681734433,-0.056483830416493054,90.83576395977647,70.95348922500034,81.137672024,157.487038111,48.9047702174,112.597845799,494.673497811
kuril-kamchatka,137,157.578164046,48.9792170811,-7968.17751337,51.0772370449,4.15131797742983,3.4120402062407584,0.09774464639069774,89.25396177535292,-9.854267794999942,83.1223920061,157.578164046,48.9792170811,112.527740621,500.749943596
kuril-kamchatka,140,157.911752966,49.1710342681,-7946.3804825,49.0816410572,3.5654044624670593,3.4232139716414847,0.020346008609026633,76.12458184938062,-38.29853098000058,71.1159222142,157.911752966,49.1710342681,112.386887994,590.573975479
kuril-kamchatka,142,158.117631336,49.3078139945,-7793.13720339,35.0555215073,4.666708372410335,3.9324554064678305,0.08538655441660797,54.114026261998504,-69.11519531500016,83.1283304134,158.117631336,49.3078139945,112.275530984,566.043750578
kuril-kamchatka,144,158.306593323,49.4377297985,-7761.01160314,38.0698165905,3.646424502068879,4.050368252424085,-0.05248208744082472,59.84221874392565,-68.31246947,84.15116241,158.306593323,49.4377297985,112.16616522,596.66946772
kuril-kamchatka,145,158.386898024,49.4957717599,-7852.03129715,37.063967106099994,4.425911428566208,4.193895067411672,0.02691665541016465,61.14938402706483,-63.899634384999445,85.1435922197,158.386898024,49.4957717599,112.110907091,635.302542866
kuril-kamchatka,146,158.481963769,49.5628752845,-7853.31329333,40.0651894948,4.70593626188906,3.481919737446082,0.14949170143470636,64.15062990985764,-89.08350168000015,85.1351843317,158.481963769,49.5628752845,112.053942245,674.21594094
kuril-kamchatka,149,158.773327635,49.7603342222,-7684.89486386,32.061335768999996,4.894971524863071,3.3535736233864584,0.18686906281936536,46.94683723533073,-35.99707710000075,77.1452732043,158.773327635,49.7603342222,111.882198922,616.153407068
kuril-kamchatka,150,158.864908589,49.8304985573,-7789.6096222,31.0511587457,5.978514768984387,3.784214061507767,0.22476304991931256,46.47031648989103,-67.79179700500026,77.1243784829,158.864908589,49.8304985573,111.815292675,591.606333504
kuril-kamchatka,153,159.155142413,50.0304357483,-7572.87125281,26.053143883399997,4.828547258599943,3.022231206239967,0.23008113914430897,36.82111832491805,322.53020125500007,90.18099571,159.155142413,50.0304357483,111.645002245,811.086407083
kuril-kamchatka,154,159.24866242,50.1136024484,-7635.70702494,26.0532578719,4.200090181211238,3.601824176105862,0.07668194980175433,35.26070491149183,206.6978379300008,70.1415163245,159.24866242,50.1136024484,111.566599464,1331.64270164
kuril-kamchatka,155,159.334182507,50.1988518722,-7630.67179484,29.058779212300003,4.367435343103121,3.0859287749580058,0.17193666481954714,39.738636328010614,420.73551744500037,76.1518701336,159.334182507,50.1988518722,111.426356682,1304.72260942
kuril-kamchatka,156,159.423476578,50.2719704453,-7646.97288208,26.0506609482,5.297634997194019,3.316816364009791,0.2299413566956889,37.286561574871996,620.7925655500003,72.1382527637,159.423476578,50.2719704453,111.183683241,1304.4583316
kuril-kamchatka,157,159.513045402,50.3450202704,-7699.19394329,28.0535339089,4.749171766685132,3.5654929433179547,0.14236037948026142,38.587536328522695,251.07156461500017,81.152104874,159.513045402,50.3450202704,110.885047212,1309.0222824
kuril-kamchatka,158,159.608834857,50.4155778099,-7717.62579643,30.060084118,5.164285012771778,3.9536504099429624,0.13277507974150202,46.6135332304305,425.4668078799996,97.1905046183,159.608834857,50.4155778099,110.562874615,1314.46025539
kuril-kamchatka,159,159.687062918,50.4933394769,-7698.59612997,27.057630337600003,4.677045400425913,4.344342066996684,0.03687939739099606,41.45769278613072,106.3814576399991,69.1455145275,159.687062918,50.4933394769,110.361099612,1358.82234224
kuril-kamchatka,160,159.765549171,50.5710484137,-7744.86556003,26.0556218516,5.0091768233432745,3.6777604567235773,0.15326648779596702,36.88197447218331,381.81294847000026,77.1626095285,159.765549171,50.5710484137,110.253465402,1409.26989826
kuril-kamchatka,161,159.844295006,50.6487042993,-7742.32877905,27.053500008,4.618374665354477,4.97197377846374,-0.03687030926777093,40.58497584417185,198.3150960999992,77.1499848504,159.844295006,50.6487042993,110.15368224,1459.88043285
kuril-kamchatka,162,159.947165905,50.7165469429,-7713.80597482,25.0507178887,3.4900405590869146,5.227049938399818,-0.1992648097222014,34.62661519129246,583.1022669599997,91.1809500042,159.947165905,50.7165469429,110.082419929,1458.54901074
kuril-kamchatka,163,160.018506387,50.7946344346,-7695.85465341,39.0892659762,2.8827441994693754,4.606394850773673,-0.23015337807733172,58.616093525554945,182.73293057499995,78.1762988795,160.018506387,50.7946344346,109.977407933,1506.72760071
kuril-kamchatka,164,160.078267118,50.8708851588,-7687.40993302,34.075496171400005,4.052484623502776,4.0525332416981925,-5.998530320948713e-06,52.470466093168085,131.89494582499992,74.1623582864,160.078267118,50.8708851588,109.8638225,1560.71086711
kuril-kamchatka,165,160.157848063,50.9412552671,-7620.05359278,31.068958494500002,3.921255256937321,4.181819583730448,-0.03215622858194579,48.06459888911251,306.7619471400003,62.1365189621,160.157848063,50.9412552671,109.773384191,1566.28020797
kuril-kamchatka,166,160.220231088,51.0194199503,-7731.8687144,27.066059010700002,5.287142700415829,4.911441951688674,0.03683851843595065,40.26661381691043,42.072217654999804,54.1313603467,160.220231088,51.0194199503,109.665251604,1603.43231941
kuril-kamchatka,167,160.265360962,51.1054069359,-7761.18247306,32.0803221328,5.606941728194038,3.8428775393658174,0.18667702935695824,50.310350134970115,335.89586400999997,69.172175199,160.265360962,51.1054069359,109.541108955,1677.75499049
kuril-kamchatka,168,160.31648957,51.1887559475,-7858.16505658,36.0860698658,7.023090458501564,3.1027262312979724,0.38716523785709617,62.38090407235853,345.31219541500013,66.1567738403,160.31648957,51.1887559475,109.425406228,1732.89305639
kuril-kamchatka,169,160.385313373,51.2642115994,-7897.03355888,36.0762560892,7.64435376020051,2.955126201953663,0.44240166262778013,61.936514576818006,405.63502747999974,70.1467475689,160.385313373,51.2642115994,109.328717384,1736.35606144
kuril-kamchatka,170,160.477723171,51.3291142946,-7898.35875698,31.058930034939998,8.749133001077364,3.602569633920382,0.41666833466137126,54.73100091713454,366.2381285399997,69.1293395215,160.477723171,51.3291142946,109.241991818,1672.30126649
kuril-kamchatka,171,160.576236036,51.3913105702,-7898.5357596,26.0533343169,7.3605792292440295,4.61587705541766,0.229174816706134,42.48610595251545,269.7823551450001,75.1516188374,160.576236036,51.3913105702,109.168405671,1594.35693776
kuril-kamchatka,172,160.657080162,51.4695530976,-7913.26178606,35.0735640455,5.321400046525214,3.996130987272654,0.1422339302595673,60.4845546265621,122.44276234500012,71.1472752546,160.657080162,51.4695530976,109.060480475,1585.21041488
kuril-kamchatka,173,160.765769908,51.5471400176,-7911.16681079,36.0736786621,4.674483382471179,4.1843474577910404,0.05532738275716193,59.682767960513694,156.27645272999962,63.1272583568,160.765769908,51.5471400176,108.963772736,1542.36213561
kuril-kamchatka,174,160.857121116,51.6214398546,-7912.13626066,32.0687357284,4.826557991399281,3.7575469059856745,0.12453378636359254,50.376123581053946,264.91480757500085,58.123311032,160.857121116,51.6214398546,108.867092607,1546.76245006
kuril-kamchatka,175,160.941865272,51.6970437471,-7912.59235881,32.0701100414,5.528771442008732,3.789142400986354,0.1866972661836937,50.92873051674715,268.3222557649997,71.1537366579,160.941865272,51.6970437471,108.76587961,1586.88415872
kuril-kamchatka,176,161.026893348,51.7725861758,-7861.40658614,31.0681093269,5.15446373496642,3.727521166187363,0.16065582014147484,47.12497125161541,298.0831625999999,93.2010905914,161.026893348,51.7725861758,108.666625076,1640.80801538
kuril-kamchatka,177,161.112206914,51.8480667123,-7722.36090595,30.0604615524,4.999288310819522,3.3376076922533127,0.19931646238045228,44.68344565402834,285.25432913999975,93.1837410552,161.112206914,51.8480667123,108.575647644,1697.31051368
kuril-kamchatka,179,161.327507344,52.0091455001,-7610.19866532,30.064007420699998,4.866424016967941,3.248661783842386,0.1993524496024447,42.8689411767622,174.45259094250014,75.15782816814,161.327507344,52.0091455001,108.376374873,1696.8225225
kuril-kamchatka,181,161.364375132,52.0208462218,-7606.89862683,28.0611696893,4.82439351816447,3.6220787367845757,0.14234519987624672,39.36090230729344,243.29971231999934,69.1489146079,161.364375132,52.0208462218,108.372578432,1645.02239105
kuril-kamchatka,182,161.489220877,52.1252780158,-7421.00844043,21.044155464299998,4.918576313482552,4.473378573192772,0.0474020313834127,29.24649079101868,153.9654265499994,75.1552705298,161.489220877,52.1252780158,108.236582514,1585.59031594
kuril-kamchatka,183,161.591915925,52.1902173094,-7559.84731405,26.0502222087,4.624331399073308,3.966045441627216,0.07663062629885871,35.918338437600966,203.46569480000016,76.1440477392,161.591915925,52.1902173094,108.164546374,1454.24284681
kuril-kamchatka,185,161.780967473,52.328246341,-7640.06828811,20.04797406282,4.33281355300508,3.5472868408645817,0.09968486096339585,23.712763020959283,1507.2348278300005,63.1498204107,161.780967473,52.328246341,107.996814842,1182.35204928
kuril-kamchatka,186,161.867420879,52.4327584094,-7673.36204519,42.105788364700004,4.897278515862713,3.6769177190458446,0.14232946895341064,71.2106092103877,398.74606719750045,53.132780033779994,161.867420879,52.4327584094,107.841469919,1083.61847874
kuril-kamchatka,187,161.879039542,52.4585329506,-7682.56431105,50.1347657814,5.184599863306794,3.183109420192363,0.2391921582482918,88.07609031178795,-329.2390842700006,59.1585156878,161.879039542,52.4585329506,107.79830873,1079.03803385
kuril-kamchatka,188,161.879039542,52.4585329506,-7682.56431105,31.0601831579,5.611364119895032,3.550894973407256,0.22488658370226633,48.44351621504324,692.5800191200005,68.1299658413,161.879039542,52.4585329506,107.79830873,1079.03803385
kuril-kamchatka,190,162.084975031,52.6050750966,-7650.09615052,37.084452602400006,6.013195705026593,3.6687345680874492,0.2421481120814852,63.62746700187559,-100.99802747749982,56.126791348530006,162.084975031,52.6050750966,107.613867169,802.473542707
kuril-kamchatka,191,162.176796373,52.6848753699,-7673.35146766,40.091619046199995,5.357351542846993,4.387578329281319,0.09951566879299391,72.69453440057669,-306.8962446124997,53.12037990412,162.176796373,52.6848753699,107.506748383,726.942361842
kuril-kamchatka,192,162.176796373,52.6848753699,-7669.03675491,38.0993435588,5.239527072683391,4.7181140420353165,0.05236310735053073,69.19806603415915,-432.8359691599999,48.124937353629996,162.176796373,52.6848753699,107.506748383,726.942361842
kuril-kamchatka,193,162.243471859,52.7881107735,-7627.57697323,39.1022717201,4.081864091720782,5.276451272270894,-0.1276498102582189,67.51158850078552,-295.84322152000004,43.1122472447,162.243471859,52.7881107735,107.340579728,703.799848978
kuril-kamchatka,194,162.31046445,52.8913086287,-7701.25648973,47.1233622143,4.779440804100478,3.8634755338373106,0.10597872690755653,87.01447983409989,-442.02300209999976,68.1774000535,162.31046445,52.8913086287,107.202751113,691.705882726
kuril-kamchatka,195,162.344547877,52.9424236977,-7691.36653778,51.1256703035,4.18687101351538,3.441264136564201,0.09774431919227337,91.32589658437914,122.11335229500037,118.286308811,162.344547877,52.9424236977,107.150214626,690.29139673
kuril-kamchatka,196,162.426302941,53.0166977682,-7746.38906425,76.19839816,4.218590602643633,2.46383015451671,0.26259352888646875,149.49923065800925,-262.1920417199999,99.2563646855,162.426302941,53.0166977682,107.085355071,679.233187906
kuril-kamchatka,197,162.427209517,53.0618487927,-7832.47701816,65.1657754286,4.8571789402948395,2.6644024779567137,0.29153130710215097,126.6255634028584,-56.25530787500065,99.25013186295999,162.427209517,53.0618487927,107.03405496,699.09662433
kuril-kamchatka,198,162.507310459,53.1180038374,-7852.87626804,55.119642814900004,4.738517472945541,2.9309341259156336,0.23568612745379514,104.4269482296241,-259.37443154500033,73.1568586604,162.507310459,53.1180038374,106.910867628,694.328868989
kuril-kamchatka,199,162.587620831,53.1741049831,-7840.86390784,115.3203343175,4.110996043756175,2.9477035914248977,0.16480265664419871,323.44843023919594,234.2482347350001,130.359861467,162.587620831,53.1741049831,106.8043624,698.458090651
kuril-kamchatka,200,162.55863259,53.2530035679,-7781.78161663,79.2213177514,3.838333574065504,2.7555557683347858,0.16420927763652285,174.2082791119511,1644.0038636,135.38049780464,162.55863259,53.2530035679,106.692101352,741.600413105
kuril-kamchatka,201,162.529537231,53.3318950958,-7620.7214751,65.18261541640001,4.84672169501739,2.6585715052484766,0.29154759599417124,144.27689373541682,1636.28785818,98.27641526585,162.529537231,53.3318950958,106.615689978,788.252103831
kuril-kamchatka,202,162.529537231,53.3318950958,-7637.94449615,41.0693835891,3.5705651189515453,1.4790972231354929,0.4141797518587437,59.75573306159966,986.28979153,140.2268841188,162.529537231,53.3318950958,106.615689978,788.252103831
kuril-kamchatka,206,162.888132996,53.5085801577,-7263.11857623,59.1691307091,3.068616947355951,4.796439612506778,-0.21968343800199996,124.29596653515911,1434.9574487300001,109.311207954,162.888132996,53.5085801577,106.269435423,781.177443829
kuril-kamchatka,207,162.918435016,53.5975988776,-7100.2679446,51.142599090800005,4.099743688505496,4.610165105709582,-0.05860238370614119,105.5823203235104,1284.1662615149999,116.321879629,162.918435016,53.5975988776,106.10932716,802.256897512
kuril-kamchatka,208,162.963751792,53.676907435,-6943.91747631,45.123455988,4.535470038873109,4.740754284826657,-0.022130151103511866,86.51137031951295,1027.7663767950007,71.193664437,162.963751792,53.676907435,105.981416095,813.609334979
kuril-kamchatka,209,163.010919944,53.7588099466,-6506.86875888,40.109953312,3.7857021764688525,3.7857348781625806,-4.319086785254295e-06,67.99500450054856,1147.1836152650003,69.1886218879,163.010919944,53.7588099466,105.839676393,820.537547749
kuril-kamchatka,210,163.058272675,53.8406938256,-6509.30813584,35.096431074600005,4.071952651379376,4.310633974084273,-0.028473469272582135,53.60794519632349,1080.7944927950002,67.1835934234,163.058272675,53.8406938256,105.704585919,822.631869305
kuril-kamchatka,211,163.105811205,53.9225589462,-6249.53639614,35.0892428119,4.9493427341589955,3.716090849950147,0.14231854323716844,57.863248146150006,903.7571278800001,87.2194617723,163.105811205,53.9225589462,105.569686404,819.878765272
kuril-kamchatka,212,163.203202793,53.9926381468,-6214.32407063,25.0647332945,5.134314803905916,4.741279397070982,0.0397986590818054,37.847933590755595,1066.5391376650005,96.2456750948,163.203202793,53.9926381468,105.475146415,804.70795246
kuril-kamchatka,213,163.244095386,54.0761306301,-6091.66578231,9.0242111735,8.961598420662657,7.190350306915374,0.10966157357366008,10.091599621968035,972.16821643,84.2240819433,163.244095386,54.0761306301,105.328401326,795.948529835
kuril-kamchatka,214,163.320737772,54.1511673439,-6263.5297402,15.038533299050002,7.609416035473837,8.680970652677793,-0.06577834140569067,20.54398689513107,728.0395631900001,91.2309785775,163.320737772,54.1511673439,105.218638308,782.346837859
kuril-kamchatka,215,163.39053318,54.2278488187,-6214.97105884,32.0773889033,6.68369322149735,3.049054759739375,0.37344421829939617,45.9816796999503,583.4423055249999,93.2219365244,163.39053318,54.2278488187,105.103026183,768.840422017
kuril-kamchatka,216,163.491702674,54.2899105446,-6047.87444037,12.03056357498,5.6556760185992765,5.655699148581297,-2.0448426189129593e-06,14.041076470457643,48.797591235000255,46.1164286749,163.491702674,54.2899105446,105.025711773,764.940266242
kuril-kamchatka,217,163.543965708,54.3772000971,-5915.84812464,20.04939364073,4.596468771680094,2.4788159071419353,0.29930284937887874,23.172907173605296,39.70814782499929,69.1687550706,163.543965708,54.3772000971,104.88031611,745.765874897
kuril-kamchatka,225,163.859027488,55.0239755225,-5913.87882498,102.2979500356,8.949105283252552,0.7678214678011845,0.8419620755671706,158.52559503699217,3704.4891778036,141.41312172457,163.859027488,55.0239755225,103.84255461,631.60464769
kuril-kamchatka,226,163.814301253,55.1200188872,-5942.01196462,70.2046501856,4.228841332960068,0.7060454457408409,0.7138554631939479,92.99764226588901,-542.8587381799998,75.21957962392,163.814301253,55.1200188872,103.786209922,617.30861059
manila,5,119.376019891,13.4861774612,-5115.57299916,382.527208331,0.9300934328389651,1.4509419210928975,-0.21874874196800248,959.7547026550972,-0.9711376507499949,182.28265288720002,119.376019891,13.4861774612,24.0360738735,1204.87787167
manila,6,119.492209884,13.4532429058,-5036.46773091,293.905008823,1.3739623743405682,1.4408560087768416,-0.023764813686554344,716.8532906157641,85.37762509250001,178.32545738470998,119.492209884,13.4532429058,24.1384775074,1176.20246823
manila,9,119.597726974,13.4127328319,-5036.60875255,100.6729610447,2.808546266375235,3.493646602049477,-0.10870824647508588,256.76867066146633,-899.8705402549999,55.81760537044,119.597726974,13.4127328319,24.2721104551,1160.47413078
manila,10,119.685143681,13.3731358521,-5012.26027134,92.74770793159999,2.7456587687010785,3.057178560772646,-0.05368404702459928,203.2034439836379,-486.02725842999985,62.8279717649,119.685143681,13.3731358521,24.3955590948,1158.45680209
manila,11,119.74888462,13.3160216034,-4978.98155019,67.8602740284,2.9151519166177198,3.4781560432323784,-0.08806147461538193,125.84703009995744,-68.14772141999993,51.89246085981,119.74888462,13.3160216034,24.5987162222,1173.77940157
manila,12,119.812595484,13.2588914689,-4913.75035147,62.8702940175,5.059857697372097,2.9145309063157114,0.2690271189021645,115.36149837718935,-45.27837170499993,62.86963521690999,119.812595484,13.2588914689,24.8472543437,1185.71342367
manila,13,119.876276413,13.2017455268,-4809.29723209,52.89063382075,11.123214818976727,2.9478140333471123,0.5810094536391659,95.29630579179222,0.40597699999989345,66.861200486259,119.876276413,13.2017455268,25.1713977236,1191.92013257
manila,14,119.939927547,13.1445838549,-4654.52250344,47.9012613722,4.468619954293084,5.276917312465511,-0.08294025624728539,79.50501844948815,-752.5799209574998,30.9359847315,119.939927547,13.1445838549,25.6144603078,1182.21735817
manila,16,119.935957749,13.1356280802,-4649.41044822,85.783233888,2.519219908625355,4.94257399966363,-0.3247682957775443,162.24586297642665,-730.4658649,41.893402130559,119.935957749,13.1356280802,25.6379160392,1196.65503034
manila,17,119.868339923,13.1838319756,-4801.31603191,108.72492831080001,2.3361862751479077,2.8599235498325615,-0.10079411181164216,190.6745596406899,-148.81104090999997,75.806559196,119.868339923,13.1838319756,25.2406954002,1217.99612451
manila,18,119.800695444,13.2320181433,-4912.14188543,104.7322473449,2.3085617550141015,3.0768700460863325,-0.1426641947104851,195.4384588745406,-184.3527149800002,66.82776512361,119.800695444,13.2320181433,24.9696787958,1219.1258972
manila,19,119.764173091,13.2569204259,-4922.94861515,113.65651815320001,2.8449259375562743,3.0515472300452022,-0.03504150474629834,276.3559278356375,-686.201414234,71.7815732468,119.764173091,13.2569204259,24.8632597034,1213.36938694
manila,20,119.685416667,13.29375,-4991.00000024,36.9587223587,3.7238117802875816,2.268693412517581,0.2428230466144732,55.90575991791804,552.8549752200001,53.9393295151,119.685416667,13.29375,24.759292752,1199.64205687
manila,21,119.665093229,13.3977681568,-5006.35279991,58.87390954519999,9.232385359625743,2.1333020499615554,0.6246065947296684,119.47597087070162,-252.82553212249968,61.8671367717,119.665093229,13.3977681568,24.2959989298,1154.38766767
manila,22,119.564583333,13.3979166667,-5075.65618199,301.891398623,1.3472818978044339,1.5479927879999262,-0.06932360897554396,735.6297566641944,-50.01862759100004,161.39832774898,119.564583333,13.3979166667,24.3621319862,1165.96020637
manila,23,119.560416667,13.4270833334,-5095.99999964,94.7113249234,3.0038356335553007,2.941444526978071,0.010494224812381634,225.62916343439622,-794.2494672949999,59.8166991072,119.560416667,13.4270833334,24.2274437537,1164.47064064
manila,24,119.432879366,13.4668219412,-5034.04130874,60.8620503589,2.882375730140789,2.1420348910324725,0.14734879270982787,98.75484827497543,-265.23586854250016,63.8544157689,119.432879366,13.4668219412,24.1048899182,1190.22607354
manila,25,119.41332119,13.5459117312,-5109.48295017,10.00013968577,0.8284722325988617,1.2426010366893292,-0.19995854817478273,8.47072177618407,672.07155216,72.00060829944,119.41332119,13.5459117312,23.7300372103,1199.77986911
manila,26,119.39375,13.625,-5112.5,4.0005372255400005,0.535346174707104,0.5353462872580413,-1.0511976253319223e-07,2.0284620656567185,527.1157810849995,61.0079965824,119.39375,13.625,23.3514945248,1211.41298021
manila,28,119.38125,13.7020833333,-5097.00000005,7.99775548469,1.3634730454690822,0.8181834197955785,0.24994293755930708,6.253411805947742,508.66041713999994,63.9815912672,119.38125,13.7020833333,22.9857407618,1224.165699
manila,29,119.341700233,13.793597447,-5059.91058127,8.995752540924,3.1931704486191594,0.3995540739956979,0.7775760031248407,7.2426336265222,470.2058151424999,72.9649033866,119.341700233,13.793597447,22.5532428346,1249.33017787
manila,30,119.317725117,13.8374237235,-5099.98615203,9.99501669417,2.3205924537670244,0.5804464888797048,0.5998354380240472,8.506995747817426,460.0377176574998,70.9639868744,119.317725117,13.8374237235,22.347950035,1263.60573198
manila,31,119.275546358,13.9312154925,-5060.38367304,7.99667658578,0.28879711381881157,0.2887974163765395,-5.238237415867632e-07,6.110644044163486,399.19844268999987,62.97331027600001,119.275546358,13.9312154925,21.8947889142,1292.99840797
manila,46,119.101242347,14.7943755314,-5110.31203728,8.00135381196,0.14801354118679422,0.44403251176054603,-0.4999931493506322,6.068050972583475,135.9959535275002,23.00392886234,119.101242347,14.7943755314,18.020157953,1572.38090156
manila,48,119.137981584,14.9990153955,-5161.07611518,31.916258610699998,1.8036122516122486,1.4030057297219791,0.12493116555268079,41.32199273468628,-503.39794406750025,60.8393612055,119.137981584,14.9990153955,17.3578682112,1703.72174768
manila,49,119.055134831,14.9375678108,-5153.6740605,120.71892863219999,1.7139346359173435,3.2215004525846043,-0.30545753102485884,293.5288999797524,-187.12826836,55.868481672179996,119.055134831,14.9375678108,17.4950256039,1617.41079269
manila,50,118.972335484,14.8760904083,-5153.37790386,104.7548591651,1.4886081858216034,2.6234825928289336,-0.27598476495204255,206.74569911175197,50.88454623499956,52.87507709430001,118.972335484,14.8760904083,17.6441344301,1553.8644882
manila,53,119.071780799,14.6923964902,-5187.35384509,135.58765170520002,1.0263211814267774,1.710281905390595,-0.2499305534143987,254.6493309398082,73.3824959274998,80.7515653105,119.071780799,14.6923964902,18.3655892225,1519.60801735
manila,54,119.109109782,14.8163788797,-5144.25261103,11.0017965861,2.577662431858709,1.4736185071321939,0.272517246113648,10.353963947426523,-34.36186524000004,22.0036185673,119.109109782,14.8163788797,17.9494487603,1586.5308547
manila,58,119.14375,15.1229166667,-5201.00000006,16.00482000612,2.7624581680187945,1.256435066967658,0.3747357824638039,16.342336283348114,-3.2346797699997296,43.0129671158,119.14375,15.1229166667,16.9459428503,1746.90641717
manila,68,119.202083333,15.7354166667,-5196.32584349,4.00097478152,0.9683680135619733,2.9028936686225606,-0.4997145152866401,2.0971904611759626,1525.7583512124993,23.005634994239998,119.202083333,15.7354166667,17.875136362,1739.18526622
manila,106,119.037867616,18.4120023464,-4310.03261791,170.3995612456,0.17337969060428463,0.457386794566705,-0.45025712468764256,199.2123753709821,368.2496352200001,137.52777676398,119.037867616,18.4120023464,28.1601227299,2701.90289045
manila,127,119.210416667,18.55625,-4255.99999736,111.61419132840001,0.5590766125829855,0.4192936638122072,0.14287325784856103,138.99743136607773,-334.9194580550002,100.655688591,119.210416667,18.55625,30.8432579117,2698.40288661
manila,133,119.486321502,18.55360192,-4209.63159568,44.94146059356,0.3944636534448665,0.5397780916101167,-0.15554265149722887,48.33790812591444,-325.4026122324999,134.82982223329998,119.486321502,18.55360192,36.8220399631,2186.1938403
manila,145,119.685170237,18.9622484772,-4272.52016128,106.6295718484,0.41652365307517836,0.856839318201695,-0.3457895942152199,140.70898880273603,-1118.6249741074998,48.8285627068,119.685170237,18.9622484772,40.6854684116,2581.10569268
manila,157,119.720081753,19.0057381591,-4214.22359336,25.99432648765,0.6354262332513589,0.3364104771392066,0.3076810671125839,25.58687038498862,-384.49010348,90.981503066415,119.720081753,19.0057381591,41.1398743217,2502.95422567
manila,158,119.745553124,19.0538356218,-4229.71163298,87.81076749180001,1.6263899046252053,0.610018069369154,0.4544662007445583,121.5232558222977,-63.64597333749998,87.8122641339,119.745553124,19.0538356218,41.6399470171,2462.09391322
manila,159,119.817560461,19.0717234539,-4233.18301721,288.0803762342,0.5023923937306113,1.8774033350509602,-0.5777852799258274,596.7764286251833,-657.5449775499999,70.76685552593,119.817560461,19.0717234539,43.1385497128,2276.62084802
manila,164,119.89375,19.3,-4235.0450392,77.8711412366,1.6592523177653613,0.7375924012148306,0.3845305076511915,107.75918547937319,67.43203886999981,81.86591186678001,119.89375,19.3,44.7779739122,2520.64450137
manila,167,120.059282166,19.4439708862,-4199.80206183,68.927623227,4.319150486755805,0.649062470155397,0.7387139094943599,96.00506526294727,368.2949247199999,91.90454134801,120.059282166,19.4439708862,49.5069612988,2411.76608636
manila,168,120.12411939,19.5202290455,-4213.00417789,74.9214874308,1.80149243524015,0.7007618609891594,0.43989556773254457,101.3763278982825,-608.9413544650001,84.91224547982601,120.12411939,19.5202290455,51.5525920988,2363.88192121
manila,169,120.18901782,19.5964640758,-4191.54214202,85.95219834519999,2.04514480998022,0.6199677213658228,0.5347530627138648,117.34658386302623,-686.2492355250001,85.95299123367,120.18901782,19.5964640758,54.2044106087,2292.28747658
manila,170,120.219798058,19.6687724155,-4250.05486921,63.9975331575,1.9025228154456275,0.8035215884273894,0.4061283050068566,82.30122205323151,70.49614870999994,84.997553102635,120.219798058,19.6687724155,55.3789960779,2326.6224017
manila,171,120.250606077,19.7410755096,-4250.13548713,52.9979978703,1.980536475548065,0.7820467953047129,0.4338293411417757,65.47242969545997,-404.8845704350001,88.99761273368,120.250606077,19.7410755096,,2369.59420527
manila,172,120.281442011,19.8133733324,-4158.12528319,35.0139421735,1.3790002660535365,0.6321365210467148,0.3713639717583228,39.45459967466778,480.1200869700001,89.0359652231,120.281442011,19.8133733324,,2422.98715279
manila,173,120.28087224,19.9053519451,-4210.14723601,22.0113786522,1.1225217996398862,0.5238959686289886,0.3635929121685333,21.28474309313439,-470.324214835,54.02792191447,120.28087224,19.9053519451,,2645.24555145
manila,174,120.280301806,19.9973305559,-4140.46773737,17.008871009739998,0.879744855039821,0.6158461073477144,0.17645115163762642,16.070674205973905,-424.8902012799999,58.030256111570004,120.280301806,19.9973305559,,759.023456373
manila,176,120.255396563,19.9965781826,-4125.39696225,50.014846834500005,2.262203487767038,0.7951861856137694,0.47982673419939526,62.76285482081971,-344.96054035,113.03463249063,120.255396563,19.9965781826,,787.734631122
manila,177,120.231091068,19.9038438832,-4141.18129894,52.0151772115,1.9244424280757655,0.7804202583901746,0.42295018353790165,66.81997334566373,-807.552055445,62.0183615052,120.231091068,19.9038438832,,2784.11114611
manila,178,120.206814044,19.8111062871,-4157.2719926,45.0128734612,0.8231994394570746,1.0289545308863641,-0.1110896257675257,53.5003865964897,-520.6930006524999,66.01938051521,120.206814044,19.8111062871,,2657.36320594
manila,179,120.182565315,19.7183654148,-4195.68415023,39.0110110037,0.875748782709118,0.9218292478673163,-0.025634750967345517,43.97482574939873,484.9281070699999,83.02417245611001,120.182565315,19.7183654148,55.4642709752,2561.70418709
manila,180,120.182565315,19.7183654148,-4198.90701715,86.9826150042,1.4288390567218903,0.8314248881214114,0.26431168358166957,120.7171066935244,-906.1581598799999,63.987706884594,120.182565315,19.7183654148,55.4642709752,2561.70418709
manila,181,120.229588512,19.8127808164,-4563.7108892,75.9850690291,4.40972271545814,0.9975993916800381,0.6310190619629957,104.1467993248037,-606.3934212599997,98.9815095096,120.229588512,19.8127808164,,2598.69086272
manila,182,120.276667572,19.9071838969,-4180.5161525,79.9847514896,1.2775989304441635,0.9443688577558997,0.14997070365191997,108.44479289753072,-496.36092915499967,108.98124256596999,120.276667572,19.9071838969,,2648.71731077
manila,183,120.323802844,20.0015745779,-4175.30079284,64.0234873205,1.232016627478071,1.0871043605373167,0.06248585894812005,82.59443595851212,-77.70069136999973,174.06647847736,120.323802844,20.0015745779,,679.318089045
manila,184,120.324142333,20.126571122,-4164.12699706,37.0195513627,0.8741667580676138,0.6660534680751238,0.1351191774137911,39.33550783133373,-172.06230872499964,86.0454465062,120.324142333,20.126571122,,665.178322803
mariana,0,143.241520729,11.4460635011,-9517.80377961,117.538649384,2.8439766070013737,9.07200509507937,-0.5226618036003254,322.0682118213981,321.77801133,43.8291914254,143.241520729,11.4460635011,151.523056376,99.6407757236
mariana,1,143.329524431,11.4663530143,-9576.82819173,100.605666076,3.3224266915460228,8.201346195494931,-0.4233786583416177,271.2414822041525,160.4216045025005,45.8214811534,143.329524431,11.4663530143,151.778541931,100.484202471
mariana,2,143.417540851,11.486616055,-9731.56852907,116.53887738030001,3.1344042217208288,7.6139020116793965,-0.4167631339009104,315.2724237672776,824.88821259,45.8198590208,143.417540851,11.486616055,152.033408825,101.11843249
mariana,3,143.501747963,11.5025091214,-9585.42207828,107.5854110458,3.1176914619039353,8.439601538871088,-0.46048067454985087,299.33842957297423,1899.9065763425006,43.8321752762,143.501747963,11.5025091214,152.273388458,100.953994036
mariana,4,143.584674085,11.5306804008,-9581.10456107,116.57899542700001,2.9462404389090677,7.784370661749454,-0.45087182616686927,321.8068860064659,1334.46308309,43.8427574212,143.584674085,11.5306804008,152.487786352,101.023899086
mariana,5,143.668297462,11.5636572237,-9903.67855483,93.6494370726,4.2010014261189195,8.905594544215896,-0.3589485117833227,293.4657459055119,1003.8327762874997,44.8331038999,143.668297462,11.5636572237,152.677421319,101.280960037
mariana,6,143.7577204,11.5843660177,-9727.60980937,85.6974681421,5.057935047759336,7.708798428383048,-0.2076383426956839,285.2142590102376,256.13373048750054,43.8459113208,143.7577204,11.5843660177,152.885038123,100.981366211
mariana,7,143.835603351,11.6295388298,-9809.4508864,111.6743238542,3.6687527087167084,8.367846476210396,-0.3904004524283033,348.93418251757225,-0.7862172300001475,73.7868658435,143.835603351,11.6295388298,153.051938174,100.451881966
mariana,8,143.911586691,11.6787731018,-9888.4838355,90.772315679,5.689399333444767,7.566450911076883,-0.14160174888878668,312.40130818842744,-625.1034637374996,48.8780671569,143.911586691,11.6787731018,153.211440066,99.8689252159
mariana,9,143.981824308,11.7402360229,-9642.6308001,98.70395668520001,4.909518958104941,5.214598216087467,-0.030133912195347654,264.7012164149526,457.39464692499996,69.7919092262,143.981824308,11.7402360229,153.348274865,98.2538818956
mariana,10,144.067481069,11.7690147953,-9666.79155937,101.6854648322,4.60818106193694,5.388135489229623,-0.07802418253768313,302.65327120829784,1599.4358557124997,94.7094652878,144.067481069,11.7690147953,153.545497753,98.4762524994
mariana,11,144.13893943,11.8260039651,-9496.79781317,77.7661130862,5.8877740745301335,6.195190488820095,-0.02544213488984399,236.52821711048003,663.5046200799998,71.7854053933,144.13893943,11.8260039651,153.687068633,97.6249787338
mariana,12,144.219294975,11.8561726553,-9036.41676967,104.77165817000001,3.4344355746820043,6.293928823265716,-0.2939336081188474,308.80241168730265,-570.1315328299997,45.90070352271,144.219294975,11.8561726553,153.873685996,99.0280451189
mariana,13,144.27115571,11.9427482298,-9586.56638031,74.8368864449,7.586604974297228,5.6606739896861,0.14538313791438565,248.10707686881887,-1215.6845000324993,59.8688949238,144.27115571,11.9427482298,153.999351932,97.4492357651
mariana,14,144.352344914,11.9732618423,-10767.7177372,126.504581279,4.857510861401213,6.553452566941038,-0.14862388405587995,416.3461767413728,611.6592305824997,64.747951175,144.352344914,11.9732618423,154.149695696,97.5824314982
mariana,15,144.446098175,11.979725239,-10565.6157704,119.53162921469999,4.613077424120736,7.143038278834902,-0.21520380699197275,381.53926626978057,2711.653286587,69.7286495654,144.446098175,11.979725239,154.326311579,99.0659385536
mariana,16,144.527318205,12.0101887864,-10361.9509933,113.64527285969999,4.7555559448002676,7.269180522920566,-0.20903781008988137,374.0698009660535,816.8752899000001,63.8022630072,144.527318205,12.0101887864,154.414104168,98.9224640448
mariana,17,144.598576673,12.0608862632,-10722.2657648,112.5890634495,4.964675070268726,8.3537747615252,-0.25446652831668026,406.2660276664821,2904.3501528765,79.7114370248,144.598576673,12.0608862632,154.460675814,99.1358219483
mariana,18,144.695961515,12.0668684944,-10539.2117932,146.4047054845,4.702814525297338,4.394489300726846,0.0338919344090149,494.8394564044836,2325.82854284,119.518041332,144.695961515,12.0668684944,154.53003321,100.549066214
mariana,19,144.790905551,12.0766533766,-10319.7895217,139.47166575900002,3.9759837232615163,4.33057608086664,-0.0426882326699075,401.9257921885281,3311.3732291355004,114.569899574,144.790905551,12.0766533766,154.607702539,102.607132833
mariana,20,144.871900758,12.1147705657,-10049.9556989,166.438163745,3.123317894417643,4.431365646455222,-0.17314395036677444,517.1583034399204,3553.7234587049998,112.624061391,144.871900758,12.1147705657,154.661520239,102.710184691
mariana,21,144.954912026,12.1488115879,-9897.21886722,164.4453492084,3.044229085439087,4.02736454115638,-0.13902601133920237,493.5554024545301,2788.4765858624996,117.60774483,144.954912026,12.1488115879,154.719073404,103.685156334
mariana,22,145.034305489,12.1861712466,-9761.62166393,135.5497531297,4.02319024769703,4.142726232428029,-0.014638404032411697,458.5530654875713,2752.75811449,117.613103373,145.034305489,12.1861712466,154.780223554,106.035483511
mariana,23,145.110904018,12.2198517818,-9465.17786513,164.4597348255,2.5154658676530426,3.676492056602532,-0.18750550361484786,454.8458585617016,2810.1709930225,112.634268771,145.110904018,12.2198517818,154.834151452,106.948655478
mariana,24,145.187886623,12.2584201557,-9462.45760626,174.47486589480002,2.4839451208594108,3.7228427523949166,-0.1996036688919304,503.19727534011355,2673.9567045225,112.665130367,145.187886623,12.2584201557,154.896942286,109.24123815
mariana,25,145.262057111,12.3055231817,-9532.14054829,175.4236221102,2.4525658549500586,3.6242424822547292,-0.1928111867756584,481.09351719871864,4142.3048159358,134.563944861,145.262057111,12.3055231817,154.955127743,109.780163829
mariana,26,145.339175259,12.3293112206,-9346.05855179,183.37524692760002,2.3032653512779033,3.747517426365047,-0.23868846860996457,518.0753814920521,3896.122693784,140.528296144,145.339175259,12.3293112206,155.015916003,111.069443982
mariana,27,145.423828974,12.37426406,-9249.39926223,317.2144872715,1.0614661843220614,3.10286807930137,-0.4902108634293596,718.4766518951357,3933.3565034,130.684926482,145.423828974,12.37426406,155.067720617,113.636348909
mariana,28,145.488944234,12.4439656939,-9351.29079757,58.926893707000005,5.650684299017956,4.772265000080479,0.08427742222764714,135.57227352804,-24.74155906499982,47.9401710166,145.488944234,12.4439656939,155.07675253,114.42450897
mariana,29,145.537845491,12.5295849606,-8989.82938028,70.9431837633,4.18874649080025,3.6392256358474286,0.07019964379818933,135.83744498367022,-468.7391133174997,50.958850476,145.537845491,12.5295849606,155.080991201,117.494425462
mariana,30,145.586779167,12.6151954011,-8784.14633476,55.903189363699994,5.150866220819274,3.86774862506266,0.14227435339945899,103.92474661622795,-218.57972303000042,52.9078984661,145.586779167,12.6151954011,155.091607242,119.708550864
mariana,31,145.670339659,12.6707743998,-9646.39649444,100.6849550775,5.769008491004485,6.119446696990118,-0.0294771860972751,356.67399961995295,2637.9569183435,150.535301722,145.670339659,12.6707743998,155.117111677,122.14053837
mariana,33,145.83966474,12.7518135696,-9804.01979606,260.2195395172,1.7969356094937101,5.190184812583618,-0.485643440804054,927.2069089558046,1915.4439363315,162.524853346,145.83966474,12.7518135696,155.206120701,125.007572662
mariana,34,145.920570931,12.7951235138,-9942.17402526,262.1900295236,1.8320982639362877,5.138699442578063,-0.4743504714749777,946.0117757333978,3011.8678684905003,170.486754675,145.920570931,12.7951235138,155.25432732,125.556789021
mariana,35,146.001504901,12.838408766,-9930.43781182,152.5765981815,4.583301401274787,5.020453003225785,-0.04551882352865425,670.2933975554928,2491.7126875054,170.534692163,146.001504901,12.838408766,155.302932279,127.174252565
mariana,36,146.074638095,12.8927928695,-10176.8206381,163.5953725429,4.085516063882334,5.214594566144157,-0.12140484636994117,709.9317815918075,2107.458599867,168.590904396,146.074638095,12.8927928695,155.345242321,128.246933926
mariana,37,146.147803083,12.9471566439,-10159.7025591,160.6524024456,3.2697426785314834,5.640421176489409,-0.2660645232267018,619.3528500345959,2585.8798261915,165.649643346,146.147803083,12.9471566439,155.380215646,128.802161271
mariana,38,146.213112224,13.0125864626,-10084.748506,63.9153770777,4.76930415828153,7.916578894040306,-0.24809268087827324,178.3107764352434,-153.30744381000022,38.948034863,146.213112224,13.0125864626,155.405443548,130.584171383
mariana,39,146.26496914,13.0974261634,-9534.59800598,64.8771776763,3.7272548009469304,7.772599657676672,-0.35177356994254705,163.17064442628762,311.54033877000074,31.9391486021,146.26496914,13.0974261634,155.428644614,132.955351428
mariana,41,146.406005579,13.2155893064,-9193.95469635,73.8970325694,2.9810794615048835,5.491702668712952,-0.2963162711636396,165.57762458855484,-900.2064075875005,47.9325618888,146.406005579,13.2155893064,155.502881545,133.99664336
mariana,42,146.465979807,13.2893792338,-9537.81310244,71.7672534802,3.514111581519479,5.84397768973242,-0.24896814303431605,168.02647231011326,-158.19332832500004,35.8830759372,146.465979807,13.2893792338,155.553222418,134.251412731
mariana,44,146.641642122,13.3595165222,-9755.12626327,94.8230289274,3.428558457334296,3.9724676401750547,-0.07349105052119721,207.3099586065635,1920.5287311425,110.790353556,146.641642122,13.3595165222,155.624872354,132.633263087
mariana,45,146.696441427,13.4106856291,-9288.00012001,314.415206856,2.2702492909138465,2.3432387720954626,-0.015820888703894496,1139.6432920928194,410.83796237499996,190.653794927,146.696441427,13.4106856291,155.645622552,132.981957325
mariana,46,146.747384665,13.4632274235,-9180.5331854,76.8802971088,2.738863801078053,5.682565209499646,-0.3495489191589895,165.54408221645554,219.45211095500053,40.9356849448,146.747384665,13.4632274235,155.63686717,131.596108388
mariana,47,146.804561478,13.5325925153,-9228.62317853,70.9220612533,2.7756332604329588,7.047735919782576,-0.4348917953683059,146.04504883499442,990.4912872175,35.9600474091,146.804561478,13.5325925153,155.630380191,132.364359512
mariana,48,146.849411469,13.6080811346,-9424.4668866,66.9584027177,3.1787912524243938,9.277149650184603,-0.4895943586632511,146.8825909936876,1740.5195691975,29.9810987981,146.849411469,13.6080811346,155.610279735,131.899886658
mariana,49,146.88604774,13.6876538605,-9606.16671099,56.964694892699995,4.136825513156167,9.658206823627419,-0.40024417309619753,136.5069582844663,1739.3256748000003,32.9792895093,146.88604774,13.6876538605,155.580952637,132.228482269
mariana,50,146.930953174,13.7631279079,-9616.52219718,48.9608045657,5.036192899470514,10.3016034255464,-0.34329641719701737,117.50712626785392,1742.4680262825,30.974962047,146.930953174,13.7631279079,155.561418046,133.637021115
mariana,51,146.975887539,13.8385938515,-9606.95889906,41.958401487900005,6.181078102863874,11.03103984016657,-0.2817759995228565,103.62737704350221,1338.5590793950005,30.969060649,146.975887539,13.8385938515,155.538298159,133.557841432
mariana,52,147.029098951,13.9099550473,-9566.23726227,52.937107939200004,4.884126766989679,8.693991444044674,-0.28058856299828655,123.47854640929712,453.4258392799993,28.9653429714,147.029098951,13.9099550473,155.525298333,131.877131525
mariana,53,147.08234318,13.9813047197,-9465.09253185,56.9382444524,4.183469446467887,7.706471983733884,-0.2963010842355522,119.52532765454879,-120.44359039000028,68.9241459182,147.08234318,13.9813047197,155.510614762,130.799803734
mariana,54,147.131494907,14.0546929033,-9312.37353522,44.9724655323,8.053353034961672,4.909971027181315,0.24248271451918946,93.46969391433687,347.08350856250036,116.926561018,147.131494907,14.0546929033,155.497512407,130.719741703
mariana,55,147.164171774,14.136274283,-9268.20207104,53.9884031934,6.254045855907372,3.989294252089227,0.22109503149760076,104.5037343857392,-164.9826777899989,48.9892739947,147.164171774,14.136274283,155.463780307,130.581439631
mariana,56,147.192449647,14.219289875,-9391.61914439,57.991269612800004,5.709904494802527,4.037246681064191,0.17160478826672165,114.35922155945175,1964.1689280175,77.9877013266,147.192449647,14.219289875,155.425888907,131.388802858
mariana,57,147.221115672,14.3020461671,-9481.12275415,71.98905944250001,3.565602634524189,4.4538077066237065,-0.11075690534777899,136.98577269763658,3237.4484664675,69.9887810353,147.221115672,14.3020461671,155.396259917,131.238372939
mariana,58,147.250047034,14.3854246062,-9385.34125284,74.9728005558,3.7005995156185563,3.6035108279755406,0.013292335832270814,138.28120279769547,3660.6675918475,70.9735991307,147.250047034,14.3854246062,155.34737594,131.740554015
mariana,59,147.292204341,14.4644982569,-9327.06227339,52.9724327122,5.792780225229785,4.447407028864216,0.13138169869185665,103.84772246469369,3952.8755555249995,71.9618611064,147.292204341,14.4644982569,155.316702199,130.658460015
mariana,60,147.329988988,14.5449990211,-9335.46480586,49.9699674884,5.817681432331287,4.96051205797543,0.07952811156403389,99.32205795071906,2919.7392717,57.9646745443,147.329988988,14.5449990211,155.287155714,130.198685034
mariana,61,147.376609279,14.6226229483,-9184.73201985,38.9766676227,7.823417966589611,5.459901649910513,0.17793114860710058,77.80860650401804,3000.4960416824997,56.9654528236,147.376609279,14.6226229483,155.256599345,128.811859476
mariana,62,147.414452034,14.7031100743,-8833.73590054,31.9887552814,7.49823207057783,5.84514465955027,0.12388823642332174,61.351252909942154,3425.1953349825,48.9824857924,147.414452034,14.7031100743,155.21716438,129.14409012
mariana,63,147.447916038,14.7850278691,-8571.80680253,37.999424193699994,4.574492264553349,5.080259335695323,-0.05238530125714958,63.699848970023055,3188.6215683025,48.9990236895,147.447916038,14.7850278691,155.182832579,128.714173602
mariana,64,147.463772059,14.8726899595,-8678.95885556,38.0015196389,7.1723310637751165,4.1983352820989595,0.26154982401319793,66.5366646808863,1559.8443019499991,56.002018823,147.463772059,14.8726899595,155.129563857,129.768223573
mariana,65,147.492993477,14.9563953571,-8830.15049455,37.000539654,7.471430982350341,5.109657736121818,0.1877240753227385,64.99786877409926,985.1484658475001,56.0005674138,147.492993477,14.9563953571,155.08499691,130.664387619
mariana,66,147.511899732,15.0452906598,-8559.23758287,25.99970875535,9.755680534735387,6.133394372389354,0.22797338319059604,46.56689776518883,655.1487302575006,56.999082408,147.511899732,15.0452906598,155.034621665,133.241994792
mariana,67,147.544048231,15.129821446,-8394.80256377,21.989288337410002,8.931016206768948,6.209178497920072,0.17977560803798018,37.56333454136335,794.4960645300007,56.9717839829,147.544048231,15.129821446,154.994031098,133.102898786
mariana,68,147.594017115,15.2089940442,-8280.45707268,23.99027000205,7.768096531520816,5.565340412434777,0.16520542515368533,37.59360805679629,1006.6474871649998,37.9844049648,147.594017115,15.2089940442,154.968443246,133.036514895
mariana,69,147.621773405,15.2948522623,-8099.88105925,18.00324796229,7.017652671093594,10.94801353183889,-0.21877067158821836,25.641124522316467,921.0839204799995,26.0046422085,147.621773405,15.2948522623,154.918435349,134.887522948
mariana,70,147.627292654,15.3874043511,-7674.44489594,19.00196640286,4.091238900761457,8.809380751836299,-0.36572986245081374,23.189451392744186,2167.06320481,22.002225284,147.627292654,15.3874043511,154.860340449,136.268016637
mariana,71,147.663994015,15.4705786351,-7739.40645368,21.994591646099998,4.6077341974239365,4.6077475950909825,-1.453821660944745e-06,27.366446522172286,405.60389422499975,24.9937712544,147.663994015,15.4705786351,154.820981223,136.336719115
mariana,72,147.696269705,15.5550875034,-7829.21558276,27.005361379900002,6.224853925879862,3.6711281796368698,0.25805682740870783,42.11064573332643,3905.17649885,80.0155214325,147.696269705,15.5550875034,154.779999634,138.030199337
mariana,73,147.696269705,15.6492659667,-7880.13161783,28.00897437145,8.805793182396863,3.545782574047277,0.42585745430944727,43.2520829698551,1594.0703287074998,68.02175025961,147.696269705,15.6492659667,154.70441234,138.68321206
mariana,74,147.702272032,15.741056218,-7901.15815947,19.00324590037,11.223055083704113,5.232563943734492,0.364039245802962,27.058250096622977,1772.34515487,72.01196535825,147.702272032,15.741056218,154.627507774,140.48448316
mariana,75,147.732391535,15.8240381881,-7436.59168679,12.9985468679,5.668205024109262,6.605157382378964,-0.076340315492875,15.842799443982582,-349.4926403725003,14.9982944151,147.732391535,15.8240381881,154.57714524,140.649225761
mariana,82,147.879590872,16.2707891953,-7575.28991111,152.5961665461,3.6221014350523832,1.5587796940978882,0.3982569160572317,339.9425766870084,5.523462329999802,146.6161967836,147.879590872,16.2707891953,154.221665536,137.931867046
mariana,84,147.916631438,16.3769890165,-7027.42800805,51.89989430479001,3.04533384528694,0.9143702823539731,0.5381623207798959,67.71809357048238,-174.67680242499955,136.74056307513,147.916631438,16.3769890165,154.09141409,137.191981444
mariana,85,147.857408783,16.4276306673,-7343.45911651,80.8445906808,3.7850093276701107,0.7246037761944106,0.678640380225319,111.04377585406199,802.7808794699995,144.725574316179,147.857408783,16.4276306673,153.83417972,139.962718096
mariana,86,147.798155258,16.4782557044,-8242.51545581,65.9729189486,7.987860051892817,2.16356738418864,0.5737412501223972,116.68729673561712,-194.73036836250049,117.95315561244,147.798155258,16.4782557044,153.604658099,143.156586501
mariana,87,147.810335402,16.5211671527,-8277.71829161,52.003468849600004,4.754475666543774,2.975724087461635,0.23010421925519814,80.44753880446868,1322.9248095350003,77.0046254014,147.810335402,16.5211671527,153.530465729,142.332264893
mariana,88,147.837669421,16.6148611844,-8383.66040635,38.0101464343,8.402780253910695,3.4439651510032223,0.4185803723654433,58.256459658353855,3130.0355820149994,121.031551122,147.837669421,16.6148611844,153.376172774,139.722313401
mariana,89,147.840887624,16.7094329282,-8315.70075569,75.0275766654,3.8962215535956077,2.5997079773680247,0.1995886146928772,129.63452761567623,248.44144810750004,133.04879167068998,147.840887624,16.7094329282,153.180137884,139.022980141
mariana,90,147.840887624,16.8059537508,-8439.99655767,266.0991777859,3.000213002431962,1.135685378841952,0.45081562739356024,620.0387600500937,1946.1321334900003,223.083116263,147.840887624,16.8059537508,152.969687355,138.624517978
mariana,91,147.840887624,16.9020845506,-8776.245075,259.0971532318,4.353959860542416,1.401909914081571,0.5128764308524845,781.5465355647523,1654.9772314824997,223.08349634532001,147.840887624,16.9020845506,152.769183734,137.649592061
mariana,92,147.844112631,16.9970462833,-8496.38640593,263.0986421328,4.384977503971748,1.412722534352184,0.5126610466171717,880.9316611349143,1246.960094215,217.081140564,147.844112631,16.9970462833,152.562275784,137.272556269
mariana,93,147.847344379,17.0916175902,-8530.19122814,259.0992677987,3.706501690449546,1.1189595579578897,0.5362269012823658,610.4576951900159,2170.819431215,225.08608549857,147.847344379,17.0916175902,152.361009425,136.194348338
mariana,94,147.847344379,17.188138773,-8516.88084336,79.02912147320001,6.950929298626896,2.2108870541796537,0.5173692706681704,160.01447047537448,-248.06981419500062,134.049747784,147.847344379,17.188138773,152.160011786,135.82404182
mariana,95,147.832458209,17.2835344589,-8543.84244771,76.0279925129,9.211031011400365,2.097073575808127,0.6291025503636931,148.3748775255085,294.99838656999964,92.0340140369,147.832458209,17.2835344589,151.945052127,135.983626756
mariana,96,147.831913897,17.368207038,-8526.82742557,46.018155659399994,8.0682845602879,4.323528330115323,0.3021959953149942,104.27663241605485,1297.5187231050004,92.0363857023,147.831913897,17.368207038,151.752134265,136.188933404
mariana,97,147.827497649,17.455047,-8562.73048455,51.0203252932,6.558353645900624,4.242002395029548,0.2144698972971619,111.94474605139165,1881.494059665,94.0375434407,147.827497649,17.455047,151.548165421,135.505454212
mariana,98,147.826916849,17.5413913425,-8667.6659797,86.028789724,7.936693268950293,2.1134618936844136,0.579417061829649,169.257476437569,24.179420555000434,196.0671246,147.826916849,17.5413913425,151.354042314,134.360876909
mariana,99,147.803071245,17.6267426852,-8687.28905259,95.026285031,7.237175603996263,1.9394884954864313,0.5772998827328193,188.47548143235548,-442.735437155,138.039023401,147.803071245,17.6267426852,151.144283782,136.143858206
mariana,100,147.793342393,17.7128376646,-8574.03573538,88.024585054,5.214878772934636,2.0742094850295056,0.4308727205317618,170.19877670078665,-346.61851880999984,130.037202155,147.793342393,17.7128376646,150.914399181,136.422316719
mariana,101,147.769457941,17.7981849004,-8550.54662802,85.02075367980001,5.696012826036937,1.9948418364348124,0.48124313253016443,159.9862784995682,-370.98684736999985,126.031669227,147.769457941,17.7981849004,150.70215355,137.883546313
mariana,102,147.754985732,17.8840286199,-8215.7954493,80.0299641804,8.988695910666424,1.5989624779992877,0.6979572972035049,135.54612825389515,1741.5793409199991,170.064519501,147.754985732,17.8840286199,150.510966589,137.385073943
mariana,103,147.749528731,17.9698712322,-7320.4636378,15.006316980610002,7.355922878837322,10.959269282590297,-0.1967408461780564,21.568396153748587,-395.10122233999937,153.06470024537,147.749528731,17.9698712322,,137.022349648
mariana,104,147.749528731,18.0589684668,-8010.82774496,30.009801294,6.203840102864538,8.090381547190793,-0.13197930538029348,51.22090982345014,-23.340881799999806,195.061116669,147.749528731,18.0589684668,,136.280293057
mariana,105,147.779162209,18.1444123276,-8036.51966898,82.02624578289999,8.27847894880072,1.5702741145922663,0.6811222487791176,141.14897918346028,80.22800604500026,208.064377693,147.779162209,18.1444123276,149.928653998,133.969599192
mariana,106,147.779162209,18.2281049903,-7780.22962345,49.02137238027,8.344850382708675,1.8902944993308002,0.6306267236826576,71.64137660396582,-140.08931378750003,130.05675423392,147.779162209,18.2281049903,149.737804048,133.313130799
mariana,107,147.776962019,18.3119916672,-7543.53706011,12.99916481487,11.864865665501073,7.4805791871299006,0.22663146346696242,18.011386228781102,1287.7842450050002,26.998361319704003,147.776962019,18.3119916672,149.554219771,133.346808685
mariana,108,147.711893255,18.3966417153,-7223.7544439,7.995998967939999,12.373522361678623,7.498603083204925,0.24531443765260838,8.407654324682532,1320.5071906875,18.9905632732,147.711893255,18.3966417153,,136.247717191
mariana,109,147.703030061,18.4386460129,-7355.99713747,116.75156744729999,2.50081670570745,0.6457797260971955,0.5895376225753706,182.56230759304523,-474.2012864799999,138.7016937803,147.703030061,18.4386460129,,136.732585368
mariana,116,148.330917786,18.5549687022,-5931.29634226,103.0464538673,1.2571401806070979,1.497767395719412,-0.08734493206961769,192.5925925081761,-588.6852106599999,58.02618085016,148.330917786,18.5549687022,150.309695023,107.452849635
mariana,121,147.922327117,18.7423602758,-6645.11647414,6.99396315043,4.3298240592659845,1.7347008497478456,0.42791863310858086,5.405600043535931,196.37519237250035,97.9177774481,147.922327117,18.7423602758,149.154563534,126.666097322
mariana,122,147.870388315,18.8123422418,-7009.80429443,26.97672498418,2.071704032371398,4.137977696956489,-0.33275033321373415,34.98985750990378,-29.478120007500365,87.9262480674,147.870388315,18.8123422418,149.055296316,127.660388105
mariana,123,147.870388315,18.8123422418,-7009.80429443,68.8286305681,2.840287474365867,1.515669872212456,0.30409333626600366,108.37603155554146,-742.2813119425,59.851846115,147.870388315,18.8123422418,149.055296316,127.660388105
mariana,124,147.797459058,18.8534920778,-6851.1231396,65.83594314999999,1.237147392412738,1.3144107760157628,-0.03028086310515551,89.52892608148875,-342.34095035249993,47.881571845290004,147.797459058,18.8534920778,148.96482702,130.976081794
mariana,125,147.724494033,18.8946135119,-7041.74899736,33.915501083600006,3.1072124239400134,3.4946608765033815,-0.05868765347819479,50.27858526042447,737.786641387499,40.898756543679994,147.724494033,18.8946135119,148.886520546,134.35001468
mariana,126,147.651493164,18.9357064634,-7096.90349594,143.8546778934,6.413400404352924,1.2877979802508106,0.6655590686183643,327.42301029847715,1655.43999867,154.846019618962,147.651493164,18.9357064634,148.822867757,136.338653156
mariana,127,147.650367758,18.9848824551,-7059.56173537,15.00635946413,7.957199801201395,2.9097685826343795,0.4644746391343963,17.110239005341704,353.63229864999903,113.048468197,147.650367758,18.9848824551,148.774706343,135.779582189
mariana,128,147.634692783,19.0786418901,-7149.62011871,15.00344380289,4.370567977796166,4.991967663144157,-0.06637087528198515,17.744449725754347,694.8989186999997,21.0048710805,147.634692783,19.0786418901,148.679998978,136.879866379
mariana,129,147.600829739,19.1670192948,-7289.44584249,13.00003389458,6.711313177090258,7.816992415153915,-0.07610517489760923,15.55110404930194,1968.2423761149998,29.0002065978,147.600829739,19.1670192948,148.590053849,136.527917434
mariana,130,147.568706025,19.2474123443,-6807.31019364,12.999838636909999,4.851831820121687,4.161341151225144,0.07660905555586645,13.53161390641777,1862.23384785,29.9997617595,147.568706025,19.2474123443,148.503305424,136.563992314
mariana,131,147.536804881,19.3269661922,-6751.69629856,20.99981698394,8.5505102127052,4.299177742873188,0.3308510280194311,29.751674135096575,1817.9612030449998,27.9998470965,147.536804881,19.3269661922,148.407182465,137.818927375
mariana,132,147.504872579,19.4065144517,-6622.7645313,4.00073272164,7.005762880530745,20.236902812305498,-0.4856771389759419,2.3868898944061434,2506.95387041,31.0058038699,147.504872579,19.4065144517,148.325529609,137.080653477
mariana,134,147.486750951,19.5724381471,-6840.33790062,5.00246198878,9.371957900799131,6.279038696905058,0.19761803566858913,3.6110739809639356,2204.28081923,29.014295907269997,147.486750951,19.5724381471,148.160411844,137.28561938
mariana,135,147.478079355,19.6667993379,-7548.82929803,11.00546974808,8.521071995789228,14.692072625732123,-0.26584078678515805,15.712086576758317,143.55038417000014,19.0094561635,147.478079355,19.6667993379,148.066121352,136.55002919
mariana,136,147.478079355,19.7510279348,-7267.2828757,103.0401047894,7.205450957095834,1.637991319956208,0.6295579778461037,191.44814330502902,-550.16105849,95.037214166,147.478079355,19.7510279348,147.989131207,135.525036364
mariana,137,147.445961679,19.8337610095,-7189.95077762,22.9905930228,5.146863796628149,4.719960344024387,0.0432665512750822,31.81085552960714,638.5736148249998,31.9871265417,147.445961679,19.8337610095,147.888756827,136.614552386
mariana,138,147.387897136,19.9047222913,-7251.39571531,12.981652789790001,6.636590002157838,7.730222516079876,-0.07612214000382783,16.25210263976659,-124.73869362750065,17.974703343,147.387897136,19.9047222913,147.786992996,137.582188904
mariana,139,147.307772224,19.9668541817,-7277.15911064,18.98894210888,7.846819141847405,4.596239517026486,0.26123638198094773,27.79999039024748,2179.143174675,73.9581499869,147.307772224,19.9668541817,147.675220751,140.189778027
mariana,140,147.289225212,20.0536403945,-7139.46072569,39.01302309569,9.505862822231794,2.8757871386259195,0.5354759425896893,60.48739569052826,2287.0489522775,65.02198973057,147.289225212,20.0536403945,147.579300004,140.452059791
mariana,141,147.2662518,20.1386613123,-6515.4219061,25.00606546171,6.4000981462817546,1.6062868148510576,0.598748543156789,30.53079185498624,1795.9349716399997,71.0177120263,147.2662518,20.1386613123,147.484262404,140.591071171
mariana,142,147.238845484,20.2219152043,-6786.81773133,16.99480404166,5.557714395208828,3.0381627295324454,0.2931116428391499,20.57026909000185,2337.5622441524993,51.9846203685,147.238845484,20.2219152043,147.38650596,141.470210595
mariana,144,147.159858216,20.3343891482,-6196.91937412,33.017489011630005,2.8891005431009438,3.0693363647333123,-0.030248842845913382,46.011528799941956,1427.84316596,64.0338265177,147.159858216,20.3343891482,147.232484093,143.178555448
mariana,145,147.18612548,20.4136772609,-5818.48091273,12.002443884999998,6.654289879348508,9.2762262277853,-0.16458577555203424,14.991954062738925,-709.7150304799998,14.002820789360001,147.18612548,20.4136772609,147.166535395,141.788659611
mariana,148,147.027229797,20.5729812493,-6738.94050108,10.970487809749999,0.8566553145031186,0.3212648352745182,0.45452187852433745,9.266226019552576,3282.21468983,127.66325194845,147.027229797,20.5729812493,146.907611847,144.980743161
mariana,149,147.027229797,20.5729812493,-6732.81266394,37.019886074599995,3.823888150352998,1.837567872656393,0.35084972304364215,55.18311197620782,3632.5399217800004,119.06360352921,147.027229797,20.5729812493,146.907611847,144.980743161
mariana,150,147.033241581,20.6688775399,-6678.49612759,36.019523046799996,4.134791877002353,1.8218607953243597,0.3882937631101706,50.29025596338315,3530.9126239,119.06418137239001,147.033241581,20.6688775399,146.811551612,142.662529063
mariana,151,147.039260961,20.7647736219,-6445.71728474,23.012586213229998,6.0948982440467,1.2877823278035914,0.651134214660776,24.43992276611981,3446.256852797499,121.0658496835,147.039260961,20.7647736219,146.721809952,140.732373096
mariana,152,147.039260961,20.7647736219,-6433.3119237,3.99371415665,0.8940825692034797,2.6805044353845955,-0.4997561575332191,2.042659640003855,-34.26554216000022,56.911583475057995,147.039260961,20.7647736219,146.721809952,140.732373096
mariana,153,146.956898306,20.835064973,-6456.80202773,45.9286721216,3.3138550986047473,1.1707202637047718,0.4778902486313173,58.592963264820234,-518.2181126824999,58.9092705338,146.956898306,20.835064973,146.597565042,142.014904835
mariana,154,146.87445873,20.90531693,-7198.08826573,16.98861579902,4.4643561163982,3.9699835234742493,0.05861426193781152,20.205904598851106,211.47453835499982,62.95884322646,146.87445873,20.90531693,146.4882585,143.724776183
mariana,155,146.868155636,20.9565340961,-7392.11814008,18.00632373214,8.855513381455118,4.454349121411458,0.3306694009119757,24.246223530373292,38.05849948000014,68.02435749968001,146.868155636,20.9565340961,146.413949618,143.001405981
mariana,156,146.838816878,21.0411329597,-7304.52876497,13.99982084449,8.25552679431048,4.608433266041978,0.2835125040157017,17.742107876258395,276.2686577450004,60.9998546502,146.838816878,21.0411329597,146.310727505,142.526155067
mariana,157,146.792275139,21.1242332766,-7330.43405753,21.00755690287,7.901793071537407,3.177640119401801,0.42638940735696046,26.46301532562591,191.45826776499962,60.0219337203,146.792275139,21.1242332766,146.202824406,141.401054378
mariana,158,146.791195137,21.2222091732,-7159.02749526,16.009075379389998,8.917807837093786,4.079691488834156,0.3722343988591989,19.79971247441807,83.60197928999969,58.032993233,146.791195137,21.2222091732,146.089688544,138.603467124
mariana,159,146.778668143,21.3107880876,-7224.00271521,12.00221700557,6.74003840514177,4.825195364905919,0.16556890057812948,13.350154813386608,2568.26402017,65.0126361353,146.778668143,21.3107880876,145.969573702,136.857974765
mariana,160,146.730192493,21.3885436694,-6940.31811764,8.999304568909999,7.118126414090139,2.043408109438018,0.5539157541369848,8.435060612508487,2043.5660271875004,85.9947362035,146.730192493,21.3885436694,145.849699256,137.486637447
mariana,161,146.695140922,21.480582533,-7023.83826538,9.99987804563,9.36394572840147,2.3607128028632207,0.5973080501119583,9.683695678579218,559.5625590999998,86.0002579761,146.695140922,21.480582533,145.716821827,136.064393735
mariana,162,146.64785918,21.5652962823,-7100.64563607,13.99369791897,5.9552895948399,1.629598855896752,0.5703038043391438,13.900603037138152,267.1391565775002,106.954493737,146.64785918,21.5652962823,145.594771695,135.650661275
mariana,163,146.588332853,21.642674541,-7210.12897184,25.99977221977,4.940591184436749,1.48552152399296,0.5376609183825026,31.363220828722632,109.71645814500062,98.0007249074,146.588332853,21.642674541,145.463303695,133.761754296
mariana,164,146.564047425,21.743672327,-7459.01955608,26.96437459965,3.4648073454867476,2.039729050973124,0.2588916108230538,33.22924786724232,16.15169659249932,114.852531821,146.564047425,21.743672327,145.336002547,131.33281937
mariana,165,146.448076787,21.7725277912,-7734.08853342,44.87470180387,6.900001627367526,1.2769957310190039,0.6876614544312442,57.07295847880143,-51.47753364500022,145.601216976,146.448076787,21.7725277912,145.205680325,132.567246966
mariana,166,146.351095837,21.8151989534,-7897.43917539,34.91625516205,8.144292715656109,2.048993255758135,0.5979719863635196,48.44662139655045,-8.967953442499493,143.663126214,146.351095837,21.8151989534,145.0657505,132.336665561
mariana,167,146.307845006,21.8411520538,-7908.13261641,32.906105841809996,6.367939766946643,2.3964238951620493,0.45314366506205117,43.67452313073745,-855.0294383549999,37.892281518906,146.307845006,21.8411520538,145.013198432,132.339173727
mariana,168,146.189707581,21.8651485913,-7658.93978167,9.96939227789,7.156135717989234,10.665400488133777,-0.19691146316212918,11.216327517930218,-927.9258728049999,48.8512079588,146.189707581,21.8651485913,144.855386262,133.745074902
mariana,169,146.071530509,21.8890609093,-7264.767788,4.98546330784,6.835476135744456,10.193195308644304,-0.1971803369314683,3.7381210635120925,314.3381392875008,16.95071699749,146.071530509,21.8890609093,,132.743051796
mariana,170,146.024713284,21.9118504767,-7382.70662085,5.99236772956,9.755057722326844,9.755038175115269,1.0019023831739225e-06,5.36506339153967,190.24326874250073,12.9835209305,146.024713284,21.9118504767,,132.858062856
mariana,171,145.966101608,21.9884154383,-7691.48560737,8.99547633003,11.863351210969737,9.539515337113906,0.10857591755922533,11.73184984275943,-886.1246748474996,47.9764694008,145.966101608,21.9884154383,,131.297403093
mariana,172,145.924418418,22.0560938259,-8662.07651571,15.999713004379998,11.405853640664565,14.541009186074156,-0.12082985008032472,28.64255969660818,-766.900391860001,28.9996598769,145.924418418,22.0560938259,,129.616907988
mariana,173,145.894411377,22.1359968521,-8807.00856825,31.004238876600002,5.582107360628945,10.07628278795709,-0.28701388742277395,50.30146371658076,-928.0346622349998,34.004906183,145.894411377,22.1359968521,,127.70979483
mariana,174,145.85167753,22.2309637065,-8285.60049244,45.0054807148,3.9295477895065964,3.439589606182253,0.06648786106376339,70.41149320719964,38.54083098499905,181.027847952,145.85167753,22.2309637065,144.208869565,125.595831778
mariana,175,145.811723549,22.3295699598,-8147.03747085,48.998657948900004,3.8442675468100656,2.436867709306656,0.2240677489205235,73.07953983976292,45.81098798499988,161.000586236,145.811723549,22.3295699598,144.072233082,123.153780268
mariana,176,145.760357314,22.4135609325,-7953.37845359,47.9724433842,3.8330984464860585,1.9186702757608265,0.33284164631316665,68.0997838956099,-37.40283875749992,171.908812666,145.760357314,22.4135609325,143.942617065,120.030916236
mariana,177,145.697574285,22.4829258024,-7926.5761695,41.9689912736,4.238430622378589,2.122091807045809,0.3327303439010591,61.26534259921854,-65.59207522749966,149.895399288,145.697574285,22.4829258024,143.824437547,119.380301031
mariana,178,145.640404977,22.5595736016,-8108.19437093,36.948908573,5.368004734475119,2.9136533240709497,0.2963599068028965,53.07048825911777,-25.626485692499045,119.839083696,145.640404977,22.5595736016,143.694051365,117.290161628
mariana,179,145.557631831,22.6033081408,-8035.40291729,35.92672701,5.982694009293751,2.6400843501877223,0.3876487971455914,52.99603776129772,0.4258044999996855,103.792270265,145.557631831,22.6033081408,143.579327447,115.748018643
mariana,180,145.480478151,22.6543131696,-7944.3579848,35.946882699,3.7472536493422104,2.9993014933884443,0.1108643063207861,53.00774905981724,-14.144092697500128,103.850455326,145.480478151,22.6543131696,143.461385917,113.701929022
mariana,181,145.414609054,22.7199118257,-7877.38680024,32.9387800091,3.826464093207497,3.190125786748456,0.09069053733307778,50.095559876060015,11.752333999999792,107.804284448,145.414609054,22.7199118257,143.341414327,112.189368537
mariana,182,145.329979596,22.7533433039,-8402.40066501,37.9274111931,5.917890314223582,3.8673325267980165,0.20955657533206296,58.69280752041048,-5.449089589998948,100.81096014,145.329979596,22.7533433039,143.234692748,111.921149518
mariana,183,145.260395556,22.8177946537,-8361.37908805,41.9122380716,5.267374035470907,3.587180478824546,0.18975472497613877,66.42376300180287,-57.5998324025004,88.817126446,145.260395556,22.8177946537,143.109868686,110.520987045
mariana,184,145.152833237,22.853314,-8112.22314326,43.9194109911,5.721222757922306,2.405770366393621,0.4079556043438583,64.73707003489949,-544.7724272425003,42.921681987,145.152833237,22.853314,142.979381712,112.296056225
mariana,185,145.090039608,22.9301409429,-7870.23275603,28.97241279806,6.231288535454677,2.8128988509415427,0.37796537582302775,41.00600867198124,-463.404852355,39.9623320354,145.090039608,22.9301409429,142.839331427,112.618824003
mariana,186,145.016826703,22.9973910393,-7719.73420844,31.931532079300002,4.003899706900988,3.116103891907509,0.12469036042931889,46.206641773065606,-351.99303984500057,46.9003186699,145.016826703,22.9973910393,142.706813399,52.9478695178
mariana,187,144.905610626,23.0295597223,-7895.33091285,25.93587407474,8.600615163959139,3.845635786788947,0.3820410978363242,40.70763860611882,-87.5125198450005,58.8558197415,144.905610626,23.0295597223,142.573654707,52.9782989746
mariana,188,144.8150174,23.080783124,-7813.6122486,28.9472711295,12.08852063074893,2.5547633657334594,0.6510668827638438,39.4597493752188,185.40654058499968,57.8954775018,144.8150174,23.080783124,142.433520664,63.1826161676
mariana,189,144.734692713,23.1415258892,-7123.74752126,5.99272282628,9.942847791195955,5.009124527872393,0.3299714016345224,4.814033800426092,90.56114553750012,53.935516787,144.734692713,23.1415258892,142.301913871,72.3142064878
mariana,190,144.705552347,23.1808248338,-6899.45849535,6.984247932247,6.3474067985503035,2.547712324703597,0.4271662269157729,5.546616942767481,37.65819575000023,58.86871684289,144.705552347,23.1808248338,142.236661439,75.5468239223
mariana,191,144.602346981,23.2063514039,-6711.23098433,4.985759260300002,5.248329151941056,7.845169052415809,-0.19833048891476943,3.6422384455306993,-966.5643143699999,11.965898294359999,144.602346981,23.2063514039,142.117633254,85.4646547951
mariana,199,144.300346299,23.6489616936,-7652.47550023,10.98828444118,7.820199122623037,13.514573766825922,-0.26690580085898263,14.077588440647563,-277.1139735075003,12.9862281525,144.300346299,23.6489616936,141.313666333,84.3754052891
mariana,200,144.221093966,23.7025768542,-8177.85202239,31.929360402999997,4.019737781148215,10.180880722733892,-0.4338644080820402,54.227043409501114,1145.2614464900007,32.927859485899994,144.221093966,23.7025768542,141.158234732,82.1519025348
mariana,201,144.123124654,23.7352612177,-8584.06467085,33.9354485179,7.665133787286822,6.0649398462221775,0.11654663942655656,72.79791493629263,2391.5918586625003,36.9302808739,144.123124654,23.7352612177,141.010837533,81.7421496443
mariana,202,144.061178585,23.79847624,-8710.8800812,29.9971891683,8.62619585506639,6.617172947506591,0.13179651647742655,61.251810796000676,1076.6405427125,32.9971402145,144.061178585,23.79847624,140.864030611,78.8349404544
mariana,203,144.03829317,23.8816423153,-8625.95841625,33.990773020199995,5.4626665428735315,7.779311359669402,-0.17494703841417766,66.97229602172634,2219.8905731099994,32.9913901841,144.03829317,23.8816423153,140.714137027,74.2316858269
mariana,204,143.967014891,23.9407557197,-8582.85177941,36.9547875249,5.6486037293620415,5.960132445329077,-0.02683571331789052,70.08813922037284,1401.3784528124997,32.9600976516,143.967014891,23.9407557197,140.553789568,73.9195181343
mariana,205,143.899651918,24.0024813887,-8458.93541714,36.972638689,5.875698125329765,4.999139706944101,0.0806042749239214,67.35160784579823,1014.3646816624996,33.9752030218,143.899651918,24.0024813887,140.395944249,75.0018558807
mariana,206,143.848150255,24.0747638169,-8218.8858021,33.9684079102,4.359891494822171,6.215890268203992,-0.17549518465580968,58.225326144772055,1038.8992432325003,29.9725020664,143.848150255,24.0747638169,140.236927054,76.2298399924
mariana,207,143.772695688,24.1311412509,-8134.47442509,28.962167581499997,6.040229694926298,7.419948372980654,-0.10250374631699813,54.05050825095408,1103.715064895,106.864998882,143.772695688,24.1311412509,140.077010572,80.8480224077
mariana,208,143.705139336,24.1927819103,-8606.80980058,24.9817555713,9.329160691071623,8.622687211500672,0.039353802650574,48.159038347543344,1218.9989107624997,98.9309682781,143.705139336,24.1927819103,139.916016684,85.7964782073
mariana,209,143.653451168,24.2649991078,-8725.41258728,24.991046112550002,8.817959357259783,9.539721666304919,-0.03931663852959703,52.02794495268306,1291.6750757099999,99.96708939316001,143.653451168,24.2649991078,139.757099718,89.7016504274
middle_america,0,268.96,12.7175436056,-5966.95608208,26.905723781699997,5.440492713618032,5.054013581175949,0.03682680457620047,40.56248572697675,123.20425555749989,50.8212156649,-91.04,12.7175436056,24.9154315539,62.2230073993
middle_america,1,268.868,12.7519729416,-6148.14340634,27.9042705883,5.437582269953516,6.267962671834872,-0.07093906400862436,42.62443896403637,94.27471413249987,49.8283379907,-91.132,12.7519729416,24.8796627852,64.5416080618
middle_america,2,268.779,12.7901909695,-6052.36363468,29.9018782628,5.328123155975577,4.665294067705232,0.06632657012454943,45.50930567785764,155.80267367750002,50.8325167223,-91.221,12.7901909695,24.8548970122,68.1739950558
middle_america,3,268.692,12.8322,-6129.89925493,31.8928581604,5.8204864374535905,4.533239700468428,0.12432690606625522,51.294343866646,109.17407592749987,68.7677493978,-91.308,12.8322,24.8286020561,71.4454474735
middle_america,4,268.6,12.8665447385,-6196.29814662,30.894131335,6.144570962740627,5.066521042018434,0.09615922519095957,52.291064505120566,30.90505079249988,55.807929869,-91.4,12.8665447385,24.7891387568,85.1465116308
middle_america,5,268.51099999999997,12.904680023,-6198.42278933,32.8873555146,5.703966904127756,4.758147187007432,0.09040426331440421,53.94406454502425,19.08327287999964,54.8114630701,-91.489,12.904680023,24.754442677,96.9228280095
middle_america,6,268.419,12.9389614891,-6091.7818349,31.8908040569,5.46141595777265,4.252890420667977,0.12440677594715414,50.19141427200207,102.61118302499972,51.821859691,-91.581,12.9389614891,24.7224015475,103.446534972
middle_america,7,268.33,12.9770348919,-6123.76131888,30.9011236429,5.110065654349226,4.792263835774321,0.03209364209622355,49.2713288324498,-0.757769769999868,50.8366395202,-91.67,12.9770348919,24.6887753859,97.6379814679
middle_america,8,268.246,13.0221026915,-6306.38221125,28.910536444999998,6.077700588450895,5.675303426503337,0.03423781370580304,45.713544663070664,28.20092681749975,52.8357577759,-91.754,13.0221026915,24.6688838032,95.2840102181
middle_america,9,268.159,13.0654108383,-6195.38131358,27.9120036658,6.005710264305107,5.209730569889241,0.0709717706315237,44.07248731158489,91.180584705,79.7468960979,-91.841,13.0654108383,24.6406215787,108.029351448
middle_america,10,268.07,13.109280448,-6230.69931528,31.8971054221,5.171668431744061,4.566020349003134,0.06219628665257616,50.462980398646714,-0.7853411275000326,56.8158559827,-91.93,13.109280448,24.6075223981,134.483227594
middle_america,11,267.98,13.1492112783,-6370.39706973,33.8878317362,5.824317531069757,4.604157883214089,0.11700268729448403,52.934742750017044,-68.24734711249994,52.8244233484,-92.02,13.1492112783,24.5761015139,166.613762429
middle_america,12,267.924,13.1730773147,-6069.24136976,33.8868513379,4.389156120337872,3.9031108271228776,0.0586142844043185,53.078239398450165,-38.930561025000316,56.8094282275,-92.076,13.1730773147,24.5717268676,187.415617686
middle_america,13,267.883,13.1904771058,-6204.98451628,29.9022254355,5.341352031534455,4.67689416754126,0.06632476890560923,47.30578715175669,-13.110982239999885,58.80677161449,-92.117,13.1904771058,24.5649208018,203.172381181
middle_america,14,267.7917657493,13.2325475826,-6307.34153786,30.899947063400003,6.0927322121267204,4.408287438844839,0.160407734607566,46.97529958750703,-34.06118076499979,57.811948262848,-92.2082342507,13.2325475826,24.5403348982,237.374662581
middle_america,15,267.70050000000003,13.2745856769,-6189.2328718,31.890539621500004,4.802049115879776,4.239337509746109,0.06223731264171147,49.53768267233604,-46.180524174999846,52.817929335053,-92.2995,13.2745856769,24.5161548853,270.476078322
middle_america,16,267.665,13.2816748549,-6246.95318518,27.9263145261,4.3282989618530125,5.762600536683738,-0.14213812901800374,42.9718831695487,155.26723668499972,50.8650708286,-92.335,13.2816748549,24.5232159416,283.14939453
middle_america,17,267.603,13.340034573,-6471.90523572,27.9329209182,6.519155628832044,5.656038184545215,0.07089147470806542,47.92426268905762,56.39755195999987,59.8554054925,-92.397,13.340034573,24.7124206202,305.863057879
middle_america,18,267.529,13.3847673376,-6478.81190271,33.9038784186,7.071439288622003,3.870988200706451,0.2924809043547947,55.83338445461613,36.594578492500204,58.8324349511,-92.471,13.3847673376,24.9584063409,332.008935651
middle_america,19,267.454,13.4294783135,-6269.27456083,27.9152699129,5.186789510203847,5.186829705751379,-3.874785327525386e-06,46.110196808113876,-2.301700182500099,57.8235634806,-92.546,13.4294783135,25.1229099036,357.369139964
middle_america,20,267.376,13.4655302146,-6379.24541012,22.9246969028,6.722632249075997,6.166963910570924,0.043109833048508316,38.406865281754115,40.74235932500005,28.9048194493,-92.624,13.4655302146,25.1679635971,377.788580962
middle_america,21,267.299,13.4973364595,-6447.16093192,28.916731471200002,5.341227117886915,5.720341693819852,-0.03427312910007022,45.055272120962314,255.04896400249982,41.8789155047,-92.701,13.4973364595,25.1468691926,386.962127732
middle_america,22,267.231,13.5497581589,-6461.07744408,26.9199427023,7.458890178724443,5.143331932416943,0.1837420596055325,45.04214573472381,43.89507758500031,36.8899655095,-92.769,13.5497581589,25.1383380183,382.524354691
middle_america,23,267.149,13.5793895593,-6537.76916929,28.9111428871,7.150351645392475,5.060515720131251,0.1711455757157502,46.434894905663946,63.645267679999506,53.8338023482,-92.851,13.5793895593,25.1050186838,372.977349181
middle_america,24,267.078,13.6279746265,-6485.97619736,24.9343438895,6.048009610347942,5.585878374153891,0.039722854200563276,38.67486807650149,105.61942582500069,46.8759996829,-92.922,13.6279746265,25.0950143954,360.435868987
middle_america,25,267.016,13.6679017295,-6471.54124746,31.8978817657,7.315000213072552,3.846866876761222,0.31071265303545004,46.308613386416226,262.02860773500015,70.7721888101,-92.984,13.6679017295,25.0863538491,351.7878459
middle_america,26,266.94100000000003,13.6915236138,-6504.6082532,26.9117702582,7.488986358618173,5.1642117059157355,0.18373020329292322,42.448761731951365,167.9953729849999,66.7798566314,-93.059,13.6915236138,25.0541427211,346.185000476
middle_america,27,266.86,13.7357106004,-6294.07896057,28.9024371673,5.831860990889896,4.123783601987923,0.17156873901705136,45.498669092483,137.43238661749956,63.7835763634,-93.14,13.7357106004,25.0294745447,339.289502688
middle_america,28,266.774,13.757869131,-6452.0542337,24.9199454444,5.582913285969313,5.155906148861296,0.039762949707772284,36.973821833392,368.45418956999947,61.8003720425,-93.226,13.757869131,24.9892962171,334.949656883
middle_america,29,266.698,13.8096848285,-6344.23393198,27.916643694199998,5.237955779920321,5.23799726757719,-3.960275182693417e-06,45.499537387324985,24.366298379999535,63.8083218373,-93.302,13.8096848285,24.9762516889,329.753497477
middle_america,30,266.604,13.848970728,-6562.54759322,26.912920962999998,6.398016046497173,6.885667055517624,-0.03671052713885401,48.397197967412204,6.165293307500178,71.7662571738,-93.396,13.848970728,24.9475004926,326.325393611
middle_america,31,266.51,13.8934672525,-6691.61627861,27.9206217251,6.211642983195621,7.15807462597639,-0.07078920216919835,48.72953632214097,11.149518957499822,62.8202667945,-93.49,13.8934672525,24.9215419653,322.499292283
middle_america,32,266.426,13.952923213,-6509.27615577,27.922962039,6.373204692152233,5.5291529086016995,0.07091467185434493,47.44489397320472,-42.230049294999844,70.8033142868,-93.574,13.952923213,24.9053561616,318.267187108
middle_america,33,266.335,14.0006769545,-6663.04413312,33.8920153344,7.066413000649973,4.388205627306281,0.23381026119955084,53.248694311843195,-44.21100390750007,64.7924740593,-93.665,14.0006769545,24.8825869386,315.971404189
middle_america,34,266.251,14.033538423,-6449.16780336,33.891326763500004,5.075784493274056,4.5143298355865165,0.05854514747523843,55.40913227115224,-15.729684609999822,62.7975018629,-93.749,14.033538423,24.852687034,314.49336998
middle_america,35,266.171,14.0747605157,-6643.95817759,30.9095533604,5.460336230892625,5.821987022771673,-0.03205463837083288,49.87072798048845,35.67483248250028,62.8150441896,-93.829,14.0747605157,24.8279455807,311.368716862
middle_america,36,266.094,14.1199268095,-6624.70520107,27.9293663933,5.380192416380355,6.201935951799236,-0.0709492685020238,43.10838345967691,176.4563611124995,67.8271913742,-93.906,14.1199268095,24.8099575131,309.687869922
middle_america,37,266.023,14.1769816461,-6405.41459602,27.918152480299998,6.33950509347736,4.111814604109256,0.21314920544268826,42.13109057042624,156.1389893874998,69.7941016952,-93.977,14.1769816461,24.8004030024,307.72805032
middle_america,38,265.93600000000004,14.2062598292,-6483.38411439,29.9075096184,4.993270134998172,4.9933145294902825,-4.445412881620502e-06,45.19935947165714,121.35302460750063,65.7952414685,-94.064,14.2062598292,24.7743908299,306.719868937
middle_america,39,265.859,14.2570207824,-6589.02160158,28.9191522299,6.251402600201922,5.086156424901471,0.10277751786962132,44.810188488413765,174.68322063000005,69.8035299983,-94.141,14.2570207824,24.7633213498,304.830465569
middle_america,40,265.778,14.2998107264,-6521.60566591,29.9195326804,5.166279326709949,5.166322714311136,-4.199097285876664e-06,46.795236420048454,16.66311504750047,59.8380637439,-94.222,14.2998107264,24.7484019953,304.521834578
middle_america,41,265.704,14.3544247567,-6428.18662295,27.9302784308,5.508080029327177,4.777364098353208,0.07104369261094445,44.3051646398023,149.2755459225,73.8142996202,-94.296,14.3544247567,24.7352432598,303.472791912
middle_america,42,265.627,14.4050643114,-6387.87721466,26.9175667507,5.798776131334701,4.644761475256944,0.11050035912633452,42.44323358867215,80.66142805000027,53.8343147578,-94.373,14.4050643114,24.725858191,301.26439725
middle_america,43,265.539,14.4359191844,-6341.71205208,27.9197098581,4.499871673944103,5.188673279196886,-0.07109443250603652,42.67638126480458,352.9001327775004,46.864558592,-94.461,14.4359191844,24.6934934261,300.822971255
middle_america,44,265.468,14.4939010391,-6372.00635775,28.9312128685,5.160155905553315,4.817859723084599,0.03430503571133836,44.81799160513773,-61.35978206750042,46.8879383458,-94.532,14.4939010391,24.6852150623,299.742192404
middle_america,45,265.38599999999997,14.5487357559,-6296.72855853,24.9337482834,5.591064258348375,5.163439730134969,0.0397623664160928,39.022068676346585,764.1226458650003,72.8050667428,-94.614,14.5487357559,24.675603225,298.867124123
middle_america,46,265.3,14.6003551375,-6441.77131045,27.9310848965,5.709385529291167,4.952246485140289,0.07101530451679658,41.201065411437696,191.20061378999935,72.8189122952,-94.7,14.6003551375,24.6601958236,297.87344967
middle_america,47,265.223,14.6630431519,-6284.3156368,27.9340196379,5.793683371701105,4.351779174491022,0.14212306148143727,43.36101030932724,143.08233995249975,76.817041616,-94.777,14.6630431519,24.6730862422,296.968290499
middle_america,48,265.141,14.717865633,-6351.6149009,27.927300082000002,5.514991880197568,4.7833699037483175,0.07104255917574931,41.78366876655784,220.2487112599997,74.8037234932,-94.859,14.717865633,24.7014717796,296.345860763
middle_america,49,265.054,14.7726709936,-6492.04183667,24.9319103363,7.335576794570549,5.775765829477953,0.11896653224755405,38.04534853582913,215.67167010749972,70.805228079,-94.946,14.7726709936,24.6960097668,296.046153535
middle_america,50,264.964,14.8243618826,-6483.11327441,27.9337302506,6.212488203834152,4.667396535200162,0.14201360636575372,41.84511023596493,185.61337148250004,65.8426744806,-95.036,14.8243618826,24.6828742626,296.124064701
middle_america,51,264.88800000000003,14.8939870382,-6408.35999841,22.95029283414,7.2634642039023705,4.684110771481648,0.2158892861300347,34.12547529013137,117.36615767249987,45.900086441,-95.112,14.8939870382,24.5026664593,295.556920761
middle_america,52,264.805,14.9529459473,-6222.13929563,13.96262997201,9.35799306471768,5.2310506138802415,0.28287957331237895,17.657795025809026,130.48894049249975,41.8874241761,-95.195,14.9529459473,22.6730773122,295.946427849
middle_america,53,264.716,15.0000163847,-5786.9355751,15.95077905214,7.722072961420321,4.651281405550456,0.24817777498290874,20.349093869452844,314.2783383149999,33.8950868439,-95.284,15.0000163847,23.9134818657,295.264923161
middle_america,54,264.621,15.039349942,-5699.79483824,15.949583344419999,5.958707778781758,4.641177744971104,0.12429662856813432,19.54567237747667,713.7480063174999,57.8162148382,-95.379,15.039349942,24.5757734565,295.982446909
middle_america,55,264.529,15.0824625015,-5624.28122405,3.98728088456,6.635596247006873,6.635604714840437,-6.380608347701431e-07,2.3189754563628147,903.9038067275001,63.7951935258,-95.471,15.0824625015,24.6688862748,297.342987011
middle_america,56,264.43899999999996,15.1173838352,-5528.08692386,6.97911691857,3.1678801924433313,4.220508689166276,-0.14247064056726028,5.701270450640024,775.3199168450005,65.8017343847,-95.561,15.1173838352,22.8321716964,298.301700088
middle_america,57,264.358,15.1678580915,-5345.42879569,3.987437431,1.1226817703631122,1.1226832160701574,-6.438628258319228e-07,2.0454344465019756,335.6658399775001,45.8548562256,-95.642,15.1678580915,19.1004505198,298.684055724
middle_america,58,264.26300000000003,15.1949686467,-5330.33741668,6.9749469818600005,5.268498801179135,3.9562584145759185,0.14225202419008146,5.83939812612761,474.764338985,67.7550913789,-95.737,15.1949686467,16.218872736,299.699717856
middle_america,59,264.179,15.2142114454,-5166.25792201,5.97757902613,5.421569278755019,2.7168718592711865,0.3323360547324417,4.4376810692716555,-242.5370455299999,20.921387991996998,-95.821,15.2142114454,16.177766235,300.830539093
middle_america,60,264.1,15.2221036632,-5363.29243964,3.9855911127450003,2.5775476223982907,2.577551164150281,-6.870386266110593e-07,2.09556346793443,607.3188696799994,44.837211338446,-95.9,15.2221036632,16.1464026145,302.591186307
middle_america,63,263.851,15.2758359565,-5510.80355691,10.95772814926,7.061175197995911,4.048773405216187,0.27114453003939026,12.159956091269098,516.5184895100001,41.8380222481,-96.149,15.2758359565,15.9387390938,302.058213664
middle_america,64,263.773,15.2780408671,-5471.15255862,12.94992658545,6.577099015495284,2.9335104491939985,0.3831077892357053,13.795488823970487,639.4538325525,42.8337974603,-96.227,15.2780408671,15.8729197001,300.204093248
middle_america,66,263.578,15.2797792834,-5553.7303532,12.95004351681,4.234774449496215,4.937351594750804,-0.07659915943864096,14.42426051874607,945.6646336700001,55.7836816396,-96.422,15.2797792834,15.6911953844,291.39872622
middle_america,68,263.375,15.2659236333,-5452.76854154,6.97305084057,1.9944181169545965,4.975527755830786,-0.42770915202026605,5.319251682481936,850.3782560074997,48.8104595642,-96.625,15.2659236333,15.4663817654,274.033643223
middle_america,69,263.273,15.2659236333,-5361.05346346,4.98077174973,2.8168345227851423,4.221013820111911,-0.1995182659404612,3.3083741365971107,686.4209345000004,63.752421281031005,-96.727,15.2659236333,15.3621705786,264.69339823
middle_america,70,263.175,15.2744106725,-5280.29496311,17.930790071929998,4.373870990262174,3.5015663329507225,0.11076269437639079,21.156304137087506,851.0927773974995,59.7680795677,-96.825,15.2744106725,15.2603747415,256.061846665
middle_america,71,263.077,15.2744106725,-5255.68251081,15.9386805541,4.607446730580451,3.5866424068484277,0.12457813267727381,18.699793133056353,-102.62986869499991,29.884730012671998,-96.923,15.2744106725,15.1667285497,248.206201316
middle_america,72,262.979,15.2876034085,-5063.40482969,15.938906928420002,1.9453464329572712,3.2400507682365136,-0.2496827697174625,16.522507894162132,299.9461465600002,63.7541056876,-97.021,15.2876034085,15.0749539211,238.355691494
middle_america,73,262.881,15.2913773354,-5069.56248877,7.970823316510001,6.6605142132170885,2.2291074234513193,0.4984921710826088,6.902910927489034,416.41837770250004,79.7061570585,-97.119,15.2913773354,14.9774284763,228.052533142
middle_america,74,262.778,15.3317552886,-4814.76309481,3.98613719106,6.4565257713474535,6.456534496090393,-6.756526151798767e-07,2.347854807221922,-24.818325357499816,32.8852641224,-97.222,15.3317552886,14.8874483583,215.894558053
middle_america,75,262.676,15.3542204796,-5058.08952502,11.95631072301,4.813858871860516,2.4111946320499644,0.33254622107782816,12.13609350462628,235.73639155499995,42.8428682671,-97.324,15.3542204796,14.801659954,201.270188398
middle_america,76,262.579,15.3756268131,-5094.06684692,8.96583625639,6.540983112266359,3.2811928427925583,0.33188066314316467,8.384729390333819,198.23560192249988,41.839992328,-97.421,15.3756268131,14.7048744033,183.649233474
middle_america,77,262.474,15.3756295382,-5010.66787076,12.95168631312,2.977622425852157,3.472780641668688,-0.07676391856964078,12.961461929323228,209.01146950249995,31.880704637,-97.526,15.3756295382,14.5997494951,157.816941408
middle_america,78,262.38,15.4097705956,-5212.5850878,21.92198469259,2.3825256512759796,4.164507281842799,-0.2721815590009482,25.89409515589443,57.23659170000019,38.8610977366,-97.62,15.4097705956,14.5122416911,135.480800146
middle_america,79,262.283,15.4263493502,-5275.99217969,23.9296261092,4.834043340102415,3.456929933885369,0.1660979188701067,35.712401392295995,262.9350457549999,44.867467811999994,-97.717,15.4263493502,14.4336636646,118.120073311
middle_america,80,262.203,15.4999061699,-4995.35996664,10.97069764424,3.52577162570772,6.154144742434914,-0.27152849433465936,10.627240538976244,-15.52288945500004,40.8902344861,-97.797,15.4999061699,14.3629416452,114.748047047
middle_america,81,262.11,15.5306423493,-5190.05435575,21.92727175732,4.948508280487048,2.8324824105247264,0.2719481302562992,28.008015552186613,1.3866199700000834,36.8773004626,-97.89,15.5306423493,14.2799153306,134.917590003
middle_america,82,262.023,15.5660697989,-5085.1509619,5.978827126776,11.569840886368832,11.569864493798983,-1.0202130823759994e-06,5.724024326238672,-60.984857009999814,33.87962005227,-97.977,15.5660697989,,199.823077199
middle_america,83,261.915,15.5829414398,-5258.71778404,25.908107436739996,4.1676764612021,3.0588163338117673,0.15344374634337468,34.683077481073006,144.5715034374998,70.74742709058,-98.085,15.5829414398,14.1243145668,265.213638978
middle_america,84,261.827,15.6183956376,-5335.89560748,25.91188348406,6.9178804810185,2.5594694871035117,0.45987654867393607,37.23894385540733,-111.34378362000007,52.8196409488,-98.173,15.6183956376,14.0634084871,204.992760906
middle_america,85,261.741,15.6406224933,-5127.26134435,14.94766641472,7.033408390444589,3.5300210225658963,0.33165246161097395,16.582126335460686,43.655983919999926,63.7754117375,-98.259,15.6406224933,13.9544691447,141.918402488
middle_america,86,261.657,15.6669716265,-5185.09614133,9.96511869812,9.486612325501016,6.356654679170176,0.19755758994707406,11.177483787139588,-145.33163142500052,30.8915564376,-98.343,15.6669716265,,125.860600359
middle_america,87,261.571,15.6890101942,-5271.07183408,25.910821331919998,5.55848306422929,2.476695125302993,0.3835369753145056,33.36399352486804,192.26681208499986,30.8934475214,-98.429,15.6890101942,,125.680307047
middle_america,88,261.488,15.7195726782,-5338.72050145,21.9260482503,5.782674306172843,3.311982223139182,0.27166414422255913,29.682188678560887,-700.1455159899997,23.9191774376,-98.512,15.7195726782,13.7313481318,118.316403787
middle_america,89,261.403,15.7459289228,-5382.27186399,25.90486650212,6.163929524913668,2.748058615047139,0.38328943623140316,36.0397230414158,-103.62818981999999,42.8421602687,-98.597,15.7459289228,13.7229087974,118.278317357
middle_america,90,261.307,15.754392618,-4939.42788184,8.96697198155,5.088763065958662,6.351605833997328,-0.11038479432630223,8.760737254870525,-908.9549280475003,12.9522277041,-98.693,15.754392618,13.6798194588,143.222503854
middle_america,91,261.218,15.7796953899,-4917.44376979,16.9407609316,3.903340870316397,2.1314239830749098,0.2936182155044099,19.302147927881773,-78.00127803750001,24.9127090788,-98.782,15.7796953899,13.6122004479,174.113117309
middle_america,92,261.128,15.8049613928,-4806.79052239,13.95696433118,2.0395016715968652,2.0395111774449886,-2.33042858042172e-06,13.777769404950151,311.2331172899999,48.8485834277,-98.872,15.8049613928,13.5439399599,187.95451461
middle_america,93,261.048,15.8556739341,-4914.37238208,8.97166355714,2.2741778155607952,2.841891882705571,-0.1109668359946604,7.791272107210673,23.387551177499972,44.8576250026,-98.952,15.8556739341,13.4912143987,197.845536154
middle_america,94,260.953,15.8780184459,-5047.73615221,22.93970341009,4.597439886754566,2.4557565825512278,0.30364719223738457,29.357308631996514,485.7777795024999,72.8071421819,-99.047,15.8780184459,13.4245618018,215.661518742
middle_america,95,260.88599999999997,15.9542633395,-5173.57374888,21.94751802484,6.71860595799431,1.9843871161758992,0.543975940400228,27.14707496495092,-43.17302872250002,57.8608457372,-99.114,15.9542633395,13.3909621353,263.13453461
middle_america,96,260.798,15.9854528836,-5234.57402174,9.96577211428,7.056091621384338,4.717316206935734,0.19864897645207288,10.59104140825919,731.3458440775003,76.7344331797,-99.202,15.9854528836,13.3272693996,287.697118593
middle_america,97,260.706,16.0087249585,-5327.80065466,15.94722018818,4.039173757485893,5.187650315604419,-0.1244714919262431,19.53673687007811,50.32664322749997,51.8274969167,-99.294,16.0087249585,13.2566281403,266.387662083
middle_america,98,260.622,16.0477241927,-5329.68157101,21.93946976001,5.257670835529676,3.645276716144837,0.18110789825798435,29.35762340135266,23.966478444999666,64.8198985973,-99.378,16.0477241927,13.1982214444,250.163898233
middle_america,99,260.546,16.0978312726,-5468.60520446,20.93619836007,10.351656834021362,3.267033895774378,0.5202132186427324,28.429070479850758,93.81507998249981,71.7797901297,-99.454,16.0978312726,13.1359307993,263.426149295
middle_america,100,260.449,16.1260477539,-5458.80108885,27.902264732269998,6.402420401848102,3.0425790996163777,0.3557269962492607,40.45200104400219,-11.981427630000326,71.7470976794,-99.551,16.1260477539,13.0643728476,299.561648371
middle_america,101,260.348,16.1507162584,-5403.21243177,24.9106842494,5.5013063782351175,3.6738400165044287,0.19917571699765396,37.229016432679636,-87.52234569499979,67.7555210885,-99.652,16.1507162584,12.9985674883,338.284058768
middle_america,102,260.246,16.1712509738,-5389.29484692,24.915430020000002,3.7840664437087015,4.098408317704985,-0.03987857665400349,32.82577064530534,-68.42835701750028,48.833378301,-99.754,16.1712509738,12.9318473518,359.821063171
middle_america,103,260.15999999999997,16.2095620811,-5427.45406595,25.923041724420003,6.29202257418479,3.3407643708296666,0.3063763602580846,37.801657213812504,246.72077964749997,58.8243638859,-99.84,16.2095620811,12.8862047035,352.677961643
middle_america,104,260.084,16.2486407307,-5315.20993292,21.92631425536,9.22909487892215,2.736102025057851,0.5426565819158834,27.254978265926066,195.10305023000046,59.7980265491,-99.916,16.2486407307,12.845090712,316.233279095
middle_america,105,259.993,16.2641032124,-5259.66925272,25.91642627805,5.944970371806964,2.6498652538533274,0.38338198209584645,35.535565203554505,-6.706153082499895,69.7735441764,-100.007,16.2641032124,12.797774568,262.132598008
middle_america,106,259.91200000000003,16.3141324838,-5354.2375317,16.94929410281,13.592482526395365,2.965940190371908,0.6417605419182156,22.042703991009834,-485.29602444000056,31.9043272211,-100.088,16.3141324838,12.7627076908,251.98022088
middle_america,107,259.825,16.3425001009,-5423.87359749,21.927979175079997,10.310763504334215,3.062846375043863,0.5419566739767503,30.13267507592795,-23.245960065000418,60.7992595262,-100.175,16.3425001009,12.7160366915,272.717119782
middle_america,108,259.74,16.3751586156,-5589.94306861,25.90872708362,8.191461577126264,3.660704529243474,0.3822724898740505,39.94759758224043,-757.4100016875,29.8944666273,-100.26,16.3751586156,12.6732667097,323.208001849
middle_america,109,259.645,16.3869291176,-5609.34625819,23.91807347537,5.774914251161161,4.131822708860456,0.16585597749605732,34.72143519089911,-70.63006214500047,50.8250458922,-100.355,16.3869291176,12.6266174801,346.622945058
middle_america,110,259.557,16.4286017691,-5614.22835993,16.9449376722,7.51359464706095,5.274951954429167,0.17505059506691217,22.89000284559794,606.2540705325,47.8437701696,-100.443,16.4286017691,12.6008780261,331.02240839
middle_america,111,259.46500000000003,16.4525636594,-5620.1794959,20.92941034039,5.907567287292666,4.437582685931906,0.14209408323372694,28.54477712039701,-465.37549397249995,26.9090089429,-100.535,16.4525636594,12.5612124785,257.624273122
middle_america,112,259.377,16.4848899531,-5556.99883058,20.94184498041,7.221858350641727,4.458914461171712,0.23653776457972797,30.363111744271915,16.90462342500041,55.8439801274,-100.623,16.4848899531,12.531106957,207.373895496
middle_america,113,259.298,16.542396321,-5626.10088063,27.91566358466,6.285851791837533,3.5018850913834387,0.28443415813788614,40.204482352559964,21.190997874999994,60.8151604635,-100.702,16.542396321,12.5193617065,218.937019034
middle_america,114,259.205,16.5620413763,-5277.17385765,17.93961958564,6.048403699258061,3.8575318864348254,0.22116758118107543,23.717956262356083,-159.0194687674998,62.7873325077,-100.795,16.5620413763,12.4717672564,263.512615859
middle_america,115,259.116,16.5991566707,-5304.60204654,13.95082197817,10.420037931413981,4.207028007289448,0.42476118930214285,18.404847519712696,-517.1694696075001,20.9261163862,-100.884,16.5991566707,12.4475643221,305.416682245
middle_america,116,259.015,16.6066962287,-5317.08624491,17.93452788481,6.597523013802919,3.3097550607309554,0.3318538077096064,22.296437942225104,-182.94588429999976,40.8503311226,-100.985,16.6066962287,12.3861342993,287.66742624
middle_america,117,258.923,16.6295649075,-5295.89249158,22.91703350349,4.371770228824447,3.3655946132576453,0.1300411233155763,30.98257989697763,-308.7348660524999,39.8551563101,-101.077,16.6295649075,12.310428361,256.267379315
middle_america,118,258.825,16.6402661024,-5063.61283483,19.94246826126,2.9375765622500176,3.588844307746751,-0.09978941880544948,24.678353524881505,-506.1701670000002,19.9423185362,-101.175,16.6402661024,12.2194049895,283.951750272
middle_america,119,258.76,16.710059837,-5082.00105785,19.93962873292,4.7847450469013815,2.5806785974297886,0.29924503408136777,26.12971350533418,78.55673495750034,23.9274039493,-101.24,16.710059837,12.1962230861,381.118185682
middle_america,120,258.654,16.7156117928,-5086.63450804,23.9117760618,2.4467967748741466,2.890998710338046,-0.08321823807122522,29.519685681977744,142.99907429999985,24.907842983945,-101.346,16.7156117928,12.0907610049,457.349154184
middle_america,121,258.562,16.7327686148,-5113.26500464,21.9468035767,2.9321027241989435,2.932123247552796,-3.499754946560439e-06,27.00387749136335,8.650533205000102,42.8954402486,-101.438,16.7327686148,12.0005622843,527.108204942
middle_america,122,258.501,16.8161225375,-5028.31567669,20.9533317681,4.3991406078410815,1.7625774022772587,0.42789416867734675,24.575796276432776,19.52142687000014,43.901747189,-101.499,16.8161225375,11.9866558284,691.32969702
middle_america,123,258.411,16.8428095547,-5002.83785543,13.955539631099999,4.032839845920524,1.6153852046591846,0.42800253524126536,14.398904232825172,297.9784397774997,44.8564632172,-101.589,16.8428095547,11.9122820212,744.231239097
middle_america,124,258.327,16.8815992886,-4925.7542925,19.94841739529,6.238659894090563,1.5654787954178397,0.5988080535979167,22.67714750393188,-447.1298697625002,43.8860569743,-101.673,16.8815992886,11.8486290524,686.557124313
middle_america,125,258.257,16.93449083,-4855.26521161,20.94096164022,11.11685650365383,1.1849439449838635,0.8073543868751203,23.36200205254024,62.60152064749991,42.8787307725,-101.743,16.93449083,11.7977604779,581.951749441
middle_america,126,258.2105,16.941125496,-4842.68094224,25.9291097692,0.891537305104524,0.891545155599894,-4.402766301058967e-06,26.692737131866043,-313.8803821225001,44.876625059380004,-101.7895,16.941125496,11.7549975403,538.382589706
middle_america,134,257.73199999999997,16.7612591485,-4763.33484972,12.97279518913,7.2580666376396215,2.1880865295576832,0.5367243171207452,14.373130033304273,-294.27935475999993,24.947548750657,-102.268,16.7612591485,9.64968028354,188.337747891
middle_america,135,257.692,16.7686101168,-4702.18120144,5.97867531184,3.9454911483084616,1.975091504414982,0.3328050226588939,4.382140642077155,180.16932994499984,27.90021085828,-102.308,16.7686101168,9.23718546983,185.403229981
middle_america,136,257.58,16.7918971641,-4884.65004356,5.977971964238,4.903478237118027,4.903489500711231,-1.148529648003836e-06,4.73811144795134,-29.138637904999996,16.937476743060003,-102.42,16.7918971641,8.08009526118,175.487497952
middle_america,137,257.5355,16.786528108,-4972.99446757,18.937215517720002,2.317769969558403,8.630568625407445,-0.5765987780786874,23.275299564828686,-632.5214089374999,13.95360975561,-102.4645,16.786528108,7.56112513468,168.757131383
middle_america,138,257.464266094,16.8293270103,-5298.01246008,19.948724512779997,3.6481635787494477,8.461895665234781,-0.39749864055178713,27.942046859062277,-402.9077328100002,28.92529946634,-102.535733906,16.8293270103,6.91094941999,171.628602076
middle_america,139,257.39300000000003,16.8721013589,-5368.71359801,16.98156519842,7.402565481037274,6.5877585422753295,0.058240748205988735,25.330345358865046,427.64947159250005,17.9804098048,-102.607,16.8721013589,6.21199030314,174.085772482
middle_america,140,257.369010165,16.9517133543,-4706.68225392,13.000810336359999,4.67894482344717,5.454406811690448,-0.07652571588992788,14.456372546455034,113.52913569500015,33.001935434800004,-102.630989835,16.9517133543,6.16797255773,198.390185606
middle_america,141,257.345,17.0313225459,-4753.18655133,11.95905510033,3.7784494591200906,3.7784665611923183,-2.2631020619715524e-06,13.089125700587767,113.2938026175002,28.9007340857,-102.655,17.0313225459,6.10571780914,228.191735058
middle_america,142,257.268478449,16.9784718296,-5393.88084441,16.9605882522,9.762961915499183,4.10073929400465,0.4084207049711206,22.497926324032825,-112.17352865500015,23.944231882900002,-102.731521551,16.9784718296,5.17635554237,183.586445197
middle_america,143,257.192,16.9255925868,-4795.61279674,15.95117831365,2.0794993101930612,6.216762502034851,-0.49869004685265006,18.521789551750107,14.058132064999882,18.9418415987,-102.808,16.9255925868,4.82423798969,156.496034797
middle_america,144,257.14,17.032374688,-4685.23346948,70.01095317779,0.5611176452691559,3.7977057717151967,-0.7425371061912095,88.35861075366599,-313.4047357874997,61.00890082563,-102.86,17.032374688,4.74170324166,174.973796289
middle_america,147,257.152,17.2740721509,-4698.94522478,59.0035282853,0.9402290913977048,1.2786226451576812,-0.15250841152879777,76.13306982438108,-178.0376410824997,68.00347041541,-102.848,17.2740721509,4.81214218921,266.084564393
middle_america,148,257.103765942,17.3347275295,-4726.05062807,37.958376594399994,1.662280336724813,1.496145734373761,0.052600440412799175,48.32576644190923,-732.5387032249996,32.963607669059996,-102.896234058,17.3347275295,4.74787086352,322.972398046
middle_america,149,257.0555,17.3953713515,-4791.66289062,27.936356161539997,3.254722847308717,1.3030783717571464,0.4281986821600716,33.79775945042279,1067.13266317,67.844217874732,-102.9445,17.3953713515,4.65650468144,386.50724938
middle_america,151,256.94,17.455616495,-4786.59259256,18.94236047595,1.6204503361867197,1.8004003676383653,-0.0526038833704234,20.365523454089843,1580.5065968499998,63.804333715670005,-103.06,17.455616495,4.4542366945,423.291864807
middle_america,152,256.827,17.4757312622,-4809.28453646,17.944167029429998,1.6396041407127049,1.63961512297397,-3.3490475573478456e-06,18.902182279452987,287.03748129250016,64.79682652026999,-103.173,17.4757312622,4.26620991022,392.794976107
middle_america,153,256.754,17.5269641705,-4797.57117877,31.93149845492,3.1670738407489716,1.440757895457624,0.3746482172355842,41.39643648962421,-447.3483663924999,42.9075298863,-103.246,17.5269641705,4.13145817931,380.221485162
middle_america,154,256.675,17.5879328498,-4796.42823351,31.92025919558,4.217300757651037,1.4080429675393913,0.49939309086691364,41.530023250055,-559.0155802825002,40.8974857045,-103.325,17.5879328498,3.98279082243,349.097278533
middle_america,155,256.58799999999997,17.6275327379,-4834.50577537,28.93084342689,3.918395677534826,1.765490359604142,0.37877348417322726,37.435233820906255,-366.7770830149998,38.9066328363,-103.412,17.6275327379,3.83034505262,289.029189652
middle_america,156,256.515,17.690832508,-4923.50399011,30.912712127069998,5.876002271697825,1.7193708259633074,0.5472583627280249,42.182358196477296,-402.75389628250014,40.8842022292,-103.485,17.690832508,3.6880930788,252.151796941
middle_america,157,256.41700000000003,17.7105755042,-4931.05707591,16.94497672647,4.865830598256773,2.031479194004129,0.41093578360550315,20.13318947525661,-87.4141339050002,36.8798197919,-103.583,17.7105755042,3.50783526118,223.43919948
middle_america,158,256.33,17.7500617556,-4966.44845364,22.939099015740002,6.771678979398963,2.3998102430955304,0.4766803547651509,30.737751545771566,-649.0184871875003,25.9310184187,-103.67,17.7500617556,3.34454887279,294.215128118
middle_america,159,256.25,17.8013875014,-4971.46840569,40.910156240540005,6.234730368366598,1.5171095185710342,0.6085807909610039,56.08683779102786,-528.6057618099999,41.9077333891,-103.75,17.8013875014,3.20213749739,490.039284878
middle_america,160,256.174,17.8610683245,-4976.83734179,26.9375131288,6.29596255519739,2.659765087346839,0.40601921060850227,41.27471324862244,-805.4030309425002,36.9140488829,-103.826,17.8610683245,3.20302247199,704.092128276
middle_america,161,256.093,17.9052812117,-4973.82573877,19.94748211937,6.101010580805748,4.075922518003668,0.19898804906548834,29.270510604086112,-546.8212591050001,30.9183014241,-103.907,17.9052812117,3.38536154143,767.565508038
middle_america,162,256.01300000000003,17.9489594989,-4960.6554019,24.93016313132,7.998192961395468,2.5406369425290523,0.5178521779570704,32.95666342788453,-597.2237143499997,27.9216299715,-103.987,17.9489594989,3.64572235923,724.11971201
middle_america,163,255.929,17.9848082005,-4938.37760839,28.92672474583,7.761508407196402,2.483257710921887,0.5152143675529803,39.73439915874113,195.55674774750014,58.8500203715,-104.071,17.9848082005,3.79484826049,644.838961404
middle_america,164,255.856,18.0401172773,-4900.65136463,48.88585858282,5.917016874809432,1.5222675289793892,0.5907489359583834,70.75362723485702,426.3960157575002,53.8737565873,-104.144,18.0401172773,4.03821131416,590.501766078
middle_america,165,255.78199999999998,18.0807542586,-4835.34758851,42.8861669747,7.204111045180898,1.4079665558166428,0.673025111698121,56.53155936561379,459.84807950999993,48.8699338751,-104.218,18.0807542586,4.19392389976,507.716780485
middle_america,166,255.686,18.1311863217,-4716.94072169,38.880072340560005,5.47089570494531,1.2002512673651466,0.6401664444369282,46.68909104629641,226.62478314999998,50.8426659463,-104.314,18.1311863217,4.36316500231,449.578939725
middle_america,167,255.572,18.1593004488,-4427.25515618,15.960522161810001,2.342913711787739,3.9010170091292116,-0.24953885092316616,18.37853704497011,249.1510835500003,44.8881978594,-104.428,18.1593004488,4.30636278662,443.004020562
middle_america,168,255.50799999999998,18.2369645956,-4405.15783632,9.98305040686,1.9723462567017958,2.957069195274321,-0.19976464718098916,9.19526624047308,63.56841865749993,54.9058335295,-104.492,18.2369645956,4.60494418198,517.619307728
middle_america,169,255.43200000000002,18.2847869366,-4440.50671451,20.95898168524,0.8849611514091007,3.7560197154813233,-0.6186318466759604,23.15146294506484,-50.128905877500074,43.913255291140004,-104.568,18.2847869366,4.71695014624,475.375375554
middle_america,170,255.36599999999999,18.3484999142,-4504.10840241,12.97902801805,2.1187389014712568,4.758385090169628,-0.3838299544848763,14.16074377487402,-857.0553314925,12.9789581218,-104.634,18.3484999142,4.84383888583,454.653857909
middle_america,171,255.30200000000002,18.4055353256,-4574.40607864,19.95781282627,3.021290470565098,2.0152446594046296,0.19974958680900043,23.06839534293813,247.95745333000013,38.9172813134,-104.698,18.4055353256,4.98623824169,428.288173716
middle_america,172,255.21699999999998,18.4558459411,-4587.17609351,8.988682589,2.331905605830833,8.111567596631708,-0.5534233562679174,8.854986146254676,399.0103574050004,35.9543271389,-104.783,18.4558459411,5.48114336448,309.987686622
middle_america,173,255.168,18.5536032345,-4584.46404523,10.986927405389999,2.5644393941707753,2.1374751860257626,0.09080645785087098,10.730166328185096,476.6863976750001,36.95567048403,-104.832,18.5536032345,6.44377086458,183.852036786
middle_america,174,255.082,18.6100198683,-4610.07982031,8.97971441802,5.969314918534962,4.781688037413678,0.11046661283486647,9.618433397899958,277.33301520250006,39.909302249,-104.918,18.6100198683,7.29560822467,107.088096393
middle_america,175,254.995,18.6675346571,-4989.10782049,12.97380926783,6.117712824625295,7.127613895850223,-0.07624584070574525,16.77323235728899,683.5522635124998,46.9045625596,-105.005,18.6675346571,8.15398344638,96.7978609065
middle_america,176,254.93099999999998,18.722959447,-5064.8438172,17.96896366775,4.106681460010211,5.12844963691562,-0.11063927151456814,24.13695834358395,686.5324440449999,41.9270035718,-105.069,18.722959447,8.88521740089,103.275155551
new_britain,0,148.710280407,-7.33821353604,-6052.01247376,221.06640387840002,2.446183024085486,3.4543407452733628,-0.1708590221131205,966.3662880372957,-525.5416577617,107.548556232992,148.710280407,-7.33821353604,,343.524942162
new_britain,1,148.793261741,-7.35225858508,-6130.41757003,226.0454840313,2.496009701253705,3.168580676471131,-0.11873249968121476,999.2640018993421,-416.78107226625,118.50264002927,148.793261741,-7.35225858508,,340.173056441
new_britain,2,148.876248322,-7.36628838006,-6216.94300152,227.0181249208,2.3422449242382566,3.050708886912649,-0.13136844621393107,986.770498541989,-79.24642455865,126.456629344,148.876248322,-7.36628838006,,337.245028527
new_britain,3,148.950588557,-7.36322434811,-6368.38118492,226.019257454,2.7137199555259945,2.7861853176348674,-0.013175747310139792,1046.5527739246736,-106.78175300564999,143.3816273744,148.950588557,-7.36322434811,,335.083030307
new_britain,4,149.024927763,-7.36014805667,-6416.1913944,223.03200582110003,3.0176313285310026,2.6157806016062333,0.07133345331538357,1021.9386016132253,-128.67438914825,136.4108747269,149.024927763,-7.36014805667,,332.159675524
new_britain,10,149.156266781,-7.02035275247,-6523.81222789,219.2828780618,2.2644385135403495,3.4594363189474624,-0.20877427273994417,962.7615904484835,1979.187947343,156.48361316286,149.156266781,-7.02035275247,,321.600803447
new_britain,11,149.250615272,-7.07329835829,-6523.68458952,235.2307791899,3.749348376210687,2.1125449868197714,0.2792277661879416,1100.4361866711458,-60.791361372375,170.44538942624,149.250615272,-7.07329835829,,319.774799509
new_britain,12,149.344985398,-7.12622497413,-6542.19517007,214.0749579058,3.6406780146232447,2.2025077835379863,0.24612775988362898,937.7190953912144,408.53770383739004,151.34864397450002,149.344985398,-7.12622497413,,317.168710205
new_britain,13,149.396804817,-7.06210345798,-6562.58540723,333.45004136800003,1.5343478939957944,1.9754965621418186,-0.12568895108003833,1303.5870189812347,26.703431030000047,183.69259088874998,149.396804817,-7.06210345798,32.684272785,315.349763864
new_britain,14,149.448609868,-6.99797622513,-6607.5649711,256.412044581,1.9050460769444566,1.9806481249085468,-0.01945650996623389,884.2542706503962,1072.996713804,150.6516284246,149.448609868,-6.99797622513,32.6565425483,313.920674397
new_britain,15,149.491441737,-6.9747430426,-6610.25377481,227.08343790959998,3.574297206930039,2.0476849831666115,0.2715434115840169,940.2636585776538,447.34914482353406,170.315752905,149.491441737,-6.9747430426,32.8981242152,311.859120995
new_britain,16,149.538087535,-6.97366263466,-6622.45267421,213.15370714110003,4.554891861566415,2.2176728903148204,0.34510101518075237,1006.5922860206922,50.5892896879,166.34220237588,149.538087535,-6.97366263466,33.3318045848,310.631056008
new_britain,17,149.61493966,-7.01192653118,-6650.96472729,232.19869234930002,4.137685261603074,2.044933895138451,0.3384894513812464,1102.9839129742313,49.705290578850004,193.33638715723,149.61493966,-7.01192653118,34.3061628411,309.314581554
new_britain,18,149.691804409,-7.05017793575,-6661.26522749,240.1260243216,3.1861958110033535,2.2607848707691645,0.169894294527413,995.6492165738756,109.56821897484,179.351316899,149.691804409,-7.05017793575,35.4710471791,307.963823936
new_britain,19,149.767482511,-6.94604661382,-6695.22525695,190.27404491419998,1.8906503080277695,3.5775330370474463,-0.30849052099522706,584.3425765491428,1667.1517052426,121.53279779270001,149.767482511,-6.94604661382,35.944828833,306.758342849
new_britain,20,149.848424746,-6.99307325915,-6711.79118007,235.2446248169,4.2522409477300265,1.9836393306672948,0.36379813527237626,1100.8487789051696,-198.8048148725,166.46750948838002,149.848424746,-6.99307325915,37.0827298563,304.873626759
new_britain,21,149.929383279,-7.04008608349,-6714.96970076,207.14416164829998,4.994213212609073,2.125167669856276,0.402990876611069,871.965455353463,220.51311608289998,166.3152583809,149.929383279,-7.04008608349,38.4244074465,304.315337365
new_britain,22,149.976152448,-7.02145676157,-6720.8337111,214.1660132337,4.323324147626907,2.319122353006831,0.3017264488963306,920.2712908269044,77.687633856065,166.355079907,149.976152448,-7.02145676157,38.8813299652,303.488338814
new_britain,23,150.069693612,-6.99334101932,-6723.32751432,224.1801079353,4.254511155752104,2.216386855384423,0.3149677675123351,967.5805861292389,16.366297001734,166.394061936756,150.069693612,-6.99334101932,39.8942058784,302.146664936
new_britain,24,150.163142931,-6.94210846311,-6737.56477302,233.222292681,4.35559147251559,1.9778519490405166,0.3754260305511453,1002.5082127374145,108.619953075,180.401050072,150.163142931,-6.94210846311,40.7407001622,302.619449494
new_britain,25,150.249302816,-6.89667638857,-6773.33116547,224.1890919147,5.2471319175336,2.045332801458791,0.4390558253557386,987.9817127520233,-345.76469232068996,168.392804182,150.249302816,-6.89667638857,41.5531839014,301.884513158
new_britain,26,150.332381413,-6.86784788294,-6840.37217496,208.1371683893,5.912739489025828,2.170739276799705,0.46291953262080077,906.1200323060045,67.06759788779999,172.288056209107,150.332381413,-6.86784788294,42.4623792748,300.953118118
new_britain,27,150.434127767,-6.85693371998,-6870.46122126,206.12949015829997,5.821832774284955,2.218753664326906,0.448111482597293,900.9332330276931,83.464532538334,169.287363535419,150.434127767,-6.85693371998,43.6638457472,301.124280036
new_britain,28,150.520301148,-6.83651831,-6874.77143744,202.2381280795,5.571059257833086,2.0245197576457135,0.46692154646274997,828.1244586369074,328.172162927,191.282510794,150.520301148,-6.83651831,44.6138743266,303.116025132
new_britain,29,150.601788646,-6.79250757587,-6893.18346261,202.21436448100002,5.735550797056234,2.0324380570467726,0.4767144764958692,836.9496956639877,173.52728292799998,195.244727667,150.601788646,-6.79250757587,45.35387496,303.125411827
new_britain,30,150.699553573,-6.77587993651,-6981.39619743,231.1140589549,6.005157529196294,1.7406023992648092,0.5505663962372186,963.6482030425865,536.84417632831,220.159546695,150.699553573,-6.77587993651,46.3852308472,304.291259287
new_britain,31,150.783601172,-6.72755769606,-7197.69237856,238.30195062250002,5.2506896338117155,0.9643374835078771,0.6896755346986242,566.047074261799,899.1903915150001,249.273007978,150.783601172,-6.72755769606,46.8277150798,306.722731386
new_britain,32,150.856095984,-6.6697696349,-7214.77309003,228.2464487197,6.6661778434829815,1.1272743027906351,0.7107124592201074,652.2507591885579,938.9157475799998,249.180809079,150.856095984,-6.6697696349,46.4986506701,308.442138936
new_britain,33,150.94322037,-6.63988325306,-7438.14956907,227.13619548120002,6.027639502816889,1.4463732969539158,0.6129593738457955,755.3207825634736,1392.3604958625,249.057516157,150.94322037,-6.63988325306,46.4728993624,310.97155749
new_britain,34,151.028241182,-6.60599480177,-7473.32904179,228.1493720803,6.1881216666218375,1.2357176864013126,0.6670947126844544,635.6321845470466,1656.4780918035003,249.075440972,151.028241182,-6.60599480177,46.4435519885,314.225406142
new_britain,35,151.11325041,-6.57209215474,-7530.38537086,105.64929520769999,6.27175340281721,1.8423389727090826,0.545891545857688,188.76026917465524,-800.8505066325001,95.6829075689,151.11325041,-6.57209215474,46.0855092518,317.230035947
new_britain,36,151.190763885,-6.51661987861,-7639.53926464,27.9113005427,6.102078636885681,5.293421852404952,0.0709628142476669,43.06135930591343,34.43363907250023,51.8356293846,151.190763885,-6.51661987861,45.6074530775,320.617760744
new_britain,37,151.272850173,-6.47599511004,-7733.35850178,32.891113831300004,5.363168215464579,5.049346466574249,0.03013890097381175,48.979999718684994,110.90260655249949,55.8156526224,151.272850173,-6.47599511004,45.1960115564,324.358485465
new_britain,38,151.347070382,-6.42955837848,-7809.93446143,35.8883053341,6.091675876771151,5.454513377919874,0.05518379136150129,62.56596322728716,-201.1381711899994,46.8544590778,151.347070382,-6.42955837848,44.7777876484,328.35046117
new_britain,39,151.421277148,-6.38311113524,-7833.60313206,31.8883164655,6.827296294386004,5.3200298573926155,0.12408215751848349,54.399902363980736,119.1307673525007,59.7910694427,151.421277148,-6.38311113524,44.3286473355,333.010595637
new_britain,40,151.505118822,-6.35187052261,-7823.29136278,37.861684403,4.7708430582128765,5.298041588121032,-0.052359178640516986,64.71867520970372,161.68829877749977,54.8002553826,151.505118822,-6.35187052261,43.9293088275,337.867244135
new_britain,41,151.590001369,-6.30908618479,-7765.7618467,46.8475426982,5.224538405315396,5.007949210798551,0.021166817165335656,95.1107661670766,-276.99095706250046,52.8284498173,151.590001369,-6.30908618479,43.5028016288,344.869842815
new_britain,42,151.672499687,-6.25508311178,-7909.01295227,50.8404469674,6.340170622854859,4.447340758259768,0.17546492399616942,100.93567057781509,-201.31439857500027,52.8344952208,151.672499687,-6.25508311178,42.9325848626,350.262857034
new_britain,43,151.752411631,-6.20864299706,-8130.21381927,42.8568396173,7.608739941074432,6.036774125920339,0.11520019014573449,98.055568428278,-307.19464652499937,32.8902552445,151.752411631,-6.20864299706,42.4878575192,356.101491439
new_britain,44,151.835140707,-6.16569793472,-8075.47972551,45.838913624599996,7.8722587246312425,5.079444809502392,0.21563294031310357,103.24079067329397,-547.8040240225,40.8565955603,151.835140707,-6.16569793472,41.9920882573,364.163457735
new_britain,45,151.920687934,-6.12624678459,-8234.38451483,53.8064161991,6.3286704455616105,5.070313408831892,0.11039203606246976,115.42752581384966,-415.7959730125003,49.821056583,151.920687934,-6.12624678459,41.5971344531,371.397546631
new_britain,46,151.983284874,-6.09743186851,-8243.01796112,53.823539162399996,6.105387354891008,5.268342428280773,0.07359458529151099,116.9845262376158,-49.24876720999964,79.7393780668,151.983284874,-6.09743186851,41.3217989379,376.381406917
new_britain,47,152.030134936,-6.06362711314,-8224.74339676,45.852539029599996,5.818959073023881,5.336940979939924,0.04320745890475221,94.04025819743717,-177.43953066499944,41.8655760237,152.030134936,-6.06362711314,40.9154113837,381.1244663
new_britain,48,152.104506689,-6.02540656601,-8353.20006659,43.87158101599999,6.526586318417205,7.141984794898365,-0.04502288288800392,99.86662098646819,-254.1821154599993,47.8601975797,152.104506689,-6.02540656601,40.5349497164,389.028942492
new_britain,49,152.169585711,-5.96667612809,-8234.35390033,47.8496079943,7.046682929819419,5.491644274607556,0.12402281658934672,109.27002513348226,131.78172410749903,78.7532093146,152.169585711,-5.96667612809,39.8654455114,397.157227698
new_britain,50,152.247648649,-5.93663696179,-8242.40424992,53.7902617014,7.239120412499358,4.990850086988752,0.18383284944184516,127.87624653147662,-540.3398788274999,54.7867206409,152.247648649,-5.93663696179,39.4375290159,405.061756468
new_britain,51,152.316476102,-5.91519980091,-8253.20175066,57.7884073078,7.389837739898939,4.210019574872327,0.27412562747452335,140.25715052966598,197.79390837749997,76.7197297144,152.316476102,-5.91519980091,39.0638037716,412.450425889
new_britain,52,152.379137055,-5.87878092732,-8173.72394655,57.7903741056,6.765504485441635,4.146512583386091,0.2400098795242172,130.30184194056693,-24.688640522500464,54.801515413,152.379137055,-5.87878092732,38.3598901371,420.054330628
new_britain,53,152.457098592,-5.85152843407,-8228.33611873,56.7875257033,6.810669777155906,4.293184934379844,0.22672170234366062,124.77577972315004,-71.61863389500104,55.7915758642,152.457098592,-5.85152843407,37.6981001527,428.485257387
new_britain,54,152.532524963,-5.81563098467,-8124.26437958,55.7733885899,5.909366375014935,4.126136335336039,0.1776921486792694,116.43064187584885,102.84996577999937,56.7697135808,152.532524963,-5.81563098467,36.8923306209,438.377944008
new_britain,55,152.634917874,-5.80130913429,-7979.4253704,59.746076680200005,5.516624496508342,4.223975436531039,0.13270733516040784,122.41202332343288,503.4511146225004,62.7338718835,152.634917874,-5.80130913429,36.5025976316,450.285539734
new_britain,56,152.655572113,-5.79306307739,-7957.07988326,53.7967676467,5.299735991899493,4.244112473697012,0.11060774089276192,103.05486130360075,246.69526792000033,74.7184286051,152.655572113,-5.79306307739,36.3390162966,453.175554071
new_britain,58,152.731330212,-5.79820668554,-7963.11202263,50.777760443700004,6.298079017120885,4.785992882578116,0.1364197334901654,102.51888741755732,-34.496254987499924,54.7607084519,152.731330212,-5.79820668554,36.2449177758,462.21271719
new_britain,59,152.80708969,-5.80334022565,-7716.51266844,45.8050213266,6.359225563238018,4.09791505598038,0.2162455865900612,81.70282944227934,498.21073008750045,59.746106951,152.80708969,-5.80334022565,36.1928878935,470.049850513
new_britain,60,152.896926707,-5.82783390299,-7773.1260949,36.8562727619,8.036878472582114,4.3735510442788295,0.2951813572065534,60.55284828236848,842.14717526,57.7750710626,152.896926707,-5.82783390299,36.8374834787,478.886786704
new_britain,61,152.983829116,-5.86548211435,-7529.5812133,30.8851440993,6.602222581585088,4.77836038690815,0.1602608758906498,51.270194010038985,892.8695046674993,58.7818313298,152.983829116,-5.86548211435,38.73188043,487.109800016
new_britain,62,153.052508297,-5.89323048568,-7523.10280633,31.873236602699997,5.934810508044517,6.719274267059042,-0.061992927418814826,57.13503159916206,411.24208292250023,70.7194691311,153.052508297,-5.89323048568,38.4401370602,493.773054799
new_britain,63,153.124459088,-5.91044945809,-7563.05563255,32.8715459618,7.503346533296722,5.543221331967758,0.15024067797536636,65.06158825343087,187.1663528475001,69.7281563909,153.124459088,-5.91044945809,37.8633477999,501.792512277
new_britain,64,153.208889555,-5.94759238874,-7508.05612688,41.8434134727,4.570734877258947,5.025545229175799,-0.0473944431459312,78.50765924240477,43.826984020000054,44.8325143004,153.208889555,-5.94759238874,37.1744390902,510.238687812
new_britain,65,153.29535947,-5.98070404484,-8066.5464893,50.8180438933,5.0124872924992045,5.635199900901275,-0.05848336799263159,103.23020767356002,18.88031113499983,52.8113034331,153.29535947,-5.98070404484,36.92923595,518.571639689
new_britain,66,153.375756651,-6.02585977076,-8775.08460177,43.8547906919,9.045939187221078,6.89903574427387,0.13464451666879618,107.98227178058747,434.28486757000064,63.7892700898,153.375756651,-6.02585977076,36.8766411687,525.372257191
new_britain,67,153.444456985,-6.06444678561,-8754.8219598,60.7718519765,5.622160169716273,6.199392993408783,-0.04882884809866365,146.4164604903664,102.23617061250025,74.7203061695,153.444456985,-6.06444678561,36.8584335294,531.097850561
new_britain,68,153.520716194,-6.0846108468,-8902.8974172,63.8287195961,4.9042393494671765,5.912288758783313,-0.09319528403455353,154.48319822497973,394.13351994000004,66.8212667875,153.520716194,-6.0846108468,36.7343041334,538.713425692
new_britain,69,153.569728326,-6.16255074291,-8932.44926891,66.8649885351,5.2242029634905895,6.831930011486538,-0.13335346012961494,193.87293032688012,-59.74955253749977,63.8715168579,153.569728326,-6.16255074291,36.9274641395,538.489030354
new_britain,70,153.641008304,-6.21212015511,-8942.28656342,53.878992652799994,4.983150848366165,7.801843806975009,-0.2204688413718876,136.0987007695908,580.5422806349998,75.8304317875,153.641008304,-6.21212015511,36.937609138,542.735921365
new_britain,71,153.695612634,-6.28295714394,-8942.66436331,72.8847365827,5.1422019978552775,5.89338390938277,-0.06806905567513234,199.0406028600917,-51.5517307225,68.8915309491,153.695612634,-6.28295714394,37.1111262265,542.257754533
new_hebrides,0,166.215351258,-13.9016721554,-6670.19648647,33.0071717843,4.200736616142238,11.081782236829321,-0.45025598769990205,61.651092580440974,2882.8072853075,72.01584531243999,166.215351258,-13.9016721554,,23.9046073973
new_hebrides,1,166.223575897,-13.9833317434,-6273.09480591,29.005723819639996,2.8899239780948616,7.548502637254514,-0.44629126886894627,41.573434346595015,3193.5705532675,60.0120172951,166.223575897,-13.9833317434,,25.3772356981
new_hebrides,2,166.238601397,-14.0852169036,-6449.52359783,13.00313751578,11.571715177116118,9.954327673342648,0.07513631348824525,19.60453359807352,3069.4201911650007,55.01334605846,166.238601397,-14.0852169036,,30.0009536324
new_hebrides,3,166.238601397,-14.1799367976,-5894.33547757,13.00299288925,4.698427273458535,5.477071766331684,-0.07652150423564898,14.52875413754238,2790.3093870400007,54.0125248215,166.238601397,-14.1799367976,,33.8287719483
new_hebrides,11,166.29904064,-14.7617712015,-4218.14503855,20.989952028719998,4.514500581080933,6.009704051922987,-0.14207282383631104,26.63500026557756,-114.71348137999985,38.98109769342,166.29904064,-14.7617712015,,24.8691566857
new_hebrides,12,166.261978205,-14.8372461729,-4953.95825052,20.990025337490003,5.958852043418167,5.420541243612283,0.0473057557839589,29.622734362817948,547.2475098999998,39.980769120312,166.261978205,-14.8372461729,,24.0466833853
new_hebrides,13,166.261978205,-14.8372461729,-4937.34537222,123.7809467868,2.012358231357013,4.722840378805893,-0.40243537040748395,255.48367439017352,1541.964918437,73.871500161988,166.261978205,-14.8372461729,,24.0466833853
new_hebrides,14,166.188016697,-14.9100807766,-5446.27935083,66.8827465732,4.5680781145395954,5.3010430999090135,-0.07426851585289491,173.029672042862,-766.7958429350001,39.92955955304,166.188016697,-14.9100807766,,24.7395017891
new_hebrides,15,166.114005111,-14.9828916255,-5525.67746999,65.9486747241,2.7291344169821006,2.274830814590714,0.09078872081782882,114.8587861652197,-440.5512578574999,50.95993364008,166.114005111,-14.9828916255,,30.5453073071
new_hebrides,16,166.111568618,-15.0355084679,-5510.06811044,58.0167900365,1.969028495968827,0.6871086959022293,0.4826255978003825,73.48131935731449,-157.30414295750006,104.02996384525001,166.111568618,-15.0355084679,,30.1825977931
new_hebrides,17,166.108823603,-15.0836147141,-5509.81229587,191.6010314017,2.394053268266512,1.5352534183010247,0.21856269272676598,424.1752399365985,-933.82760542,125.73540196783999,166.108823603,-15.0836147141,,29.5467722798
new_hebrides,20,165.82572221,-15.1842813712,-5165.26083746,31.936631254353003,0.5996953085473183,1.5322324799832707,-0.4374149895943215,34.09618171503872,1370.7914568074998,44.9115825705,165.82572221,-15.1842813712,,55.6801970822
new_hebrides,55,166.174646726,-16.9009204079,-4838.56475985,44.8899217214,0.7334984274230077,0.6418099744708382,0.06666755821887764,48.40311899524343,-257.6719109750002,36.90989935163,166.174646726,-16.9009204079,42.5834104092,149.940331703
new_hebrides,78,167.268760799,-17.1404063102,-6378.2833672,16.993447520529998,5.256307943382066,7.487215085264364,-0.1750620402903809,20.34990925857363,-292.6993753199995,26.989732107370003,167.268760799,-17.1404063102,,72.0148349078
new_hebrides,79,167.310173767,-17.2223180432,-6581.99303958,18.98938257052,4.511480514442072,9.701305468702415,-0.36515184006957996,25.66597223528935,278.6898952149995,19.988927001,167.310173767,-17.2223180432,,58.5446050178
new_hebrides,80,167.349764555,-17.2808736526,-6327.74710845,20.98307993438,6.635882453645924,6.037268593437445,0.04723480829546693,33.439003986796145,517.0754311699998,24.97998647283,167.349764555,-17.2808736526,,48.5879690631
new_hebrides,81,167.389380525,-17.3394214973,-6358.42690159,15.99578002135,5.383853506166758,6.908844023293228,-0.12405662088990346,19.602617671833798,1858.744987815,24.9935146591,167.389380525,-17.3394214973,,40.686057003
new_hebrides,82,167.43192314,-17.4591172389,-5907.66944252,5.00141894272,4.174689818576441,2.7858636972561426,0.19952811484909252,3.3423195181014616,926.4307584699995,29.0082852487,167.43192314,-17.4591172389,,33.6226976632
new_hebrides,83,167.423327759,-17.5268708586,-6485.16879507,21.007255017300004,9.744305943087912,3.071854390461372,0.5206279711685445,26.948802420128533,1008.38394066,27.0093069025,167.423327759,-17.5268708586,,31.2558296823
new_hebrides,84,167.414725956,-17.5946241077,-6653.16810572,25.0092836113,8.391203874382754,3.9709123237287964,0.3575675458647772,39.51577019271926,-500.56479089999993,28.010377294,167.414725956,-17.5946241077,,28.8136645618
new_hebrides,85,167.407759047,-17.6835846705,-6744.85157913,27.010501734529996,6.661126719648365,4.590425804743202,0.18403690605507242,44.22909181955324,-341.10226659,42.01628859854,167.407759047,-17.6835846705,39.0214101267,28.6977847759
new_hebrides,86,167.400785236,-17.7725449879,-6717.77652874,24.00523051527,7.264301028016439,4.373580992852971,0.2483888417136159,35.44912658355693,-205.58974325500003,45.009649277479994,167.400785236,-17.7725449879,38.8255140425,27.7074269609
new_hebrides,87,167.375144773,-17.8209956396,-6447.07664411,16.00480023473,7.118869335857613,7.118877189474234,-5.516053124741995e-07,23.675201928894253,-366.4091031375001,26.007753195329997,167.375144773,-17.8209956396,38.6987058398,27.8381100389
new_hebrides,88,167.375144773,-17.9135509173,-6412.79301886,8.00306304239,19.714890281352332,12.134261891041152,0.23801664638602185,10.48849958349999,-762.069072074999,15.005751093129998,167.375144773,-17.9135509173,38.4599812384,27.2791246
new_hebrides,89,167.389308887,-17.9564250688,-6138.73178269,32.0001420262,4.168849692289913,10.551595829488686,-0.4335973478354055,61.545452751314265,-589.4795842499998,22.00020235985,167.389308887,-17.9564250688,38.3447350122,26.7004823311
new_hebrides,90,167.417063433,-18.030871179,-6488.96359507,196.99933941970002,5.888927919343752,0.7811046004749042,0.765786868908357,292.085166998644,-214.2447610700001,189.00035651149,167.417063433,-18.030871179,38.1288879447,25.4964660947
new_hebrides,91,167.444841465,-18.1053133287,-6277.63373741,40.9992340038,7.129720827350935,4.127485552337973,0.26669452204676813,71.5155981425479,-857.0233459050005,78.999267661,167.444841465,-18.1053133287,37.892296714,24.6914222807
new_hebrides,92,167.472643107,-18.1797514971,-6537.68233676,26.99958080753,8.933987691641166,6.168418078023765,0.183121130222338,47.923571677225134,-543.4696370400006,28.99964647265,167.472643107,-18.1797514971,37.6610412648,24.6843295089
new_hebrides,94,167.484512387,-18.2650712381,-6765.28807402,37.0136831734,7.1348322566709195,6.073289623330573,0.08037044501744306,77.09085189797115,-737.7730335249998,56.02087073055,167.484512387,-18.2650712381,37.4132554331,24.14515226
new_hebrides,95,167.49639334,-18.3503902466,-6532.52258323,45.019514124400004,5.434572058395769,3.629088319723443,0.19920028590556915,71.71041967173919,-494.27046105000045,61.0265133914,167.49639334,-18.3503902466,37.1703286686,24.1409401953
new_hebrides,96,167.495324096,-18.4838634824,-6446.83961834,65.0283092385,3.16194525474615,3.923014948671617,-0.10742046138217244,115.76471985519554,-88.27206800500016,42.0183409823,167.495324096,-18.4838634824,36.808586346,26.7211831749
new_hebrides,97,167.509584255,-18.571077924,-6371.29100822,48.0172166539,4.1552963651014485,3.517759641307382,0.08308771932090307,76.64541872780705,-574.3961044050002,41.0148039949,167.509584255,-18.571077924,36.558437234,28.3781466221
new_hebrides,98,167.523859007,-18.658291293,-6316.92699327,116.0277375372,2.3849248111161594,1.567732630727811,0.20674500444620283,178.8474622330471,-893.87482138,105.025950675,167.523859007,-18.658291293,36.292579772,30.0771728551
new_hebrides,99,167.543718014,-18.705282586,-6304.10241595,261.9014735376,2.4845833497814716,0.8713188052415419,0.48072454738444736,545.893367890992,990.3993219724998,231.917638121,167.543718014,-18.705282586,36.1309242884,31.6407206607
new_hebrides,100,167.594094897,-18.7855194009,-6022.29241084,242.00624248499997,2.4091158765692655,0.7597720476339036,0.5204803288680829,471.04854800775706,983.4019517949998,239.010052153,167.594094897,-18.7855194009,35.8504999736,38.977106627
new_hebrides,101,167.611337166,-18.8840617654,-5812.54910758,189.0105889326,2.087646338417825,0.8793059810154558,0.40726652379542627,349.32617254374617,-968.6161464849997,157.010545828,167.611337166,-18.8840617654,35.5044462554,51.357046324
new_hebrides,102,167.65737453,-18.9597440264,-6156.15464771,188.0374478632,2.672217116786665,0.9953673689116039,0.45720821276617624,335.7481131716693,-967.3432980324997,160.03321822149,167.65737453,-18.9597440264,35.1309065205,59.0433322905
new_hebrides,103,167.660974744,-19.0546365517,-6202.69945149,246.0442691611,2.801562269927045,0.8649099178754882,0.5282059300747817,476.89708486430703,710.2395876599999,237.045692971,167.660974744,-19.0546365517,34.7947835667,57.1997075803
new_hebrides,104,167.712750898,-19.1395830964,-6245.60865805,257.0039441205,3.5376436517356864,1.248826246312316,0.47818485317473447,783.0146350258849,1111.60938805033,235.007581167,167.712750898,-19.1395830964,34.3928635137,58.5842772485
new_hebrides,105,167.73144485,-19.2339853932,-6055.34483257,247.0426300629,3.165079354298418,1.131354868295157,0.4733517099618455,663.595327644527,1459.514109597545,231.043136186,167.73144485,-19.2339853932,34.003798358,61.73611609
new_hebrides,106,167.765378545,-19.3058894195,-6044.73544279,183.7140805569,3.549477425620306,1.1167725254305834,0.5213404609073399,387.055995348429,2321.66662677559,179.725138056,167.765378545,-19.3058894195,33.6741018659,64.8884911842
new_hebrides,107,167.858813571,-19.3493314907,-6435.21367012,171.8373552988,5.743105202507158,1.2666496694584382,0.6386037193613708,372.67884781890547,1698.0897753959998,192.82181516,167.858813571,-19.3493314907,33.3497337625,71.183616407
new_hebrides,108,167.875248602,-19.4417069337,-6129.07991494,247.0880578073,3.6692542256336087,1.2048026455866456,0.5056263488837729,732.0161722429476,1212.67079803258,242.088638348,167.875248602,-19.4417069337,33.3173502464,68.4704524411
new_hebrides,109,167.887043877,-19.4844721115,-6181.82895384,171.9918192081,4.746250478470913,1.1292137655242638,0.6156171772542607,352.540005402907,636.0643579199998,205.99361722866,167.887043877,-19.4844721115,33.4736799643,67.3024863372
new_hebrides,110,167.931323137,-19.5720088239,-5632.58961139,172.9625851431,2.957166321526598,0.9788815281200841,0.5026068963018562,351.6689408318981,2400.1539385616,200.96091143075,167.931323137,-19.5720088239,33.9351510715,70.5717469045
new_hebrides,111,167.975650524,-19.6595347235,-5653.43713986,170.89676177939998,3.1692648844757647,1.0327534675724586,0.5084488543135204,350.75458185940164,2331.2607183027,172.899107282213,167.975650524,-19.6595347235,34.3885441751,72.4939188265
new_hebrides,112,168.008301047,-19.6868694469,-5842.56237342,172.6162358109,3.674521488183214,1.106427705258783,0.5371514481783392,376.5271208160687,2312.8462707458,147.67474554083,168.008301047,-19.6868694469,34.5784077912,73.9188546481
new_hebrides,113,168.089232705,-19.7302601664,-5943.7503576,152.8116312012,3.5305243413553766,1.3372633832131495,0.4505662699859483,330.03728694188266,2186.198589992,149.81897231822,168.089232705,-19.7302601664,34.9122217489,76.5270396145
new_hebrides,114,168.110232566,-19.7940545654,-6060.1346829,186.9866416278,3.0197208155027404,1.1640318990391525,0.4435465102929201,406.56469123197417,2320.1606858884797,182.990107786,168.110232566,-19.7940545654,35.2428111252,77.6965245316
new_hebrides,115,168.143744606,-19.851812064,-6181.4015119,164.92153140620002,3.161381315027103,1.4559053298808833,0.36936757804002585,376.27274126014436,1759.804344691,150.931269509,168.143744606,-19.851812064,35.6420012026,82.3137725172
new_hebrides,116,168.17949081,-19.9056879723,-6314.55725884,170.6281826908,3.037032301789286,1.5194864271185042,0.33304941007771116,394.41517014671024,2346.2185927744,156.664532016,168.17949081,-19.9056879723,35.9962169621,89.852843229
new_hebrides,117,168.289122312,-19.9441905858,-6337.01547244,164.61131157490001,3.405003745994347,1.5682595918303222,0.3693237275803348,415.41547881193304,1923.527800103,148.654111765,168.289122312,-19.9441905858,,101.411444743
new_hebrides,118,168.315325691,-19.9826960388,-6467.91707539,251.0901075423,3.5014838448826415,1.5510238368763816,0.38603800941223115,886.7784580662831,19.812627892500018,206.07603461,168.315325691,-19.9826960388,37.0371859673,108.457121471
new_hebrides,119,168.323046375,-20.0938829236,-7148.47733496,232.1190094465,4.028568549268326,1.439152319764898,0.47358237399585396,610.344288885335,252.49161043749996,200.10309644915,168.323046375,-20.0938829236,37.7200536332,123.754422021
new_hebrides,120,168.330778029,-20.2050694722,-7061.01241022,241.1249305875,4.182849792627219,1.613067541459968,0.4433780026595172,775.8327258800131,1171.9082509889,230.12001122716,168.330778029,-20.2050694722,38.3311297185,135.36740152
new_hebrides,121,168.330778029,-20.2050694722,-7081.07159484,183.52008699599997,2.7827810589258197,3.2404561594144377,-0.07598490378148069,647.6230291513479,448.918615177,117.68593540854,168.330778029,-20.2050694722,38.3311297185,135.36740152
new_hebrides,122,168.398254062,-20.2367531369,-6767.10038723,164.570501254,3.137386142926418,2.145945394162946,0.18765446419621545,474.6034642614975,1475.191344507,115.702081368,168.398254062,-20.2367531369,38.4667498125,140.562520023
new_hebrides,123,168.465757601,-20.2684110008,-6720.34293863,170.9863056012,3.7844490052229407,1.6102596549728037,0.40302257029969946,406.40280188285,2384.8314825768,139.990599358,168.465757601,-20.2684110008,,145.803338577
new_hebrides,124,168.44735693,-20.3424302821,-6794.67743037,162.0538522485,3.1980737467437605,1.6003102346482614,0.33297950274333493,372.47434673473055,-780.69259237,125.04062792423001,168.44735693,-20.3424302821,38.6930061149,144.438483196
new_hebrides,125,168.428938625,-20.4164476354,-7088.36210701,245.12691359259998,3.831467905985024,1.5040198723985911,0.43622029142601326,696.7786293739085,545.509669627,218.112065613,168.428938625,-20.4164476354,38.7874937002,142.813957894
new_hebrides,126,168.438645714,-20.4530705417,-7064.45397528,158.0247426427,3.7280868580987754,2.1059467830270404,0.2780477753225133,385.58275072242026,2390.3167256272,136.023115383,168.438645714,-20.4530705417,38.8542869076,144.440534309
new_hebrides,127,168.45848738,-20.499186737,-6959.24311368,137.9088390562,3.3685315467231476,2.748974723398978,0.10127604222493115,370.5071896720356,1965.307122256,116.925801341577,168.45848738,-20.499186737,38.950282571,147.23137454
new_hebrides,128,168.524850901,-20.5737316509,-7140.09968623,139.8529096727,3.7557671297815105,3.074228298370443,0.09978613288698449,411.9401547611532,1279.8475371299999,95.90146857173,168.524850901,-20.5737316509,39.1388177971,151.516891993
new_hebrides,129,168.59127926,-20.648251251,-7199.31061105,129.96436888,4.1884091267561905,2.885554894999472,0.1841759765458021,336.3928728096513,1859.8731414610002,100.97398127258,168.59127926,-20.648251251,39.315616041,154.113148536
new_hebrides,130,168.591427823,-20.6933989292,-7193.13095928,124.9353389943,4.183288337058061,3.183943098351366,0.1356473252494147,335.78515278151554,1588.6904839229999,93.9531391356,168.591427823,-20.6933989292,39.4213704881,153.254094485
new_hebrides,131,168.635444135,-20.7151762135,-6935.96318252,120.96158915480001,4.116111337806316,3.0012227903904964,0.15664412086527665,320.40238927594,1558.688606621,94.9714348414,168.635444135,-20.7151762135,39.4968923436,152.879198837
new_hebrides,132,168.660743121,-20.8135490992,-7023.02349825,122.0431536521,4.629857262402371,2.7096076229020745,0.2616334664050434,301.5579741214808,2425.8965517917,139.05077416373,168.660743121,-20.8135490992,39.7658088347,146.71143407
new_hebrides,133,168.686075152,-20.9119182698,-6840.71140082,117.0452392364,4.239298620880395,2.8492070340646394,0.1961050261483546,291.6411239722335,2291.9761636331,119.04716536707,168.686075152,-20.9119182698,40.0817806327,138.81101113
new_hebrides,134,168.692528564,-20.9469753689,-6692.09231886,103.0041600343,4.018149130324865,3.6470887709638697,0.04840819869382134,270.95392641158895,1826.6154522329998,83.0044702715,168.692528564,-20.9469753689,40.1867825096,136.533199764
new_hebrides,135,168.725277316,-21.0040686108,-6555.35496492,178.89767576650002,3.0109677988529344,4.171480697312392,-0.16157622279909828,617.5899460748299,157.714868042625,98.9466187758,168.725277316,-21.0040686108,40.3956836863,134.618829168
new_hebrides,136,168.791849842,-21.0912608566,-6841.29332312,161.9271231585,3.611467961871798,4.62467210908993,-0.12301929526312941,586.7968014869746,143.1511704843,87.96270573,168.791849842,-21.0912608566,40.7246321952,126.601476084
new_hebrides,137,168.835734488,-21.1766185102,-6035.66343925,160.0081566906,2.3243161564381283,4.310684892232643,-0.299377305477963,462.9032003199164,861.76880115355,90.00674194039,168.835734488,-21.1766185102,41.0198307633,119.398181617
new_hebrides,141,169.062203067,-21.5007430477,-6006.31748961,145.8336086133,2.564531336284555,5.56100718842969,-0.3687725857223123,389.1974326905264,-307.51623897824993,60.9327106409,169.062203067,-21.5007430477,42.2337036592,98.0634142502
new_hebrides,142,169.119072276,-21.5610280815,-6244.45684363,124.79492888210001,2.782433863368118,6.348919087389763,-0.39057577154824963,292.74070238167286,1003.9757228249,70.8866104097,169.119072276,-21.5610280815,42.480725336,94.6793259779
new_hebrides,143,169.194230501,-21.6062043236,-5764.31856996,93.83286605129999,3.5871210018010955,5.767053851450857,-0.23304384233227307,234.21808389859945,976.9421431034999,87.8471830808,169.194230501,-21.6062043236,42.725013171,105.648859705
new_hebrides,144,169.233810647,-21.6455633766,-5769.30524552,182.9362605229,2.0543321942167445,4.6504881638380935,-0.38720738677248173,471.5140165457957,-343.2183722589999,69.977954851921,169.233810647,-21.6455633766,42.9097937397,107.965395963
new_hebrides,147,169.350703329,-21.8872346429,-6271.99579354,135.7573946988,2.248535865261802,8.242814572441256,-0.5713543497353446,314.8707391671504,1152.8175172304,70.8773595134,169.350703329,-21.8872346429,41.9739923874,103.588734609
new_hebrides,148,169.454709244,-21.9433610192,-6320.92606051,144.7770927924,2.2073067496246948,7.171707732965162,-0.5293094485093099,359.6802281606336,1037.8305868322998,62.9063284286,169.454709244,-21.9433610192,41.2553052617,132.882751167
new_hebrides,149,169.518160931,-22.0265055664,-6045.1246708,128.858606369,2.593119086895223,5.966300918904834,-0.39409000022476603,343.61137383034355,722.234001355,61.9343148554,169.518160931,-22.0265055664,40.6467073073,131.890192763
new_hebrides,150,169.602249339,-22.0962717932,-6311.91130033,112.8084235397,2.6038164318944883,6.859011356845916,-0.4496747716379858,270.2536277031892,-160.99944471000003,86.8570501861,169.602249339,-22.0962717932,40.0473412735,143.536119415
new_hebrides,151,169.675425624,-22.1452293362,-6354.54976452,112.81877438730001,2.7035859004487985,6.261220826502507,-0.3968445761756613,285.0227023129264,-40.9286004574999,111.826940705,169.675425624,-22.1452293362,39.5745150808,159.664306406
new_hebrides,152,169.742382973,-22.2069489667,-6568.37530025,104.8021632845,2.879399271179599,6.8461427763285005,-0.4078686294061388,257.9228998220621,-609.837858695,49.9076303507,169.742382973,-22.2069489667,39.0458894539,181.224032961
new_hebrides,153,169.827689761,-22.2479033897,-7129.71949808,105.8186652105,3.447570932368559,6.9672664916715945,-0.3379501201985796,269.5297202666191,-1091.7243135075,52.9111382908,169.827689761,-22.2479033897,38.6112987395,211.825135939
new_hebrides,154,169.879806916,-22.3086783632,-7398.93398327,132.83138980130002,3.4204979795409933,4.844854807936805,-0.17232861863485677,339.3141437678911,12.059754477500064,115.858553318,169.879806916,-22.3086783632,38.0964471672,231.035347645
new_hebrides,155,169.93777796,-22.3503161044,-7339.04671957,124.7987366811,4.224730690729931,3.900612055727511,0.03988984158775732,330.1067565391186,1102.4270701435,82.868816296,169.93777796,-22.3503161044,37.7590073301,247.1627502
new_hebrides,156,169.995345592,-22.397732802,-6846.94356358,141.8568497896,3.0334430672243604,3.591945751930439,-0.08429734464660851,367.1724994596138,883.3407007570001,80.9207897319,169.995345592,-22.397732802,37.2544264981,256.133549431
new_hebrides,157,170.066508388,-22.4866598,-7105.01526542,121.8939612744,4.382849721248252,3.7206708710755954,0.08171495865635398,314.0789804976518,1695.560293967,81.9305790496,170.066508388,-22.4866598,36.6179121397,258.060277727
new_hebrides,158,170.10239155,-22.5190134362,-7047.04710696,133.80429832069998,4.3330756640180335,2.927718560426898,0.19355418431494958,308.72022878279097,773.3158912099998,102.852516898756,170.10239155,-22.5190134362,36.3527396018,263.810267702
new_hebrides,159,170.190985022,-22.5892301697,-7233.57774273,127.80412598379999,4.48666446608457,3.0730143608634863,0.18699869896348406,279.70304920005236,552.9446636175,110.83380035414,170.190985022,-22.5892301697,35.7816294886,295.166306264
new_hebrides,160,170.279668849,-22.6593982706,-6847.57890957,137.7994345927,4.09728345964997,2.4044219071426802,0.26037192659537467,264.67404500413755,1005.0320182600001,110.841792888276,170.279668849,-22.6593982706,35.2533458072,383.027640013
new_hebrides,161,170.32358585,-22.6978883605,-6896.49378634,153.7374339749,4.272242405832931,2.244747431691293,0.3111091201136312,337.05703517819916,674.0544618575,120.797208673,170.32358585,-22.6978883605,35.0167114625,441.49736745
new_hebrides,162,170.42,-22.7591,-6668.72738266,122.7854943053,3.2018333127974756,3.587131387933357,-0.05675358351685108,283.1361691826476,-1172.78147546,100.828214906,170.42,-22.7591,34.7759772294,491.358786121
new_hebrides,163,170.476110426,-22.8049145256,-6761.16945893,131.83744679720002,2.7641066107211967,3.6347529060165162,-0.13606273008775088,292.5333256802345,-438.335735225,66.9195045116,170.476110426,-22.8049145256,34.6980268696,495.88048796
new_hebrides,164,170.500872798,-22.833835785,-6686.56272336,114.726079599,3.42371158487753,3.3646452641597655,0.008701121940302979,250.72029111633555,-692.9178581250003,87.7938412609,170.500872798,-22.833835785,34.6190087598,498.409836508
new_hebrides,165,170.603424674,-22.862856634,-6440.52878453,140.6066235688,3.154455100675416,2.2706214407960053,0.1629163483912233,304.720652853968,-658.84398732,94.73824769723,170.603424674,-22.862856634,34.647495648,379.410969111
new_hebrides,166,170.706020314,-22.891811742,-6236.78911359,161.548386728,2.580330799739721,1.9637010630660052,0.13570101515374852,332.70307165168947,-943.1612035049998,118.673829661445,170.706020314,-22.891811742,34.6747974412,268.201225957
new_hebrides,167,170.706020314,-22.891811742,-6216.30000616,51.9001361204,5.532258137176122,4.745945715937145,0.07650290191518266,109.15271820744316,593.0064302600003,83.835913152017,170.706020314,-22.891811742,34.6747974412,268.201225957
new_hebrides,168,170.791835149,-22.9456114092,-6195.7790393,146.71931395849998,2.4521954038999345,2.110955161784177,0.0747817187278366,317.3452288300448,158.67941986000005,91.827437992979,170.791835149,-22.9456114092,34.5789189088,216.109551795
new_hebrides,169,170.877718208,-22.9993648964,-6616.49576722,243.4007624213,2.8239856517371473,1.1367283643735195,0.42599826205591007,496.9939767740194,698.5872708100001,196.524769491713,170.877718208,-22.9993648964,34.4991581888,193.517058224
new_hebrides,170,170.92694199,-22.9998,-6989.34356236,32.8975618216,6.201203447025019,6.585364415717744,-0.030044103532433048,58.074748488846616,786.3265359900001,32.898127217395,170.92694199,-22.9998,34.5664194196,188.035533403
new_hebrides,171,170.981970995,-23.0033586336,-7575.2740984,28.9146262491,13.7157224193062,7.319739205838492,0.30405718340986077,58.48707844985564,796.4950063049992,35.894498810881,170.981970995,-23.0033586336,34.6172913057,186.086916072
new_hebrides,172,171.068306891,-23.0273769103,-7089.62033731,27.9219362922,10.234997135811168,6.663699893037549,0.21133565722119624,56.25823490361549,617.5542241174999,33.9056687429,171.068306891,-23.0273769103,34.6573203733,185.378501088
new_hebrides,173,171.154673529,-23.0513483359,-6901.35868828,31.9101449808,6.716448539486958,5.932192494450153,0.06200318618676865,59.7261013886732,339.3667981075,31.9106106405,171.154673529,-23.0513483359,34.712606292,190.502174432
new_hebrides,174,171.243466594,-23.0742912141,-6955.61329014,31.9095963873,7.222801802873613,6.380429864586124,0.061924398472351656,61.713890305038625,-157.80077617000006,32.9072693236,171.243466594,-23.0742912141,34.793208386,203.841213552
new_hebrides,175,171.332289925,-23.0971844591,-6875.12817197,28.916080950100003,8.258215983081296,5.849541556909122,0.17073403900970432,51.14476061351251,15.662147842499508,54.8422005781,171.332289925,-23.0971844591,34.8670027975,221.48577824
new_hebrides,176,171.382200279,-23.1047417098,-6828.46046794,28.9126009145,9.421073398517654,4.990900892763287,0.3073952545443107,50.68319316093941,81.98993054249968,56.8295902206,171.382200279,-23.1047417098,34.9187884221,227.499605856
new_hebrides,177,171.438311867,-23.1116086271,-7018.18366764,26.9183892919,9.521383640275621,6.577740832510596,0.18284490021435185,47.767151803975075,-145.2882560625003,53.8381088017,171.438311867,-23.1116086271,34.9641497842,232.269137391
new_hebrides,178,171.549372228,-23.1263417347,-7025.85165136,25.9215270603,9.046067169566484,7.770746852607747,0.07583602430740637,46.834907940051096,-116.06368101999942,35.891959360758,171.549372228,-23.1263417347,34.9589096933,244.833305176
new_hebrides,179,171.660456921,-23.1409970679,-6871.67328799,22.9298542772,9.14114916615965,8.390616305022144,0.042809884855647316,36.56585017012198,-23.145700100000795,29.9089438007,171.660456921,-23.1409970679,34.9087764387,255.865766052
new_hebrides,180,171.703696205,-23.1419492006,-7132.85264571,25.920628482799998,10.169134994553456,7.493549987334005,0.1514823488027546,42.28595211545519,-42.66430268250042,33.8967208911,171.703696205,-23.1419492006,34.9195471016,252.513108233
new_hebrides,181,171.778404155,-23.1522637333,-7160.81893439,27.9139813172,9.269560069557745,8.050927653721637,0.07035785800640133,52.803247570279716,-232.2281320775005,30.90521947,171.778404155,-23.1522637333,34.9369626124,241.217714576
new_hebrides,182,171.853766328,-23.1522637333,-7017.94812656,31.9015586205,8.065931508192428,6.289785639999554,0.1237239386829636,55.257164676317174,-231.73288201749983,81.7509974587,171.853766328,-23.1522637333,34.9732458994,226.973992166
new_hebrides,183,171.951837374,-23.141916401,-6951.24944134,25.92186100021,10.624989446700582,5.67169926376357,0.30394457861593005,41.975901643911904,-163.3776565299995,43.8685599651,171.951837374,-23.141916401,35.0215242585,222.150761081
new_hebrides,184,172.008622723,-23.1305933961,-7247.86086137,26.918350254590003,12.297276450801517,6.220186337527302,0.32818157556144684,45.71156449506749,13.165572365000116,43.8677158919,172.008622723,-23.1305933961,35.0367806261,222.469593357
new_hebrides,185,172.122982567,-23.120613297,-7556.72190257,33.8959062908,8.539208564730448,6.760180411102694,0.11628099373366477,68.41103657887354,190.2230887374999,74.7730787443,172.122982567,-23.120613297,34.9966995383,220.082995318
new_hebrides,186,172.237325332,-23.11055078,-7762.08827468,32.8985602694,11.529900611560876,6.64879666474236,0.26850680621549594,70.57140793717436,-18.646883622500354,67.7930074412,172.237325332,-23.11055078,34.8880216324,210.836197268
new_hebrides,187,172.2785063,-23.1101349987,-7586.14385268,32.8979351333,10.994146950179008,6.33458377800249,0.26889235254828725,68.08302153025997,-60.35700065000037,68.788697706899,172.2785063,-23.1101349987,34.8320111343,207.016929466
palau,0,134.721962264,6.92808347932,-6640.17640465,15.95722752847,5.736384881518625,7.359338098077165,-0.12393002044157729,20.675609337424888,4705.2059051112,55.850732022710005,134.721962264,6.92808347932,33.668518829,202.801402161
palau,1,134.750174527,6.94991695863,-6642.11158774,8.98261548225,7.320705493955986,9.12310542357122,-0.1096096238673046,9.818045224061212,4990.9453434409,56.8902778902,134.750174527,6.94991695863,33.678418557,203.703420654
palau,2,134.79375,7.00625,-6631.0,13.98065813789,8.606364858872691,6.476050978788999,0.1412448710480566,18.052957824523812,138.54178113249964,34.9515340521,134.79375,7.00625,,203.846986188
palau,3,134.855949871,7.09976209705,-6534.41328338,16.98117709856,8.042778548412167,4.407306871218235,0.2920037537623462,21.69107706258368,620.4543712649997,36.9589283254,134.855949871,7.09976209705,,201.857140991
palau,4,134.910416667,7.19791666667,-6754.00000089,18.98731856951,9.67297018789411,5.678137875106073,0.2602308769108682,28.040977087941364,204.10499913499916,26.9819368692,134.910416667,7.19791666667,,198.727113713
palau,5,134.94375,7.29375,-6831.0,22.994856323999997,6.654757950663495,6.104576334675025,0.04311993115664909,34.6524963037475,252.2493726824996,28.9934774284,134.94375,7.29375,,195.571113794
palau,6,134.964583333,7.39791666667,-7175.99999777,18.99812717686,8.234784589952163,11.254435199394464,-0.1549395328330655,32.021584402219844,351.95714768749986,16.9983122638,134.964583333,7.39791666667,,193.39160142
palau,7,134.985416667,7.49791666667,-7454.00000404,15.999131506360001,6.863321823167988,8.796943601759077,-0.1234731165867257,21.727789822067997,850.1775639150001,22.9987335952,134.985416667,7.49791666667,,191.203978581
palau,9,134.987500529,7.64791667166,-7968.89069919,111.0086170218,8.623125748897335,2.3955203716655755,0.5651878923318765,246.06631099140589,1387.4294818499998,122.00949489549001,134.987500529,7.64791667166,,186.281074922
palau,10,134.985416667,7.75625,-8050.00000016,64.00510118,9.711407827549408,5.862744252791383,0.24711865884603648,201.11314729961205,-799.4396841049997,79.0063140137,134.985416667,7.75625,,184.047422322
palau,12,134.985416667,7.75625,-8050.00000016,46.998017508100006,8.263471528081963,7.283203661288783,0.06305321587109433,135.47869541466886,124.46436914249989,48.9980040838,134.985416667,7.75625,,184.047422322
palau,13,134.972918847,7.82893111155,-8029.08992323,51.99789724199999,9.963202804660805,5.313161454659456,0.3043945058566087,142.42692771734002,593.2363937200003,54.9978440705,134.972918847,7.82893111155,,182.710827284
palau,14,134.960416667,7.90161185508,-7714.66600382,64.99759869889999,11.542064788800664,4.821503643692285,0.41070266383727394,179.02422091105308,-1474.10557935,80.99714705407999,134.960416667,7.90161185508,,181.226640468
palau,15,134.951909325,7.95184759421,-6156.82843149,51.998234991800004,9.07685312378074,4.437114871890451,0.3433290839061107,135.3119663299154,-1656.0191613550005,59.99804351055,134.951909325,7.95184759421,,180.348922055
peru-chile,144,286.103,-35.5777,-5081.60526638,20.024561728480002,0.36428713693491516,0.15612541760530205,0.399993654099147,18.27044332270035,33.985386844999994,68.0826650791,-73.897,-35.5777,,416.742107739
peru-chile,145,286.13599999999997,-35.4926055502,-5135.26366361,13.016114769589999,0.25892732921749556,3.104116573573807,-0.8460160873888161,11.171845070399145,-325.09946154499994,54.0662331886,-73.864,-35.4926055502,34.5091490418,411.916020036
peru-chile,146,286.169,-35.4075019828,-5164.93428709,21.02584428908,0.6129958500277318,0.8173069734958636,-0.14284466205890928,20.315089022051193,-828.0061840099997,23.028185873,-73.831,-35.4075019828,,407.315711582
peru-chile,147,286.202,-35.3223893492,-5150.4683162,23.02228286097,0.7083895730910494,0.37782395912632816,0.3043283886271517,21.76228175023668,-497.97201124500043,44.0421748396,-73.798,-35.3223893492,35.0211535743,402.49216988
peru-chile,148,286.262,-35.2429713052,-5151.70537737,22.021921778510002,2.014232169150582,0.31816634241617986,0.7271766888562664,20.88725921789231,3.166816984999514,90.0878873684,-73.738,-35.2429713052,35.0396357096,401.636871524
peru-chile,149,286.291,-35.1578334934,-5116.79115088,10.01429347829,0.7943129188802835,0.1985903303352226,0.5999805006336136,8.113027395750574,-949.7166855699998,20.0285623911,-73.709,-35.1578334934,35.0824566793,394.007284767
peru-chile,152,286.289,-34.8772286609,-5207.14800103,20.02921447971,0.8130446559258685,0.9936884724777842,-0.09998367424165427,18.88491845240404,-92.82136782999987,69.1007421421,-73.711,-34.8772286609,35.4263041043,348.42436809
peru-chile,153,286.294,-34.7693337325,-5258.79217499,21.02945468559,0.8587707533481789,1.7171589123857476,-0.33323431553904603,20.21019025270676,-140.13155254000003,44.0615203167,-73.706,-34.7693337325,35.5453480072,324.16588327
peru-chile,158,286.647,-34.4398408278,-5313.26152322,18.02245718318,3.550408317448533,0.4443623162328851,0.7775279949810892,17.421162020050804,148.4666037399993,69.0854758539,-73.353,-34.4398408278,36.2524768567,324.660462381
peru-chile,159,286.647,-34.3399765944,-5328.55280449,26.036962311659998,4.000295538286104,0.7284714297016793,0.6918979367631375,28.1625704379843,-540.8845820900005,31.0440679529,-73.353,-34.3399765944,36.3629660197,299.86332711
peru-chile,160,286.649,-34.2318919515,-5332.70114741,22.0288051518,0.7308491684867124,0.8770004030759083,-0.09089857482572569,22.238310621575373,50.95046437000019,45.05866208527,-73.351,-34.2318919515,36.4704903289,274.919769307
peru-chile,161,286.688,-34.1595658301,-5347.06568946,19.02433311688,0.9964857280523444,1.3700483364876987,-0.15785219998849226,19.500201882956137,359.1867172000002,59.075067523,-73.312,-34.1595658301,36.5835688243,266.284350646
peru-chile,162,286.692,-34.0619304568,-5367.63835804,27.03621835103,0.4784522145773003,5.959224879908413,-0.851358740876542,28.80185598011014,-19.854067175000637,21.0280840118,-73.308,-34.0619304568,36.6868965066,250.314040658
peru-chile,167,286.8942182874,-33.8123073902,-5419.52068272,51.0354674064,0.9613272840904692,0.2344871063132227,0.6078202299705344,54.549260933403815,-81.95417396000084,55.0386526703,-73.1057817126,-33.8123073902,37.1328627346,242.947065296
peru-chile,168,286.8525,-33.7473197393,-5446.92302578,39.04575339642,0.49644613954368677,2.268324347520111,-0.6408771419786709,44.530859061473635,59.23640961000001,44.0521212101,-73.1475,-33.7473197393,37.1541109796,228.963737268
peru-chile,171,286.937,-33.5307610078,-5487.76815484,6.0066116550899995,1.7584901195007114,1.7584920947184393,-5.616228935811401e-07,4.158919770027107,476.6545501700002,38.0416020368,-73.063,-33.5307610078,37.4459453301,217.70685614
peru-chile,174,287.022,-33.2739642372,-5501.26116361,5.0055665734399994,2.3213044586552063,3.4795820418699126,-0.1996725126598934,3.1829983381616747,530.0784389699993,36.0398448687,-72.978,-33.2739642372,37.7571194192,206.91361307
peru-chile,176,287.132,-33.0940723984,-5787.07972076,33.0209643556,2.083327518689077,3.2032230730656983,-0.2118386147903849,42.791692893739736,69.83137493000004,45.027878086,-72.868,-33.0940723984,38.0383406721,205.445344503
peru-chile,177,287.182,-33.0042637269,-5808.66203117,16.01529721582,1.5047096279987462,3.3074553913736398,-0.3746225983767307,15.688576400528756,463.7658164049999,43.0406460753,-72.818,-33.0042637269,38.1605124954,206.332062302
peru-chile,178,287.21,-32.9151360284,-5819.74289955,23.0196387503,2.607642517882336,3.388341462090868,-0.13020364077290628,29.453937981817624,-79.72155647999989,34.0287208948,-72.79,-32.9151360284,38.265961544,202.797042353
peru-chile,179,287.271,-32.8247658098,-5839.52647003,17.01725610588,6.681110784283064,2.064208103504849,0.5279284540699051,19.19620787603661,796.8524017199998,70.0702129257,-72.729,-32.8247658098,38.404110274,204.382357286
peru-chile,180,287.271,-32.7558533406,-5739.48385799,12.01569517125,6.619269424296744,2.2151876166521833,0.49851188219389536,12.20975934298453,101.59433450000051,35.0457767077,-72.729,-32.7558533406,38.4667236239,202.647208572
peru-chile,181,287.271,-32.6858989386,-5849.10817386,21.02736211414,5.607149321744542,1.757298291561483,0.5227616832017623,25.03882473356822,843.3817842000008,69.0898973447,-72.729,-32.6858989386,38.5270109757,200.680948444
peru-chile,182,287.271,-32.5957717725,-5964.86275249,25.030775061950003,2.9317334770485775,1.6500882286755483,0.2797239462137634,30.243861352929926,1329.5463636000004,48.0589066826,-72.729,-32.5957717725,38.6033080752,196.631258706
peru-chile,183,287.3,-32.5166103688,-6006.56450332,27.0298720965,5.781227003777954,2.898001615324173,0.332198345611969,41.233076544713654,398.4343264700001,59.06482149652,-72.7,-32.5166103688,38.6974069703,196.321998002
peru-chile,184,287.322,-32.4220995083,-6004.13240078,26.026492165100002,4.196205689884613,3.079776234159113,0.15344038335722385,34.711689610757354,586.0012516099996,66.0664957903,-72.678,-32.4220995083,38.7846165467,195.560053697
peru-chile,185,287.36400000000003,-32.3368331104,-6050.81999076,28.031769006799998,4.009378350588681,2.5967767886279303,0.21383112146050257,37.73665236135672,452.19692601499946,72.0810472363,-72.636,-32.3368331104,38.8874996428,194.186776243
peru-chile,186,287.368,-32.2425925062,-6081.58203357,25.031759797539998,8.27066430167489,2.0812328849488106,0.5979030998031751,34.14955787529131,600.29768668,71.09014518172,-72.632,-32.2425925062,38.9644488025,192.764225479
peru-chile,187,287.368,-32.1522803041,-6140.98860138,32.04048739,3.7702322640067756,2.9340752318611267,0.12471937372517616,43.94139516101144,282.04209613500007,58.0733796569,-72.632,-32.1522803041,39.0295240757,190.987612918
peru-chile,188,287.368,-32.0603503541,-6075.37543379,25.0311968244,3.0408713867284676,4.555972133926525,-0.19943819338632718,33.64684098914603,358.9596834449999,47.05855799806,-72.632,-32.0603503541,39.0963470541,188.764710357
peru-chile,189,287.38,-31.9768657189,-6156.9369015,27.0335218589,4.276168813298386,3.4232252936608605,0.11078060270568253,33.89265364680075,621.0042026799997,56.069412777,-72.62,-31.9768657189,39.1709352728,188.098031042
peru-chile,190,287.38,-31.8885569341,-6088.68415867,24.029671362400002,5.9242162243732235,3.5626495718423463,0.24893012120746305,34.23190104479551,408.7512830849996,59.0730511897,-72.62,-31.8885569341,39.2321720357,187.4435428
peru-chile,191,287.368,-31.7994459018,-6188.5677911,34.0418197639,3.442081134129527,2.7186608623843576,0.11742421158920854,41.41316495775913,233.07077608999953,58.0714489601,-72.632,-31.7994459018,39.2835250567,185.167472728
peru-chile,192,287.368,-31.7111369248,-6128.53057025,22.0270446615,5.931009770934366,3.3973207664545804,0.27161226698866303,29.740100114572076,248.55972874000054,68.0834839161,-72.632,-31.7111369248,39.3453410711,183.22439018
peru-chile,193,287.376,-31.6236303761,-6221.48790434,28.033321750779997,5.948710060251274,2.8256909845775042,0.35592390406115887,39.15128105988326,261.19864013999995,65.077108141,-72.624,-31.6236303761,39.4140890167,181.926752974
peru-chile,194,287.39,-31.5377666101,-6210.34962517,29.033610874300003,4.790107216561046,2.931573456554906,0.24069031583718167,43.52012774414157,216.61648752249994,62.071556936149996,-72.61,-31.5377666101,39.4851353631,180.074628159
peru-chile,195,287.406,-31.4414263219,-6219.47778403,21.02420424714,5.620215438986474,4.221087457664585,0.14216897864184266,26.87268822808594,195.16658974500024,57.06542717963,-72.594,-31.4414263219,39.5722147253,178.095105695
peru-chile,196,287.421,-31.3486920555,-6186.75533308,26.03041596286,5.6452101457269785,2.9956220202616897,0.30663575852038644,34.96953403089582,173.75875210999948,62.0722985922,-72.579,-31.3486920555,39.6459644524,175.846371029
peru-chile,197,287.43,-31.2543364114,-6298.13573912,27.0323171812,5.5807922501757945,3.289623102240279,0.2582933331652231,36.605612701412916,189.904356045,66.0788934636,-72.57,-31.2543364114,39.7130669379,173.195827019
peru-chile,198,287.43,-31.1599800167,-6286.97649014,22.02619163607,6.48791624608503,3.7180823160647862,0.2713927415483389,32.651374062824175,168.8680922299991,52.061844839539994,-72.57,-31.1599800167,39.7792611511,169.613611527
peru-chile,199,287.43899999999996,-31.0640085983,-6313.15745006,24.0284169642,4.373117510302494,4.373120114812848,-2.9778637005870397e-07,34.917463268956446,156.33267841999987,54.0638625257,-72.561,-31.0640085983,39.8461301258,166.776633032
peru-chile,200,287.43899999999996,-30.9680059328,-6311.10408899,23.0269225998,5.576329039430707,4.295019567094038,0.12980085329878344,33.30676800355445,-480.4271671000006,30.0350855741,-72.561,-30.9680059328,39.9077606987,163.566117489
peru-chile,201,287.452,-30.8802677468,-6321.87159828,21.0242232218,4.790147019578491,4.356443495955946,0.04741696076652267,29.659160339439556,-116.83689781499925,38.0437586101,-72.548,-30.8802677468,39.9711700015,161.171020856
peru-chile,202,287.456,-30.7946932946,-6325.64466308,21.0243783355,6.208729477360771,3.1135069962118536,0.3320257418832366,29.204823113721222,208.33755630250016,68.07879387877,-72.544,-30.7946932946,40.0286199303,157.05313023
peru-chile,203,287.46299999999997,-30.7080659031,-6327.11419343,26.0301803334,3.8479397876304526,3.2995512885756497,0.07672461472255356,33.79747920994616,33.192460249999385,45.05219195952,-72.537,-30.7080659031,40.0862996532,154.302131988
peru-chile,204,287.46299999999997,-30.6220530658,-6306.45720245,32.0342562975,3.3946388881000304,3.3946497780153413,-1.6039847245251883e-06,46.97243628750619,-191.96625752,41.0437207606,-72.537,-30.6220530658,40.1480857423,150.53068556
peru-chile,205,287.496,-30.5364759598,-6375.1274218,35.0344551384,4.499740758052334,3.3778585720173067,0.14241422278900154,52.629539589615916,-425.17533345000084,54.0527912772,-72.504,-30.5364759598,40.2353556148,148.458518031
peru-chile,206,287.509,-30.4505473195,-6386.17766799,25.02832291375,6.357761258542287,3.5863041146126906,0.27870463838777937,37.73749137689017,-203.61566475000018,55.0622021558,-72.491,-30.4505473195,40.3173217945,145.289937193
peru-chile,207,287.509,-30.3647032076,-6366.41565915,26.029465501800004,6.621443030835353,2.9534141355138237,0.38308967241963804,37.65071840142862,123.4387217099993,77.08741341586,-72.491,-30.3647032076,40.3944060874,141.910550747
peru-chile,208,287.499,-30.2778237337,-6383.13644062,23.02592500272,4.632638339117252,4.248059223684801,0.04330505714363137,34.58946579943043,-45.41276197999923,48.05417170562,-72.501,-30.2778237337,40.4690912954,136.591693743
peru-chile,209,287.499,-30.1937631529,-6384.64580892,42.0365065716,4.372885833903103,2.432663559291739,0.2850941433988379,62.82469362381211,-167.72172886500084,42.0362919649,-72.501,-30.1937631529,40.5463957651,132.182108233
peru-chile,210,287.557,-30.10453102,-6399.74323949,35.0227606987,5.159343260225722,2.697158082591954,0.3133946104247368,55.15667420847595,-495.62972831499974,41.026381011,-72.443,-30.10453102,,132.678276034
peru-chile,211,287.584,-30.0120641043,-6439.37027722,36.03738803892,7.347170116387376,2.4610628152257967,0.49816387265977746,57.563755913410404,-378.9049024149999,43.0445577762,-72.416,-30.0120641043,,132.482654182
peru-chile,212,287.59000000000003,-29.9185421777,-6360.96774614,35.03871608786,6.281903355368011,2.182206240766251,0.4843624799558572,50.80744914098374,-252.7623088950004,43.0475393486,-72.41,-29.9185421777,40.8981907725,127.617562632
peru-chile,213,287.592,-29.8247572826,-6362.32097344,34.0374009811,4.6644731184579875,2.8914721835573087,0.23464978424708688,53.228662664146405,-323.3032651450003,38.0417747497,-72.408,-29.8247572826,41.0017893316,124.435355194
peru-chile,214,287.598,-29.7312350282,-6336.82320011,43.0447606274,4.004098145541892,2.147552457194476,0.3017963483689386,63.685243087498684,328.3913849950004,60.0622327737,-72.402,-29.7312350282,41.1222772832,122.750758656
peru-chile,215,287.62,-29.6384986136,-6445.20727012,35.0318669577,7.089912148524717,2.8481944800389987,0.42681345924527914,53.984628520532546,-156.13701991499966,51.0461775755,-72.38,-29.6384986136,41.2381226636,121.517225062
peru-chile,216,287.646,-29.5552140506,-6466.07540989,39.0389308727,6.525039829101605,2.572827317200093,0.434410884259625,58.872786911903844,-183.40384345000075,57.0566764651,-72.354,-29.5552140506,41.3125406008,120.673737796
peru-chile,217,287.651,-29.4724315615,-6453.65270788,32.030644574200004,6.774394313193162,3.0907098334869105,0.37340553378201596,50.48227201491446,-204.3710873050004,64.0609054805,-72.349,-29.4724315615,41.4929173102,120.053748436
peru-chile,218,287.68399999999997,-29.3840009048,-6460.37959553,34.03186931621,7.073159224598284,2.5576621846709924,0.4688589735016068,51.78818514511456,-256.2803961850004,49.0457336228,-72.316,-29.3840009048,41.8458897391,120.147659836
peru-chile,219,287.693,-29.2933630687,-6469.35184407,35.0366442497,6.195412650776479,2.848339058851414,0.37009790841137336,56.4452365332646,172.09230478249992,74.07725413674001,-72.307,-29.2933630687,43.2106903897,118.482867132
peru-chile,220,287.701,-29.1990565432,-6458.10301359,34.0342269857,5.532556168693445,3.0243681203053714,0.2931179432793063,53.44679733153441,114.74711354249939,59.0591704116,-72.299,-29.1990565432,44.307893838,118.104041084
peru-chile,221,287.72,-29.1098835503,-6462.29724315,32.0285021525,5.967040824942775,3.133826563237407,0.31131255306335154,50.30326676486749,-369.21841331500036,37.0328240024,-72.28,-29.1098835503,44.6893302777,116.711892016
peru-chile,222,287.747,-29.0207051843,-6476.14963062,30.0280712345,5.978217407754286,3.4694527536768947,0.26554320919448265,49.38606264949745,388.03157001000045,70.0650215808,-72.253,-29.0207051843,44.7798479371,116.152310783
peru-chile,223,287.755,-28.9455599204,-6458.98334282,28.0253012669,5.857870156024775,3.798088624682149,0.2133171421007067,47.366747439277276,323.6589670750009,68.0609314726,-72.245,-28.9455599204,44.8485226367,115.856844145
peru-chile,224,287.782,-28.8732808237,-6472.1304679,27.025085196750002,8.99017557881028,3.169413739089595,0.4786972394825921,46.182830503200634,5.286221694999767,61.056358082459994,-72.218,-28.8732808237,44.8904451231,115.940409508
peru-chile,225,287.79200000000003,-28.76854182,-6467.26358639,33.03101273989999,5.826867347368696,3.3373962672054147,0.2716498766146606,55.41485950352528,184.2223056849998,82.07646852347,-72.208,-28.76854182,44.9673949874,113.899309877
peru-chile,226,287.819,-28.6793994853,-6467.81887438,31.028013811899996,6.646608552158695,3.6671188627738864,0.2888858285192798,54.254820232594184,2.387212554999678,94.084037271,-72.181,-28.6793994853,45.0312808858,114.034442862
peru-chile,227,287.83299999999997,-28.5824567421,-6650.09597471,30.029994602800002,7.361178560860279,4.277381265143012,0.2649638221412357,47.95503171636177,-36.088821939999434,66.0658032359,-72.167,-28.5824567421,45.1179489776,113.94725109
peru-chile,228,287.837,-28.4823963094,-6461.8881805,29.0239328837,5.482468404223717,3.8759246526067614,0.1716687621326586,42.317052914962844,-126.2261992950007,48.0393271435,-72.163,-28.4823963094,45.1847605754,109.680853976
peru-chile,229,287.884,-28.3963527352,-6468.71112091,22.007241266,8.534824601585253,4.006123159028375,0.361113173342434,31.92819844404639,100.07498230999954,64.0201325701,-72.116,-28.3963527352,45.2665413053,111.918958132
peru-chile,230,287.933,-28.3114185758,-6458.82728645,22.01765872705,7.733362605265662,4.43721787657021,0.2708288839316106,34.62506002133484,144.45016944000054,67.05319875131,-72.067,-28.3114185758,45.3432808762,114.962597005
peru-chile,231,287.93600000000004,-28.211704555,-6458.71292109,27.02643524053,7.8294834717547115,3.313603227398218,0.40526295507507626,41.511178021632404,152.51845202000004,69.0673810857,-72.064,-28.211704555,45.4158343178,114.931932416
peru-chile,232,287.949,-28.1184928784,-6485.19380468,24.02095339812,6.735500150158382,4.053255299124506,0.24861485308874628,33.7946751491151,91.57359827000073,47.0408250615,-72.051,-28.1184928784,45.4712937839,116.72687005
peru-chile,233,287.975,-28.0283075211,-6455.14068894,28.0227948517,4.243051164649976,4.892886736249681,-0.07112959595924057,40.50508070483271,89.49253320500065,50.0403669836,-72.025,-28.0283075211,45.5446512776,118.599022779
peru-chile,234,287.996,-27.9366042546,-6467.0011735,26.02051844,3.8254994405894416,6.106703271206971,-0.22967753446153075,37.60960743781222,291.4331886249993,56.0437185945,-72.004,-27.9366042546,45.616487825,119.718707405
peru-chile,235,288.023,-27.8524582804,-6469.4706603,29.0238689719,4.582387989824208,4.278084786589546,0.034343901382407685,41.832143998271526,174.81401092249962,54.044098034739996,-71.977,-27.8524582804,45.6805405955,121.686355261
peru-chile,236,288.041,-27.7498997925,-6466.40148233,30.0285169762,4.24271021605503,4.242715396695607,-6.105339688782583e-07,43.62359304790832,307.75744067000005,52.049316845789996,-71.959,-27.7498997925,45.7486361836,124.523429098
peru-chile,237,288.0345,-27.7087762143,-6463.10080565,38.0145292326,4.061033509010146,4.061069726441411,-4.459119788900606e-06,62.539416460554335,2941.7266894900004,57.021027479,-71.9655,-27.7087762143,45.7648839831,123.626448588
peru-chile,238,288.10004549539997,-27.6327732723,-6425.79856894,40.9863384381,3.7305125821801948,5.259315117457302,-0.17005915867984364,68.69168799094719,523.7213103700001,25.991036719340002,-71.8999545046,-27.6327732723,45.8611084364,126.994434113
peru-chile,239,288.1655,-27.5567395625,-6482.75642117,29.009688491809996,6.594524067379377,4.041190588656778,0.24007164175596696,48.63018373512037,-89.45412932999989,30.009856052750003,-71.8345,-27.5567395625,45.940102653,130.858605869
peru-chile,240,288.161,-27.5157724916,-6825.83083764,42.040016215499996,4.176019247219504,3.797546320876754,0.04746595774631756,63.619798445088044,345.48416107,35.03335318766,-71.839,-27.5157724916,45.9606763578,130.680937687
peru-chile,241,288.164,-27.4244594723,-7037.20437829,43.0406983052,4.976386192420575,4.3299463221376175,0.06946236546692386,73.65935433936585,-82.30137559749983,34.03217062208,-71.836,-27.4244594723,46.0133484215,130.858936646
peru-chile,242,288.164,-27.3374091419,-6712.64269702,42.0372704249,5.236472110642202,3.5661469447403835,0.1897532036082438,75.57414491900502,344.4824005800001,71.062683829,-71.836,-27.3374091419,46.063665601,130.845058873
peru-chile,243,288.188,-27.2529959966,-6660.37650168,51.0082450783,4.741620571372624,3.3230467335576597,0.17589985850349069,96.504768381224,15.43225338000002,63.0092765329,-71.812,-27.2529959966,46.1254476862,131.535286583
peru-chile,244,288.26,-27.1759413785,-6870.4384541,49.016023196999996,6.646700562054021,3.5425050947246803,0.3046552961922182,98.65120257437086,-296.21781743999964,64.02019103363999,-71.74,-27.1759413785,46.2124109274,135.638327281
peru-chile,245,288.272,-27.0877093592,-7363.15550841,44.0359727191,6.043701373578075,5.521586852022972,0.0451449640830692,91.76965253718184,229.21690307500057,64.05192670317001,-71.728,-27.0877093592,46.2701696107,135.283429712
peru-chile,246,288.294,-27.0051269958,-7458.9798709,45.036061066200006,6.978043265425738,5.111125265164232,0.15442898289799895,100.64877235082842,-136.82543369999985,62.0493275437,-71.706,-27.0051269958,46.3329620928,136.552399233
peru-chile,247,288.307,-26.920031878,-7410.64281582,50.0411464751,5.752035668820984,4.90441896399103,0.0795402161446903,109.70642050549799,20.590665945000183,76.062038588,-71.693,-26.920031878,46.3933101852,137.898593049
peru-chile,248,288.325,-26.8355615629,-7462.30820791,52.044142463200004,5.348283274799568,4.9541829614463895,0.03825300702919675,103.55385493987744,20.597629615000187,81.0682803823,-71.675,-26.8355615629,46.4494655142,136.57813003
peru-chile,249,288.332,-26.7510889202,-7497.94545889,52.0452740919,5.435935714139505,5.0354403905123934,0.03824667547269088,113.89032713178175,40.285235164999904,81.070163877,-71.668,-26.7510889202,46.4977094397,137.912943602
peru-chile,250,288.344,-26.6627246822,-7406.58757257,52.037864728,4.665202679791188,6.349653927073322,-0.15292539044333783,116.5593232891972,-64.52133679000008,99.07077088181,-71.656,-26.6627246822,46.5543595237,138.465533908
peru-chile,251,288.376,-26.5759677716,-7395.66683439,57.0426407505,4.792794805413045,5.322455100885985,-0.0523625516303958,126.49730211671248,-286.49583793000056,70.0517826452,-71.624,-26.5759677716,46.6261186555,137.965534579
peru-chile,252,288.385,-26.4850749935,-7508.51963894,55.0453636443,5.600385764075903,5.024190727169515,0.05423228280027627,117.71236443697556,-196.9480095300005,73.0598256478,-71.615,-26.4850749935,46.675987205,139.167313167
peru-chile,253,288.403,-26.3953970779,-7545.17428328,47.0395276948,5.568525688333985,7.4981891478175635,-0.14767778157558,107.32381591779207,-240.99430649499936,77.0643618483,-71.597,-26.3953970779,46.7345452756,138.748962164
peru-chile,254,288.407,-26.3038953434,-7571.61050111,50.0435626836,6.166804704893915,5.695688755235434,0.03971474894733842,111.09328737196812,-222.1601325850006,63.0548020797,-71.593,-26.3038953434,46.7836430388,137.769370474
peru-chile,255,288.411,-26.2123934949,-7355.75901011,61.0528035717,4.46315833630704,4.61130504848763,-0.01632567193216372,122.10653085441422,-288.25096738,62.0535815149,-71.589,-26.2123934949,46.8325131706,138.438366723
peru-chile,256,288.415,-26.1208915344,-7150.97385787,33.0193838186,4.741373793860819,5.683980836049658,-0.0904148660309825,59.133939865471,736.5808191349997,69.039760847,-71.585,-26.1208915344,46.8823151722,136.741979564
peru-chile,257,288.468,-26.0354514626,-7094.62951549,35.020421109699996,5.800536331170898,5.480332493567288,0.028384678749337495,69.52484065751621,659.1701836000002,60.0344634883,-71.532,-26.0354514626,46.9698023367,138.326613361
peru-chile,258,288.471,-25.9463677216,-6939.845997,56.0478224517,4.524768553196799,3.9234961904260173,0.07117110803430413,112.16955194301548,43.5137716700001,63.05376771994,-71.529,-25.9463677216,47.0160152303,138.506988966
peru-chile,259,288.471,-25.8513717838,-7299.42902901,43.0355238904,5.617739288039299,5.363901977144979,0.023114697044336604,81.05719233795801,540.7892256450004,58.0480582316,-71.529,-25.8513717838,47.0618547111,137.652795087
peru-chile,260,288.454,-25.7541954939,-7845.5726397,49.0399038628,6.567153661879097,7.414730922995782,-0.060619672260316386,109.93126091597603,98.69675657500011,52.0424846655,-71.546,-25.7541954939,47.092911022,134.790224418
peru-chile,261,288.452,-25.6591508273,-7719.35048507,34.0284527895,6.599082705202623,8.336661013443301,-0.11633691237427093,65.93283399531133,816.6353158850002,70.0586016452,-71.548,-25.6591508273,47.1383545113,133.534234532
peru-chile,262,288.452,-25.563546071,-7572.35249532,54.0443374363,6.249165277184244,4.644756171180331,0.1472756264682605,105.5524360536854,1060.556068195,70.0573457915,-71.548,-25.563546071,47.1846243543,132.446284964
peru-chile,263,288.46299999999997,-25.4707407034,-7234.71891306,50.035458463699996,5.318223738574155,4.9112369518889585,0.03978575205481057,103.67791122747873,1032.8956075,75.0526503122,-71.537,-25.4707407034,47.2392262189,132.364210097
peru-chile,264,288.48900000000003,-25.3796092538,-7367.77351126,48.0349884752,6.503878565595319,4.271644518632025,0.20715783628459983,94.60843129582419,380.1971797725,81.05854511706,-71.511,-25.3796092538,47.3295911865,131.987940673
peru-chile,265,288.496,-25.2840065016,-7239.64544131,49.0354262167,5.4065480584370125,4.785820512177287,0.06090120681559237,99.82960520237323,-111.32133051750043,57.04094494694,-71.504,-25.2840065016,47.4540221479,131.13631213
peru-chile,266,288.522,-25.1928694237,-7399.01503236,48.0348597246,6.606185008438269,4.339174471104815,0.20712070184359913,90.64615386409558,262.62262323499954,68.0490625078,-71.478,-25.1928694237,47.7137050579,132.143502314
peru-chile,267,288.527,-25.0987321103,-7292.51815997,39.029610290799994,8.501106687140991,4.784721463458545,0.27972552268145523,72.35981569096253,249.20187116000034,66.04989323198,-71.473,-25.0987321103,47.9400047027,129.681323224
peru-chile,268,288.545,-25.0031382456,-7565.98052307,43.0326688369,6.746233637370686,6.442240081166412,0.023049942145844736,85.46028651349773,17.922615090000363,63.04764815736,-71.455,-25.0031382456,48.2272209038,129.635979813
peru-chile,269,288.548,-24.9117496766,-7728.83304853,42.0331310359,8.036970871209112,6.045049451213135,0.1414513950689532,84.9821347723839,102.18539075999979,64.0504234467,-71.452,-24.9117496766,48.4415511479,128.06579022
peru-chile,270,288.551,-24.8195032654,-6971.908557,47.0369331642,5.390179419353859,3.9980462155664185,0.14828501762987953,92.85076595737961,-142.1957806700002,81.0635974257,-71.449,-24.8195032654,48.6475676535,126.126115741
peru-chile,271,288.551,-24.7266862755,-7158.19506798,46.0359330466,6.158641117616559,3.968088489973904,0.21631392488259316,85.44712722048342,-226.9189265750001,45.0351510722,-71.449,-24.7266862755,48.8507411905,123.904882237
peru-chile,272,288.551,-24.633298002,-7511.79511734,60.04648534259999,5.3803099275623625,4.406351178885731,0.09951900225041241,121.55371763727663,-436.39931835250036,67.05187340686999,-71.449,-24.633298002,49.0494383894,122.682091603
peru-chile,273,288.554,-24.5416227976,-7508.40987158,47.034679562600004,5.397430096896148,6.672062652035402,-0.10560779824422122,104.63293813446059,-513.1826646500003,59.043343916,-71.446,-24.5416227976,49.2527351268,121.44780772
peru-chile,274,288.57,-24.4499458625,-7486.70211666,59.0437330898,5.601994821544706,3.8478697047618367,0.18562436656099507,118.34589438299031,-148.9776024950006,88.0649387842,-71.43,-24.4499458625,49.512541402,119.11661995
peru-chile,275,288.57,-24.3579829496,-7700.28334376,61.0455124349,6.577620474441907,3.721603713381324,0.2773040676633926,122.74687823944429,40.53354579249935,91.06767901436,-71.43,-24.3579829496,49.7123879754,116.852988323
peru-chile,276,288.582,-24.2643734414,-7738.14572623,61.045033470099995,5.896121147223528,4.3869188230156455,0.14676616336956438,131.33581590984437,-393.84747291999975,55.04051721764,-71.418,-24.2643734414,49.9421336381,116.281308533
peru-chile,277,288.58299999999997,-24.1734978975,-7615.95635453,61.044965559,6.136922634101065,3.989546371682253,0.2120557779016977,135.2113353976527,-277.4441801449998,55.0404752098,-71.417,-24.1734978975,50.0979207156,112.250481882
peru-chile,278,288.593,-24.081009446,-7685.05593078,68.04165611490001,6.230407582820045,3.6318274833599458,0.2634879499446595,150.97946338557242,-523.7514673200003,67.0407223202,-71.407,-24.081009446,50.2643240761,110.598965204
peru-chile,279,288.621,-23.9902059156,-7507.21803006,72.0475768811,5.886411664815149,3.139005301510707,0.3044076936894008,156.1348589299588,-293.95805772500034,68.0446995688,-71.379,-23.9902059156,50.5505097861,109.419607526
peru-chile,280,288.622,-23.8968732645,-7727.01546805,70.0506160667,5.920232932657676,3.5064450671288423,0.25605922527357966,151.43407073232922,-233.31398682000054,67.0483605375,-71.378,-23.8968732645,50.7818830073,106.006945906
peru-chile,281,288.631,-23.8043824804,-7745.46967452,71.0494772229,6.608879984071173,3.603052053802835,0.29434468611035847,163.02547043318273,-347.18999955000027,69.0479288616,-71.369,-23.8043824804,51.0325694657,102.215810665
peru-chile,282,288.64,-23.7118911255,-7695.04616691,72.0495513719,5.9508747370002935,3.5787705176697937,0.24891841783596605,161.66615703876263,-278.2427873200004,70.0479962715,-71.36,-23.7118911255,51.2592401425,101.036206581
peru-chile,283,288.65,-23.6193992032,-7835.48770988,71.05020259509999,6.259974357636703,3.850904046804942,0.23826518473147412,163.6562944898207,118.36927925999953,77.0543238645,-71.35,-23.6193992032,51.4735428826,100.114836203
peru-chile,284,288.65,-23.5263083017,-7766.88194728,70.049670346,6.234541201918137,3.693534258686505,0.25594154207575687,162.15546481942476,-94.9334313649997,83.05883347660999,-71.35,-23.5263083017,51.6835070906,99.9563753613
peru-chile,285,288.654,-23.4389135747,-7938.3799233,82.0577644313,5.33190310714786,3.975678347271574,0.14571183357544748,194.41110610113043,-503.3577948074999,77.05418368577999,-71.346,-23.4389135747,51.8787885047,101.630799081
peru-chile,286,288.654,-23.3544437894,-7968.79893506,74.0489375958,5.354100647334532,4.554678103384155,0.08067821111581433,175.16138893419276,-383.36384499500036,84.0552014596,-71.346,-23.3544437894,52.0590121827,101.884394321
peru-chile,287,288.673,-23.2701983986,-7940.45966233,78.0512188433,5.486888318914267,4.245109344987738,0.12759754130773626,189.4397055431606,-567.4955649300005,74.0483422011,-71.327,-23.2701983986,52.2916593255,104.909267915
peru-chile,288,288.673,-23.1850493355,-7945.28897093,69.0413794458,5.477483021786571,4.740943737952995,0.0720795188096399,167.7632080416765,-594.8166935749996,61.0363099136,-71.327,-23.1850493355,52.4705219511,106.939555782
peru-chile,289,288.702,-23.1012514654,-7890.76542775,66.03699054730001,6.149421765787044,4.006026847945673,0.21105861487428165,146.39644153527414,-211.72831403500004,62.0344728137,-71.298,-23.1012514654,52.7317749049,110.696836126
peru-chile,290,288.707,-23.0163271611,-7904.26507022,77.0523167982,5.774579375072402,3.8987700603505084,0.19391518183483097,177.8808205331068,-531.4418676650002,61.0414059792,-71.293,-23.0163271611,52.9132906336,112.599366957
peru-chile,291,288.707,-22.9316271368,-7590.97611514,72.0481275411,5.833467056944625,3.304952705987971,0.2766905456907171,159.56775795969554,443.66576105500053,130.08652869889,-71.293,-22.9316271368,53.0767827515,114.048065884
peru-chile,292,288.716,-22.8444530351,-7636.61143166,68.043250191,4.465850255355806,3.3237792266961463,0.14661429420887095,130.2426746853467,1569.6497991350002,101.06378006802,-71.284,-22.8444530351,53.2460272936,116.49483201
peru-chile,293,288.725,-22.7618999094,-7797.61408549,56.0362174601,5.223903288114036,4.8654372556417105,0.03552918358912748,120.86392041881618,36.25482480000028,70.04508984409999,-71.275,-22.7618999094,53.3995040347,118.692930317
peru-chile,294,288.73,-22.67326622,-7894.33667159,64.0418957951,5.010883828353149,4.155199319120231,0.09335334356734333,133.6001576867978,13.253799842499575,64.04180615902001,-71.27,-22.67326622,53.5691335124,119.203501973
peru-chile,295,288.734,-22.586209165,-7928.16143005,51.030552896,5.780614948115738,4.753617193207719,0.09749146792383034,109.30487816747315,363.94367212,72.04283115426,-71.266,-22.586209165,53.7680820523,120.246293331
peru-chile,296,288.754,-22.4970409262,-7958.96081117,52.030884634100005,5.390993960618894,4.993776384293534,0.03825001065333708,113.12491739258525,238.49907112999972,62.03659199107,-71.246,-22.4970409262,54.049780895,122.183028484
peru-chile,297,288.758,-22.4097718164,-8001.19902585,49.0183277179,6.01614819863333,4.519400155816437,0.14206645847576885,99.4104290475371,973.5156859250001,74.0270203709,-71.242,-22.4097718164,54.2708116349,122.298844408
peru-chile,298,288.806,-22.3239652896,-7814.83775393,47.0078296221,6.562863549623031,3.730058233215445,0.2752187742386967,97.0545388824623,602.4071106799993,76.01182870583,-71.194,-22.3239652896,54.6540945226,122.846399022
peru-chile,299,288.81100000000004,-22.2795943212,-7779.89002716,52.0306105443,10.36526125099617,3.855153051508014,0.4578001780399423,128.6667202496034,-142.5164026600005,73.04317889304001,-71.189,-22.2795943212,54.8186682748,123.617169979
peru-chile,300,288.7887358596,-22.1903258307,-7761.1207043,59.02617180199999,3.8970132102637174,6.535655522708065,-0.25292112497592173,136.926255571324,-55.24734076000004,55.024820330500006,-71.2112641404,-22.1903258307,55.0015072417,122.732860717
peru-chile,301,288.7665,-22.1010543185,-7666.07387242,66.0289777733,4.489940246592944,4.226782558774889,0.03018998007553948,147.57411210650523,197.50384030250052,65.02898679091001,-71.2335,-22.1010543185,55.1213903558,119.986806536
philippine,0,124.943867151,14.5317377037,-7014.33786236,70.8117505025,5.209750706416037,2.1930293246529664,0.40751195754866154,146.76036372182318,-46.4761807649993,146.615304341,124.943867151,14.5317377037,70.042476563,481.172054996
philippine,1,125.036186853,14.4734940833,-7173.49109041,60.9273325816,5.740506908187811,1.2669321792168122,0.6384036554826331,86.10635991229921,-437.63341994999973,62.9252565983,125.036186853,14.4734940833,69.5118583897,504.074600846
philippine,2,125.056168978,14.3845408075,-7236.64595849,10.998669781179998,6.8996323410720075,8.26205773932809,-0.08985973140404216,13.081498449227594,392.3837944024999,38.9954455956,125.056168978,14.3845408075,69.900164852,579.21140065
philippine,3,125.093136561,14.3028037879,-7177.0274033,15.99593205156,7.888196461406336,3.603604827494932,0.3728389941835702,19.430151487507946,-355.14203954250024,33.9914689581,125.093136561,14.3028037879,70.0616611796,632.254359777
philippine,4,125.121579,14.217453571,-6959.31426391,11.99918904105,4.849701106576794,6.774093906995669,-0.16555632632645947,14.42529917047261,-1435.5950539799996,13.999075061780001,125.121579,14.217453571,70.2378812206,687.315873971
philippine,5,125.145726989,14.1303538204,-7143.72144282,24.990248834790002,6.170569243899459,1.9554036510194854,0.5187274985270571,30.091446626940343,-506.33080100000006,54.9788514941,125.145726989,14.1303538204,70.4054524201,741.457305805
philippine,6,125.193226366,14.0562228084,-7331.46391016,18.99788270419,4.137927161010276,11.451404873069311,-0.4691334879564538,25.79236685940898,-612.3733456100008,56.994018840198,125.193226366,14.0562228084,70.4313680832,758.492762435
philippine,7,125.201695666,13.9567129144,-6837.0156505,8.99585510855,9.245798741444895,4.653185827042871,0.3304279454208869,9.047709840183348,-497.77684348,28.986746676164,125.201695666,13.9567129144,70.6889066543,823.472703632
philippine,8,125.270630891,13.8909465569,-7242.32089839,20.97768306548,4.525303426180325,4.115380193741703,0.04744106490526976,27.304873840114738,5.351380267499735,20.9777599112,125.270630891,13.8909465569,70.5957304179,784.004627792
philippine,9,125.305061623,13.8083012009,-7221.32578994,13.00035596389,6.416790887149568,10.200831645810554,-0.22771252332609876,18.073128712644404,-488.23689402999935,38.0011578337,125.305061623,13.8083012009,70.679718711,780.807833889
philippine,10,125.313720657,13.7155382414,-7054.64370584,7.00151883041,2.867133671739589,3.820366429581568,-0.14253947564855537,5.800434472982427,97.6470355575002,18.00391547437,125.313720657,13.7155382414,70.8354956284,807.459234197
philippine,11,125.322372825,13.6227749848,-7439.12793459,22.99375443571,12.541671796392777,3.536021196921459,0.560133260612467,35.09902668667083,-452.8677653425002,28.9921774936,125.322372825,13.6227749848,70.9566304897,827.009131284
philippine,12,125.378187556,13.5485463046,-8255.50732169,19.984824004780002,11.106770791901932,11.106737086449185,1.5173403917850263e-06,39.9454057768075,-648.6864811300002,18.9856389963,125.378187556,13.5485463046,70.974478755,728.463515337
philippine,13,125.412530549,13.4658861293,-8258.86838345,32.9833582414,9.162153414445969,5.265704666686997,0.270064255265602,54.913394967749205,136.57241233249897,50.974567635,125.412530549,13.4658861293,71.004490335,675.404312493
philippine,14,125.455421888,13.3865879763,-8349.98326087,39.9730234204,8.713985825954543,4.220598607596468,0.34739324185032805,66.1432513417339,-144.29772550249982,42.9711838287,125.455421888,13.3865879763,71.0319876939,609.308479109
philippine,15,125.498299183,13.3072478959,-8095.26786168,32.9632828536,9.28674653943531,4.674044154078739,0.3304040929071127,59.72714257688563,-59.59084855999936,41.9535008384,125.498299183,13.3072478959,71.0352590541,545.867670046
philippine,16,125.560552142,13.2372514387,-8253.70045174,31.984110477599998,6.902730839643086,6.902702455315772,2.0560258201972735e-06,59.059829514731334,-112.5196183400003,31.984243479,125.560552142,13.2372514387,71.0352720461,423.825668445
philippine,17,125.568546734,13.1576136514,-8407.67392771,41.0032787901,7.730286320845235,4.965144474867318,0.2178060666449971,73.39190856228295,373.89937072500015,34.00276895478,125.568546734,13.1576136514,71.0641664702,390.680951753
philippine,18,125.596885335,13.0538134805,-8370.63656009,26.9997821208,11.011933509573147,7.620057624935284,0.18204580820971666,57.98030738346693,-91.21274274000007,48.99976135731,125.596885335,13.0538134805,71.1004289982,349.930318957
philippine,19,125.61346706,12.9773952824,-8429.17677766,28.003381731299996,11.960666935707335,7.80501949855485,0.21024554097696366,65.06691911151859,-797.2493665800002,30.00365787718,125.61346706,12.9773952824,71.121343809,419.013455885
philippine,20,125.623902359,12.8880907664,-8457.59291461,37.9951307348,9.744747813611928,5.103146139872355,0.3126101040511776,75.7004970044831,227.1625764749997,46.9941217913,125.623902359,12.8880907664,,584.535325333
philippine,21,125.666000579,12.8069116479,-8230.32110624,30.97146979532,10.553236640405531,3.707570459604353,0.48003357262973095,48.49944767112675,148.2249506950002,40.9624345443,125.666000579,12.8069116479,,688.21999997
philippine,22,125.720855765,12.7322196119,-8343.85780906,23.97757761084,11.495940553661745,8.265527988084607,0.16347026835342984,44.10609580656287,268.9825720525005,35.9665475135,125.720855765,12.7322196119,,731.086493775
philippine,23,125.762894457,12.6519411738,-7966.14724953,21.98350033874,17.077777185411357,6.571817132799225,0.44423426090325646,40.11315597601967,512.07899963,28.9783292352,125.762894457,12.6519411738,,762.478618342
philippine,24,125.808509354,12.5744587325,-8365.44697555,27.968369209,14.50689782520428,5.908955759154559,0.421140464713993,56.507823495367624,370.7136218199994,29.9662004256,125.808509354,12.5744587325,,764.364878183
philippine,25,125.864903587,12.5053742483,-8579.44650845,43.950243971199995,10.778794629522583,4.564515331211445,0.40501556145411044,92.73667226866999,-544.9332956925,42.9515543234,125.864903587,12.5053742483,,739.477552256
philippine,26,125.910461602,12.4278744869,-8561.24615702,38.9704803354,10.32992943893875,5.828048205452703,0.278616627189646,77.85813519417687,-252.29400732500017,61.9535167703,125.910461602,12.4278744869,,723.333306744
philippine,27,125.95239104,12.3475664087,-8566.65037841,28.977948300900003,10.674921931779304,7.579106451573752,0.16959628938830903,56.084789527998446,-54.57161478499984,56.9570716534,125.95239104,12.3475664087,,706.805894204
philippine,28,125.997895136,12.2700519442,-8329.60042998,30.959747450800002,8.426974340647007,6.955924950134984,0.09562887741152484,55.55342216892301,-346.3569846850005,44.9418963503,125.997895136,12.2700519442,,686.705390686
philippine,29,126.044149133,12.2258947322,-8046.41185111,34.9413884623,6.6120773004836355,6.247687221886436,0.02833567270717346,65.77336999096028,-268.7103848275001,58.9018595569,126.044149133,12.2258947322,,662.722062419
philippine,30,126.092685835,12.1654252236,-7843.83096934,33.9935265302,4.370984209918552,6.23169697930121,-0.1754945504986542,61.01590707931503,-130.16178303250035,34.99346125913,126.092685835,12.1654252236,,640.671203664
philippine,31,126.093815668,12.0726110957,-8111.03638409,38.9970281277,8.149437148906694,4.0954202295092,0.33107914564554597,71.50403685285863,-623.5941614349995,40.9969588447,126.093815668,12.0726110957,,650.224577616
philippine,32,126.140342173,11.9868569134,-8139.29302332,32.958934818779994,10.499088369200043,3.9754123443180895,0.45070128179200786,58.9885534626301,-132.12824931499927,44.944226100714005,126.140342173,11.9868569134,,633.50674104
philippine,33,126.215157665,11.9060273448,-7909.38462324,37.9809895043,5.520024846103508,4.020401862240065,0.1571861542159272,66.56484460207189,-229.1395903499997,30.984579646,126.215157665,11.9060273448,,604.094914274
philippine,34,126.218609576,11.8125082736,-7967.48981824,33.0042785574,5.921928749846362,3.857177623204046,0.2111390394865146,56.16364112432737,-227.01314404000004,65.00854973831001,126.218609576,11.8125082736,,613.000020165
philippine,35,126.231575733,11.7685654973,-8153.81928326,41.9529700859,7.245984593394168,3.637513074174266,0.33155439817594023,78.97485489172618,-775.0682302749992,36.9587008493,126.231575733,11.7685654973,,612.526994628
philippine,36,126.293104522,11.7025369027,-8161.14338443,39.9295710325,6.732466580844462,3.6370310652000963,0.29851354629750254,73.37798763273011,-317.7669161450003,80.85843981479,126.293104522,11.7025369027,,590.876120412
philippine,37,126.35460394,11.636495191,-8254.26294799,30.995783467180004,7.979120128765338,5.059076566271054,0.22396069263212887,63.40332082990327,-247.43262417000005,91.98807600257,126.35460394,11.636495191,,569.197518916
philippine,38,126.334149371,11.560373084,-8758.352937,35.9964607694,9.673430021345078,5.5031691528919175,0.2747823027132705,73.958694129907,-138.3969327199993,77.99196110026,126.334149371,11.560373084,,588.731572845
philippine,39,126.313705916,11.484249544,-9037.00530147,37.0061158933,8.39788387639857,6.417633210006679,0.13366058402436545,77.15472775031316,-243.77834303500003,57.009379429,126.313705916,11.484249544,,610.170042604
philippine,40,126.327567007,11.4360013019,-9189.67298992,37.001016883999995,9.515065849002164,7.277557603857246,0.1332435191812701,84.05171875743225,-425.4083581300001,56.0016834991,126.327567007,11.4360013019,,610.839673927
philippine,41,126.341526155,11.3401101556,-9188.92003584,45.0021378442,9.101750279950691,5.051189155776519,0.2861992833763614,98.31096991594346,-245.2269601099997,64.0031911071,126.341526155,11.3401101556,,619.403634568
philippine,42,126.353081144,11.2919615503,-9181.88539843,46.981350424300004,8.685275596614385,4.947348102934799,0.2741898827445222,106.76178864503069,-329.16654539750016,56.9776289025,126.353081144,11.2919615503,,622.103405469
philippine,43,126.398254916,11.1977910511,-9207.23453639,59.963509847699996,7.993231347152224,3.723125259396975,0.36445682144638275,128.63008279461332,-450.63083319,61.96257638356,126.398254916,11.1977910511,,613.419212628
philippine,44,126.4433993,11.1036137714,-9388.23399992,50.9687890704,7.269470971521139,5.5273119080606525,0.13614039402358147,115.13910163623981,-301.97069054749954,57.9648397411,126.4433993,11.1036137714,,601.806844426
philippine,47,126.451813521,11.0346670151,-9186.23978137,54.0055667913,7.152686860219332,4.2217927474173855,0.2576728091221133,113.72208804601246,47.19742676499936,89.009382663,126.451813521,11.0346670151,,610.744227356
philippine,48,126.460223794,10.9657200268,-9108.01394937,59.994616041200004,5.236564024949845,4.2883888359801405,0.0995464442516021,121.8899511210595,-107.88009881500057,89.9924031123,126.460223794,10.9657200268,,619.100560003
philippine,49,126.491804967,10.8771063053,-9884.88811988,35.9983886028,10.142410028748088,10.142389844347308,9.950505258314827e-07,98.51363825304894,-111.36771070250052,90.9963947112,126.491804967,10.8771063053,,611.088379129
philippine,50,126.502587522,10.7790670667,-9539.49667258,51.992737638200005,9.113799025256158,4.854395989054255,0.3049358225481636,120.6656461858378,602.8414665800001,60.9916664797,126.502587522,10.7790670667,,625.667937171
philippine,51,126.542447281,10.6942174745,-9582.89811396,59.9496337107,8.647087265273868,4.348271650947846,0.33079622056147595,145.20223802467828,-132.85397902000022,60.9491031285,126.542447281,10.6942174745,,611.344936251
philippine,52,126.593030159,10.6168969399,-9352.03253726,60.9871576817,6.520065514677907,3.9571570468804604,0.24461716382745652,134.6512753298546,-104.36713292999957,56.988176444973,126.593030159,10.6168969399,,588.798715391
philippine,53,126.598901853,10.5113206591,-9735.99564643,55.0038029234,8.111612886510784,5.427857412630189,0.19821716910526913,128.3800032987689,-207.05440745750002,52.00366815458,126.598901853,10.5113206591,,617.430128763
philippine,54,126.620375431,10.4208108645,-9976.40081191,54.9919626832,7.641841385668941,6.379713218961368,0.09001342592145829,127.01557472287348,-207.75556211499952,50.9926995398,126.620375431,10.4208108645,,627.716354178
philippine,55,126.6499846,10.3249365317,-10019.249557,51.9943104404,9.639802905147524,6.059662589861375,0.2280421786604347,126.20653600481059,-151.75343125750078,54.9941238742,126.6499846,10.3249365317,,635.903820654
philippine,56,126.668332582,10.2318602199,-10011.031331,63.9871712459,8.397596794804064,4.734048087153395,0.2789862763258463,147.11704409896336,-313.06075216999943,54.9891158218,126.668332582,10.2318602199,74.7188157946,650.144402092
philippine,57,126.702231181,10.1496612291,-9981.90415793,65.9688931644,7.996912723538037,4.589700327148898,0.27070129054322395,158.3502049122748,-28.431236739999804,79.9627507922,126.702231181,10.1496612291,74.8197415549,652.504409084
philippine,58,126.736112549,10.0674588528,-9844.43117391,66.9834219551,7.540779128005421,4.505325689263739,0.2519863046841573,159.53630587390361,-370.9277874999989,76.9812811772,126.736112549,10.0674588528,,655.002651338
philippine,59,126.755622262,9.98147601968,-9709.53229758,55.004305447600004,7.160052954393781,5.5548260683789135,0.12624790870128316,132.8405547752056,-162.22516255499977,72.0057630013,126.755622262,9.98147601968,75.2891207041,666.486611631
philippine,60,126.756827524,9.88919691872,-9673.67726936,66.9809824065,8.792419361451467,3.765653524196202,0.4002816262517667,148.77151348895774,-223.69008220249998,69.9803532862,126.756827524,9.88919691872,75.5244326638,689.075654193
philippine,61,126.811368264,9.8132822046,-9532.12061687,62.9557521719,7.919699996160923,3.97882914284057,0.3312065556407979,141.2727839236856,-202.86721879749985,68.9518823736,126.811368264,9.8132822046,75.6999126903,669.141315081
philippine,62,126.836428112,9.72855306833,-9703.71741714,58.9715343647,9.862924103337406,4.3648611009902964,0.386431403299141,139.73297297532469,-200.84880381499988,102.951035074,126.836428112,9.72855306833,75.8988444337,667.276731536
philippine,63,126.878991646,9.6488530051,-9702.37322735,55.9846148587,7.807009412225605,5.0697983045083355,0.21256907518780072,133.8183000608657,-335.48275359499985,72.9802590392,126.878991646,9.6488530051,76.082657826,649.566753699
philippine,64,126.89088843,9.56034700689,-9878.14140696,53.001012573,8.834413831688384,5.381140558728481,0.242922166671731,120.37472387620402,-203.87570655000036,72.0015266101,126.89088843,9.56034700689,76.2754293226,649.227430979
philippine,65,126.906781161,9.4743333209,-10078.2089549,54.986062155300004,10.121295118813409,5.382154272614352,0.3056829952190797,129.13468265939318,-272.77372603250024,72.9817752712,126.906781161,9.4743333209,76.4529431772,641.89065817
philippine,66,126.943731414,9.39092244955,-10082.7883641,58.970641436499996,9.627731835349664,4.97175781449497,0.3189134779724469,136.052818669526,-325.38029280750015,66.9669357954,126.943731414,9.39092244955,76.6219509959,616.066429731
philippine,67,126.976706424,9.30494208274,-9928.26801609,51.993369591800004,7.806193717898431,6.205319504865829,0.11425419849953744,120.46467223653686,-265.14841893500034,58.9926430836,126.976706424,9.30494208274,76.8018850383,588.630963245
philippine,68,126.987993229,9.21204166885,-9843.56130821,52.987483815999994,9.186327850100383,5.1639361090935845,0.28030088871150843,117.07261966270538,-172.16637687999992,63.9850841767,126.987993229,9.21204166885,76.9870220676,573.437052962
philippine,69,127.029608031,9.12882363266,-9756.67218086,56.957909227900004,8.707265744548746,4.732383979261084,0.29575783945066053,123.9083749289012,-228.6235593525007,62.9537620752,127.029608031,9.12882363266,77.0937185101,531.259710059
philippine,70,127.071203621,9.04560100682,-9827.39773182,38.9906101519,9.121919698590567,7.836277632902109,0.07581242513913442,94.58774396555518,125.6207081499997,77.9815833233,127.071203621,9.04560100682,77.21516626,485.478413517
philippine,71,127.08245835,8.95269779196,-9364.69329193,46.9977555579,9.039937496093863,4.6943380561443195,0.31640543568687685,97.19846462386208,70.0260211524992,59.9972450446,127.08245835,8.95269779196,77.4015735412,463.420128699
philippine,72,127.106699286,8.86394105013,-8969.27590152,46.9827189093,8.057513629646555,3.796478290359604,0.3594599496980877,84.89129632231104,117.02211373250066,60.9777612947,127.106699286,8.86394105013,77.5193015913,429.325873045
philippine,73,127.144632738,8.77704183834,-8746.75585842,38.9881185214,5.031398857424365,6.499965190015087,-0.12735408634651668,68.95028052861879,44.257198600000265,60.9816772874,127.144632738,8.77704183834,77.6263734236,381.966723611
philippine,74,127.164628402,8.68586265014,-8663.15096162,39.0012510254,4.679135454799996,5.454615463414491,-0.07652447892918313,64.59573251998775,488.42542458000025,39.0012942595,127.164628402,8.68586265014,77.7486010578,362.853210308
philippine,75,127.168128161,8.59468995116,-8347.01160188,34.0029295985,4.999212344406867,4.446107971170276,0.058558561780526944,57.04659853179996,358.9250494174994,41.00355107225,127.168128161,8.59468995116,77.896318156,385.306157278
philippine,76,127.175165194,8.49887064893,-8656.15869248,37.991626103499996,7.2202050442765415,4.226531445418927,0.2615307517171,72.19078094343948,254.48319956999967,47.989523546175,127.175165194,8.49887064893,78.2013514161,421.501191448
philippine,77,127.218180953,8.41814991713,-9033.79152359,36.991739689,8.014311078316046,5.48340722803314,0.18750605049242997,72.51505950792328,49.26273543999923,56.9874315058,127.218180953,8.41814991713,78.4469790033,424.42230169
philippine,78,127.224307818,8.32581476645,-9085.13288647,34.9992911311,11.016143344427684,5.098708265506612,0.3672038205597352,68.1113733083708,83.47392798500005,48.9990648415,127.224307818,8.32581476645,78.7632781891,454.761873659
philippine,79,127.247989656,8.23812313817,-9116.60952405,39.9922332529,9.620254771245929,4.665649871149153,0.3468177216718506,75.00845720058757,-73.82686037000076,46.9909531637,127.247989656,8.23812313817,79.0357106611,463.804056334
philippine,80,127.272995765,8.14388316413,-9275.7481356,39.9922874887,7.77377803440984,5.761841467124941,0.14864015400675004,78.39328583061649,177.04427660750025,41.9919775169,127.272995765,8.14388316413,79.3071312042,468.240135305
philippine,81,127.299510683,8.04411724061,-9238.3251622,39.9999503869,7.045500016792388,6.38031343434189,0.0495453467211925,78.97571191129666,635.56625927,59.000019740625,127.299510683,8.04411724061,79.5547464581,466.222554761
philippine,82,127.301161272,7.95008273786,-8949.36894586,57.0048446128,5.494074557465291,5.689025813810995,-0.017432666244008178,122.92266976382534,209.74515515500025,41.0034875446,127.301161272,7.95008273786,79.8080790071,479.413959531
philippine,83,127.301161272,7.85620475226,-8751.79182498,59.0048986233,5.678386165616609,3.3834966904960275,0.25324642919794293,109.7153574681195,863.4237221349995,64.0053186716,127.301161272,7.85620475226,79.7975845336,494.428819739
philippine,84,127.302811322,7.76232676341,-8719.76113171,67.002670533,5.418589079892874,3.6634858731867324,0.1932491435903654,148.38950536548163,697.7141954750005,68.0027786678,127.302811322,7.76232676341,79.4347229885,509.485573448
philippine,85,127.319716341,7.66876150542,-9043.24752911,45.001439445,6.155475341550487,6.4329690035447165,-0.022043522963371472,95.92513160126578,-321.5274976799992,36.0011772041,127.319716341,7.66876150542,78.9835227508,511.931918291
philippine,86,127.322606823,7.57480537967,-9096.62899566,47.0035807858,6.544262427308355,6.273804908729413,0.021099711172413292,101.34328790873961,-527.4094043799996,39.0029759528,127.322606823,7.57480537967,78.3826726194,537.132803615
philippine,87,127.323006961,7.48100546647,-9191.40537217,50.0037152158,6.929394500618817,5.45468529276335,0.11908104860916072,111.73867708326891,-124.65657474,60.0044682172,127.323006961,7.48100546647,77.794422107,573.328929625
philippine,88,127.325896404,7.38704934732,-9520.7859697,54.003906301,7.484299882154184,5.567081047056394,0.14689777621974248,127.21029681098518,-72.06203367500075,61.0044228394,127.325896404,7.38704934732,77.2122551188,610.667796213
philippine,89,127.326411309,7.29330816186,-9624.06768183,53.003741315300005,8.415459082714284,5.54532337168582,0.20558559095116236,128.54917842182226,169.88630466000086,77.0054506067,127.326411309,7.29330816186,76.6432278955,650.565084447
philippine,90,127.329183132,7.19941634708,-9585.50404917,60.003912024499996,5.855252084446993,5.479869908608877,0.03311673011266068,135.51226179647756,1563.7686692175007,92.00604564048001,127.329183132,7.19941634708,76.0878338507,685.152994784
philippine,91,127.3327032,7.10563314617,-9593.10120926,55.0035647263,6.035275151302391,6.725597605949805,-0.05409680574199704,132.67610715602467,984.8008907249996,86.0056100429,127.3327032,7.10563314617,75.5122695209,713.810657468
philippine,92,127.334463076,7.01176626136,-9645.23048338,55.0032156254,5.827404471385752,7.509820348938234,-0.12614437412712168,134.69097525743902,1184.1815993500004,82.0048464004,127.334463076,7.01176626136,74.9703264742,739.030905252
philippine,93,127.340751295,6.91798299855,-9639.8423474,55.002903620599994,5.2645458645928525,8.485036639171636,-0.23422462272560257,134.8584170506487,1418.1543376,71.0037997944,127.340751295,6.91798299855,74.407682771,752.966455332
philippine,94,127.344267042,6.82419968368,-9618.28144875,74.0042975093,4.568078836553917,5.668974088958349,-0.10754025210330176,172.43195598422523,714.5350340200002,68.0039772227,127.344267042,6.82419968368,73.8865838957,764.409361541
philippine,95,127.347037284,6.73024921284,-9486.89028455,78.00251155480001,3.7411313551663827,5.972597485164321,-0.229722917602255,189.14481339360668,685.2583300600008,66.0021982005,127.347037284,6.73024921284,73.3792986169,770.587534823
philippine,96,127.359602759,6.6366329068,-9416.81989475,68.002715113,3.831552663582448,7.465173837111921,-0.3216525754877865,170.61925124731005,-770.6467650749992,35.0014187892,127.359602759,6.6366329068,72.7359701103,764.211045488
philippine,97,127.359602759,6.54276600388,-9487.60251805,64.0036748112,4.123959515885653,7.323973331568473,-0.27952765432184223,157.3432621069441,-518.1132186149998,32.0018400061,127.359602759,6.54276600388,72.0265229622,763.621814983
philippine,98,127.361357037,6.46615587359,-9461.67119508,60.0030399463,4.755455826673468,6.64303782695343,-0.16559925000961426,146.84962662715688,-412.6121144050003,39.00198684843,127.361357037,6.46615587359,71.5421731525,760.14226372
philippine,99,127.364777689,6.40155222302,-9496.22807431,56.0025524264,5.414740021841592,6.703578789677238,-0.10635458497845143,136.70745479106387,-222.7329582100001,35.0016057692,127.364777689,6.40155222302,71.2260262587,754.349418429
philippine,100,127.368774407,6.31023082432,-9414.16854951,52.9993801292,5.874002832440315,6.573034696876144,-0.056160501066169544,129.67615961114123,-48.160562570000366,44.9995139937,127.368774407,6.31023082432,70.9052054696,743.674350288
philippine,101,127.386172783,6.22843886289,-9238.66242002,55.000380348,5.296441625419836,5.9034694620227475,-0.05419934425046602,129.62190725005595,-188.49597985500077,49.0003779554,127.386172783,6.22843886289,70.7949694099,723.850419879
philippine,102,127.386405674,6.13870569792,-9527.20362696,54.9805825574,6.723736691022858,6.485670696588034,0.018022458347231096,141.51234820603474,-388.30771022999943,50.9821101572,127.386405674,6.13870569792,70.6863717562,716.463795358
philippine,103,127.437404631,6.06802799864,-9192.93816386,53.9216736625,5.18966773475395,6.477119802484111,-0.11035189109434543,124.66227083549805,-222.70833287999994,45.9334840427,127.437404631,6.06802799864,70.7231632519,675.395197528
philippine,104,127.488390279,5.99734560327,-8809.34047361,48.9757147751,4.499369877893833,7.082592828179076,-0.2230384448510399,108.85729910724325,-78.32959628249955,48.975865547,127.488390279,5.99734560327,70.8242389164,636.4453179
philippine,105,127.498654587,5.90555037652,-8713.85505764,44.97345875560001,5.4648941944348595,6.239800540443647,-0.06620474634846006,99.32649806965165,-33.788686609999786,46.9724077606,127.498654587,5.90555037652,70.6804545614,623.124853872
philippine,106,127.561324578,5.82063149279,-8478.71206713,39.9730457442,5.045241823507657,6.158552364946423,-0.09936906397174569,86.95647181184185,975.0463503475003,95.9358662084,127.561324578,5.82063149279,70.6516535712,581.414342574
philippine,107,127.57361322,5.73654099527,-8675.70213479,35.988330562499996,6.136529526723912,7.654253880686462,-0.11005352699158574,78.39340723717973,14.420148852499551,45.9851819831,127.57361322,5.73654099527,70.2838350194,570.864284887
philippine,108,127.605326602,5.67552502624,-8668.55556931,39.964423366,4.602948473676906,8.503753563150507,-0.2976191171900497,82.52538388354415,-104.6246021299994,23.978708730398,127.605326602,5.67552502624,70.1506718809,552.117145944
philippine,109,127.637033272,5.61450733014,-8917.50724042,48.9705646822,5.082404539386969,6.229232041838364,-0.10138475491290626,98.49607928296703,2094.154784325,93.9440235981,127.637033272,5.61450733014,70.0839063803,535.007307276
philippine,110,127.647899741,5.57287155534,-9128.98389078,42.995249278,5.521695705918566,8.410250504608607,-0.2073331862641997,95.02622612354634,508.4951698374998,63.9930469484,127.647899741,5.57287155534,69.925140867,529.000476192
philippine,111,127.647899741,5.55727382684,-9132.81255221,48.0020077277,5.430634422388683,6.410428222070714,-0.08274542826952201,103.93484695307076,560.0628858800001,73.0030531813,127.647899741,5.55727382684,69.8220837483,528.269385785
philippine,113,127.700571458,5.50370036768,-9065.88641796,61.9077869802,3.815194653282286,7.417979406533276,-0.32072722581048874,149.2377004850169,584.1367510500004,86.87134576519,127.700571458,5.50370036768,69.8977762733,503.070252085
philippine,114,127.760093557,5.40342678387,-8974.67299797,53.932310163,4.366923899502923,6.842879873620268,-0.22087415839104493,106.03345342565564,337.81141838499934,61.9226110443,127.760093557,5.40342678387,69.8273160137,480.207555956
philippine,115,127.811521772,5.33175944792,-8633.37628855,44.9279668432,4.167703746723858,6.2378201898305585,-0.1989439893395871,82.57262496638148,1748.7770652075,84.8645812179,127.811521772,5.33175944792,69.8941772124,461.637474789
philippine,116,127.872133222,5.25793871134,-8561.15541738,40.944042062,4.631754674287447,7.21452897408891,-0.2180240129701314,79.61942778439015,440.75416071499967,59.9184118754,127.872133222,5.25793871134,70.0264889202,445.848881889
philippine,117,127.922113763,5.16999418174,-8378.08888849,41.9537296808,4.204188839891497,6.169775620228041,-0.18947305901160708,86.52432536791052,309.8632219175006,57.9363495138,127.922113763,5.16999418174,69.962766895,435.837867328
philippine,118,127.970898683,5.09066657188,-8449.43726354,45.9820330413,4.613707352385296,5.031062834353237,-0.04327272437676126,94.38467075032278,-218.95499113750066,45.9821182125,127.970898683,5.09066657188,69.9526183629,429.474960426
philippine,119,127.982363066,4.98602564144,-8492.47382501,48.9891518427,4.1931107092901705,5.141445058805774,-0.10159394545125136,100.50378338123679,222.11188589999983,81.98205616672,127.982363066,4.98602564144,69.6598688968,432.503250742
philippine,120,128.006744976,4.94635960179,-8492.51963634,44.8936477485,4.491926546940303,6.135882106668643,-0.15468433929416792,92.37874342120158,274.3373861199998,62.851509183990004,128.006744976,4.94635960179,69.7182089826,430.793228613
philippine,121,128.088533247,4.88856791307,-8474.5789273,48.857044231399996,4.381311413903858,4.563088766051058,-0.02032303435557106,100.7848144357545,380.67540865249975,69.79627408721001,128.088533247,4.88856791307,70.0210126568,427.108896319
philippine,122,128.170307407,4.83076631299,-8272.50755671,44.885145332099995,4.326898844412006,4.52275954385562,-0.022132006779298375,86.10016357017,-206.75842234999982,40.895510559062004,128.170307407,4.83076631299,70.42225102,427.062924705
philippine,123,128.201048961,4.79368883482,-8247.8438377,40.9590856651,3.9212997533043836,6.113296389677925,-0.21844393188723524,79.10347558323734,292.8309128924993,53.9463059317,128.201048961,4.79368883482,70.4968869409,429.233844819
philippine,124,128.241724543,4.70131353112,-8121.55797906,33.968911845899996,5.231958925473312,5.2319495848859825,8.926480310993684e-07,58.864701689202725,588.9995966725,35.9671520426,128.241724543,4.70131353112,70.4031460258,438.246461169
philippine,125,128.292886479,4.61777762474,-7960.38285289,31.9534892692,5.7669287270156415,4.491365869660778,0.12434453361947048,48.3130845267896,494.05723209249936,34.9492000949,128.292886479,4.61777762474,70.4415452573,448.648183609
philippine,126,128.355899275,4.54072892171,-8019.75937306,29.962918556299996,6.509265703551121,4.986562739650986,0.13245700137431712,45.78393081728976,744.3076956775003,39.9506440513,128.355899275,4.54072892171,70.633990396,460.694515918
philippine,127,128.371583159,4.49354866021,-7941.72019883,35.9929475195,6.477007593427658,6.477001919259179,4.380241093321687e-07,69.09844621530218,13.54760309250014,27.9945340169,128.371583159,4.49354866021,70.5390263893,468.506212396
philippine,128,128.389619731,4.3947486713,-7601.04559882,35.9958262085,6.2500177553230785,4.472977891069934,0.1657223338378304,60.96896490447047,3.388952812500065,48.99435952645,128.389619731,4.3947486713,70.1863926272,484.81444202
philippine,129,128.407651523,4.2959482487,-7155.06524252,41.984329830899995,3.807385633613125,2.8573748398823224,0.14254237605519726,64.5628724749549,411.2555792200001,43.98363658621,128.407651523,4.2959482487,69.8668857285,501.904291827
philippine,130,128.43232077,4.2592384336,-7168.45053541,21.935733543530002,10.527779254472794,1.6807589535724032,0.7246584439626333,27.337975839269035,708.0462550100001,48.8570022363,128.43232077,4.2592384336,69.9070949955,510.602689005
philippine,131,128.530735952,4.20851739206,-7023.39305029,15.958850367659998,3.995620702817799,3.1096916975998323,0.12468544031447427,18.352821033584384,176.900257697499,43.8869864542,128.530735952,4.20851739206,70.530369048,527.691656446
philippine,132,128.580120176,4.13495058556,-6903.22046114,13.982518836130001,2.7328204508257397,3.641611994305918,-0.142568228827062,13.936872874255078,771.4408612725001,36.9538784687,128.580120176,4.13495058556,70.6084667617,546.850238916
philippine,133,128.625410938,4.05947815993,-6847.85253656,25.98626725701,5.70829385456321,3.029248101808206,0.3066132061090069,33.491235419888284,718.9775553625004,48.9741899271,128.625410938,4.05947815993,70.0137588892,566.187614902
philippine,134,128.642104693,3.9706853434,-6730.49458061,29.98629767839,4.843212704540108,2.425937565449689,0.33253888684485977,40.00877367433921,-470.00610381749993,46.9785888962,128.642104693,3.9706853434,68.2763640795,584.894056882
philippine,135,128.68329722,3.89330723906,-6600.96987326,23.9770441601,3.341202871523353,2.8280787703054044,0.08317404375557792,28.746850993752094,-196.9064945049995,41.9599030265,128.68329722,3.89330723906,66.7425195965,604.370170366
philippine,136,128.72448234,3.81592722605,-6249.84338033,5.99424352999,5.778384280930857,5.77838277753764,1.3008769748687253e-07,4.835245498002205,465.0014847074999,41.9597828075,128.72448234,3.81592722605,65.1797703697,623.458000565
philippine,139,128.924748162,3.61347570086,-5966.70691798,12.983432227729999,2.1173708045362436,1.815107320343017,0.07686336060737961,12.1440550102491,727.2629497150001,27.9643518619,128.924748162,3.61347570086,62.7189576826,688.030397885
philippine,140,128.929294622,3.56204508334,-6002.08355565,16.9998714204,2.799872079385625,5.123488023269475,-0.29326143375778313,19.779516309510377,-367.1460136599999,15.999881161989999,128.929294622,3.56204508334,61.9950313984,699.158682749
philippine,141,128.936399854,3.45812394433,-5905.203974,20.99990713668,3.2186980611232907,5.221390452735403,-0.23728333989906333,24.315426616241425,759.9112176925005,46.99980619529,128.936399854,3.45812394433,,720.452381507
philippine,142,128.943503529,3.35420275228,-5593.32658669,36.99980753184,2.4182153571813467,1.3104161704393251,0.2971061040855744,47.8006103071229,736.7016758300001,51.99974138613,128.943503529,3.35420275228,,741.839826439
philippine,147,129.158927333,3.08301164434,-5570.06137161,3.99774127878,2.1884485080116516,2.1884482710337325,5.414290787034192e-08,2.0891687817333726,135.25879437749973,25.9853367815,129.158927333,3.08301164434,,808.637791117
philippine,148,129.198688407,2.99233995232,-5641.81874177,14.990669156340001,2.8786369057986554,3.28902282719624,-0.06653835314587131,16.630917327979464,1803.2686998025006,49.9689686676,129.198688407,2.99233995232,,827.746183729
philippine,149,129.233776927,2.89967818327,-5602.82170429,34.9957431949,2.481760131013627,3.7197336451467913,-0.1996250514500461,46.65060272965975,1544.8552172050004,45.9944353137,129.233776927,2.89967818327,,846.980121073
philippine,152,129.274599599,2.57989099713,-5190.8012308,8.999783613630001,5.963629863822805,7.439482073608134,-0.11011265269401417,9.557843001019982,2317.15241298,32.9992126862,129.274599599,2.57989099713,,918.130397118
philippine,169,129.26443548,1.97425838588,-5033.60763532,306.7630932306,0.8116587624162118,3.140649855708222,-0.5892735912908622,932.7418857122669,82.48022224700003,93.92689653506,129.26443548,1.97425838588,,1069.33010613
philippine,170,129.306566672,1.88291695015,-5030.67334387,30.97594319841,3.5099133153633573,2.2184538997172774,0.2254498301446446,43.575442665671176,-928.0502965400001,30.97595786544,129.306566672,1.88291695015,,1085.08787649
philippine,171,129.348693448,1.79157449716,-5076.30452978,13.99212965432,2.1676737644784954,2.1676732906486134,1.0929456764872482e-07,14.301625043189894,-663.36443091,44.974734909911994,129.348693448,1.79157449716,,1104.28767572
philippine,172,129.35788423,1.74851487859,-5039.91621221,214.9961362605,3.305770421027342,0.4552580655121184,0.757907674913144,368.44587727765264,1280.288934115,230.99580342500002,129.35788423,1.74851487859,,1113.95850264
philippine,173,129.339502666,1.66011490703,-4991.88766672,220.0004222259,2.6525860593790394,0.40302993731954767,0.7362038045651038,340.9778169335963,519.126701835,211.00041367186,129.339502666,1.66011490703,,1129.23146559
philippine,175,129.3564315,1.52966899014,-4835.26496559,54.9746674369,3.0572855074701977,1.4884073758867145,0.3451350920181161,83.52140236963206,-703.5765226399999,62.97095052684,129.3564315,1.52966899014,,1157.4173416
philippine,176,129.324684533,1.46609277651,-4800.93218763,279.7513081606,2.392692775460744,0.8442329360788211,0.47837361044824095,727.6835449558345,753.900320669684,229.795431021,129.324684533,1.46609277651,,1160.32626314
philippine,177,129.292939369,1.40251611299,-4677.06426604,154.7284397108,2.3966885017806394,1.473504286489718,0.23853700985875306,278.91799119484034,623.8960158294999,130.77025958437,129.292939369,1.40251611299,,1160.19090033
puysegur,39,164.904906851,-47.0866252435,-5711.45487034,4.00887931255,0.7893800362639042,0.7893806874704163,-4.12479549540956e-07,2.045911706582666,347.8193737299998,50.1104700513,164.904906851,-47.0866252435,25.8010864411,117.742132698
puysegur,42,164.750960653,-47.3079522394,-5798.0617385,7.0148058102699995,2.1555316015777595,5.375554584651072,-0.42756421895175906,5.736171574440271,318.55878630000007,19.04007464113,164.750960653,-47.3079522394,25.9086995639,105.418683236
puysegur,43,164.732173419,-47.351336124,-5799.17593071,7.0164352683099995,2.6828261740238415,3.5750745025814927,-0.1425794966502506,5.730259205959768,352.56247216500014,25.0586109393,164.732173419,-47.351336124,25.9359964347,111.650293431
puysegur,44,164.711840454,-47.4462380855,-5858.78183201,10.02168379978,3.526638233470865,2.3527483389912804,0.19966196813420073,9.450382175160296,537.4641193999996,23.0497518761,164.711840454,-47.4462380855,25.7998188923,132.344001805
puysegur,46,164.6123879,-47.5985404279,-5911.48336069,6.01362917512,6.336663598919002,6.336671182208445,-5.98365747735703e-07,4.942184985096385,117.02434003500002,27.061183634,164.6123879,-47.5985404279,26.1672819986,218.396234006
puysegur,47,164.570887485,-47.6701090961,-5962.88902292,6.01294735245,4.825500767238092,9.583515460593482,-0.33021093307987953,5.00300830318876,368.46640988499985,43.0922759197,164.570887485,-47.6701090961,26.243792156,252.926149072
puysegur,48,164.512962427,-47.7633091577,-5736.81194876,10.02203275041,3.2969803556917685,3.2969884288240654,-1.2243206725288991e-06,9.626741782805885,508.83276673999944,40.0877352098,164.512962427,-47.7633091577,26.4456757303,283.216277761
puysegur,49,164.476399784,-47.8397678018,-5973.85072386,7.01677608032,1.1465897388196422,1.5286289462763147,-0.14280672065617292,5.288225054063372,929.9133187949997,46.1099728863,164.476399784,-47.8397678018,26.3485175894,295.278994929
puysegur,50,164.471672237,-47.9188914469,-6073.20267633,8.01971293111,5.63948592305476,5.639486556930148,-5.6199745930690866e-08,7.606287959063376,684.2442193900006,39.09607659463,164.471672237,-47.9188914469,26.0059992178,297.266029077
puysegur,51,164.471672237,-47.9979881304,-6181.81609501,8.01974823825,8.733160574972402,5.265978993819452,0.24767104893234324,8.024252589610711,557.4343294649998,42.1036334156,164.471672237,-47.9979881304,25.7415114797,295.642161752
puysegur,52,164.463676748,-48.0690708656,-6088.16469078,10.024614469709999,4.644951889351201,4.644954704951467,-3.030816550462571e-07,10.255184701275251,276.46540751999964,46.1130935173,164.463676748,-48.0690708656,25.6691082391,294.005559002
puysegur,53,164.454088921,-48.1323362047,-5979.10036666,11.0261274842,4.104414725020801,3.422139204754843,0.09064912397250248,11.313250528265044,222.7729475749993,41.0971169061,164.454088921,-48.1323362047,25.6585461653,292.58759945
puysegur,54,164.414120279,-48.2085745501,-5953.70640395,6.01363956644,2.2381022841670575,2.2381053561421522,-6.862896767979507e-07,4.392632818492315,353.27008431500053,37.0837945729,164.414120279,-48.2085745501,25.6057982784,291.968731736
puysegur,55,164.371610191,-48.2907115006,-6208.37750513,19.04511470352,4.7312021730886045,3.4445716704577065,0.15737109749513462,23.357473285863673,909.9149714299997,46.1088827259,164.371610191,-48.2907115006,25.6014073351,286.726640083
puysegur,56,164.358647733,-48.3549898622,-6203.76515389,11.027043810070001,4.523851595362138,3.7722738856580964,0.09059382134750626,11.792364751113002,1088.3965558199998,72.1764889535,164.358647733,-48.3549898622,25.6418209147,276.99293404
puysegur,57,164.340208317,-48.435503793,-6199.15210474,7.01702689533,9.464159973145644,3.8148305795324635,0.42543364807755085,6.167823656729334,896.2977910500003,41.0995176367,164.340208317,-48.435503793,25.702346848,260.071503278
puysegur,58,164.309699369,-48.5214567028,-6278.10038839,7.01685234913,11.734656963467561,4.749708547847382,0.42373171177414626,6.705242623324168,1218.0808538249998,43.1032421589,164.309699369,-48.5214567028,25.755254083,236.621510503
puysegur,59,164.279546557,-48.6057352093,-6129.35808986,4.0096320493499995,9.927114980657286,9.927121417997453,-3.2423005536161364e-07,2.492499394558034,57.16179666500011,16.0384855917,164.279546557,-48.6057352093,25.8615670396,210.237537728
puysegur,60,164.249117223,-48.6855344183,-6100.89872272,8.01827133133,5.8544428400673265,5.854454212816061,-9.712912056007658e-07,7.5109950940017525,1066.8268169500002,39.0886977739,164.249117223,-48.6855344183,25.8892669018,179.842566597
puysegur,61,164.190823696,-48.7620407225,-6200.73052397,4.00906911763,5.637507304960769,16.495905376090878,-0.49058851554446253,2.36917877709177,1418.3291430550003,41.0925030506,164.190823696,-48.7620407225,25.7658171739,148.779739773
puysegur,63,164.063492139,-48.9471672099,-6015.74157705,4.00896815813,5.384714879846436,5.384720776759239,-5.475600570479734e-07,2.258071675992498,411.58428985499995,28.0625599061,164.063492139,-48.9471672099,25.6870230595,102.564585058
puysegur,67,163.880738538,-49.2391920405,-5748.16448104,5.01163170057,3.7265892670189067,2.486343281779647,0.19962328183960348,3.3088833460751212,658.6114121300002,34.0788165762,163.880738538,-49.2391920405,25.8795573669,88.4423625199
ryukyu,0,128.739347487,25.4363868926,-7291.03019719,59.9460774187,4.479964495733969,3.428831607242334,0.13290681347772568,109.5566195985622,-340.8711187199988,42.9607944995,128.739347487,25.4363868926,67.0474502586,337.78483705
ryukyu,1,128.806463389,25.5005274662,-7337.17525492,49.9599999341,4.066840632451013,4.066914444083117,-9.074730110356995e-06,77.80728332194779,524.5111763125001,88.9259260411,128.806463389,25.5005274662,67.395451389,342.429535222
ryukyu,2,128.870398486,25.568044401,-7356.38744002,57.9588953634,4.135848859993932,2.922028142077951,0.17198099620603433,89.56459722298666,579.5401186724994,91.9321332101,128.870398486,25.568044401,67.742880805,348.413692792
ryukyu,3,128.934406064,25.6355333231,-7306.8808086,63.948958241499994,4.002206256000093,2.4038817647741,0.24950086324802498,101.03246043044233,296.4188267700001,136.884708916,128.934406064,25.6355333231,68.0957275937,350.507970949
ryukyu,4,129.00173921,25.6995840808,-7321.23779754,62.9437599697,4.2439442213353455,2.44331658340986,0.26926236175023716,102.60600835372288,-302.6215443350002,65.9398642763,129.00173921,25.6995840808,68.4427331736,343.992888603
ryukyu,5,129.072392047,25.766194212,-7254.80834038,67.9570272089,4.31523074424167,2.356948398485678,0.29349966538151373,119.29744735058333,-106.14804613750039,57.9625784311,129.072392047,25.766194212,68.8116227804,330.364864066
ryukyu,6,129.137631097,25.8479561129,-7071.48743979,241.8972789592,4.131984611926054,0.9976205849149019,0.6110341647621217,586.7559334261038,513.2739256124996,227.897418021,129.137631097,25.8479561129,69.2139929251,318.188040187
ryukyu,7,129.168839927,25.8875933206,-6597.88223083,66.91758980910001,2.908940848259332,1.4231190104550175,0.3429827579172164,109.34235965515504,-219.15737579000051,56.929085523278,129.168839927,25.8875933206,69.4081750907,309.961564205
ryukyu,9,129.347671909,25.9959135762,-6604.20231466,340.70333744889996,1.1456284993664867,2.921222122873549,-0.43660163316474576,1208.1483410538658,584.7238265015,132.8983423132,129.347671909,25.9959135762,70.177455764,218.669955993
ryukyu,10,129.366819884,26.0468446921,-6736.14515923,192.94969748510002,4.2862327905701365,1.1226008438412216,0.5849009528785797,460.43403991163217,185.54324708500008,185.947412811,129.366819884,26.0468446921,70.4043111613,216.001065425
ryukyu,11,129.441420466,26.1241272866,-6875.03902442,187.92369992599998,4.56971960160225,1.1985418956182885,0.5844356584056354,444.630494023987,335.0252465474996,188.918471826,129.441420466,26.1241272866,70.9555909856,184.78405064
ryukyu,12,129.495190101,26.2064495523,-6903.27207691,99.0104408277,4.66758146112036,2.033082062184712,0.39316992858584743,232.83183475384183,-557.0905339700003,121.01023326,129.495190101,26.2064495523,71.5100729738,171.455087271
ryukyu,13,129.536122844,26.2890178969,-6885.14585593,207.76949699329998,5.138921805902757,1.2649467960384648,0.6049429260134982,580.1461168647749,637.1928563399999,215.752796543,129.536122844,26.2890178969,72.0114172674,171.461066798
ryukyu,16,129.769423153,26.4583319372,-6782.26695254,76.9869832148,5.916555029684903,1.5570757119607046,0.5833147861362349,129.75899804244403,-0.5015786750000188,86.9841920395,129.769423153,26.4583319372,73.6175936197,154.854480111
ryukyu,17,129.849963286,26.5128179583,-6757.78430354,325.5327575974,1.0850924353162794,3.0735303828807545,-0.4781481837842077,951.8459739539653,865.487310429,130.82884482,129.849963286,26.5128179583,74.1470292787,163.537851056
ryukyu,19,130.006491003,26.6480180948,-6240.49529087,78.03516618660001,3.3548986589191596,2.8765437667386125,0.07676471344915836,152.06557818530462,492.29614824750024,81.03530707809,130.006491003,26.6480180948,75.3049053178,206.728841887
ryukyu,21,130.037282409,26.8597651958,-6084.05370096,47.0019174413,6.0020545159435965,3.4096742388783152,0.2754414565695093,94.60115713068068,1160.73239574,95.0017018286,130.037282409,26.8597651958,76.345278336,327.505065952
ryukyu,22,130.118810964,26.9243416377,-5883.31588355,226.8621280803,1.4356524359704583,2.636481425188738,-0.29488937008481464,548.2784584307391,534.8490668685001,114.937837512,130.118810964,26.9243416377,76.9236832312,335.453234516
ryukyu,23,130.141035243,26.9682330593,-5962.28843722,40.9269304055,5.48599861318767,3.5174536738637605,0.2186433466366038,76.57091015734855,1105.6687686974997,96.82295237222,130.141035243,26.9682330593,77.1929052911,351.174595774
ryukyu,25,130.352331722,27.0093620647,-5810.98746123,194.9500385176,2.1774408358967037,2.068534752708936,0.025649248544910214,608.8244615646931,1201.52038914114,182.9637238463,130.352331722,27.0093620647,78.1295563562,271.765336093
ryukyu,28,130.327979412,27.2063535426,-6085.43385517,106.7576562308,2.0756052120184343,1.8209945513192063,0.06534175336528295,209.3453306131408,1028.32269283,99.76854864129999,130.327979412,27.2063535426,78.9074249625,361.196049498
ryukyu,29,130.431758618,27.2378114316,-5856.24644363,197.55230738109998,1.6799105289529852,3.356580172424131,-0.33290434607825203,606.4923671830736,764.01455997075,115.74912539081,130.431758618,27.2378114316,79.4196685488,305.396864939
ryukyu,31,130.508632053,27.3368497897,-6555.17816279,81.04473232480001,2.220874997269318,3.5791333595579315,-0.23418213883947142,177.44625157899597,-1282.4597465400002,66.0375162738,130.508632053,27.3368497897,80.1239863601,286.235711826
ryukyu,32,130.481634735,27.404501612,-6585.46127536,8.999041250900003,6.181994658213394,3.1000282446777927,0.3320360707767294,8.41665747482791,-59.1833430100005,14.9983461586,130.481634735,27.404501612,80.3329317512,324.795477637
ryukyu,35,130.531788557,27.6495318586,-6284.01382463,73.0402561754,3.2244731422678026,5.81488543090854,-0.2865703653274252,166.0496238062876,-1879.7542738999996,63.035787339,130.531788557,27.6495318586,81.8755593976,375.198920321
ryukyu,38,130.602511217,27.8276773962,-6716.23686375,27.01394813665,3.6531891532658456,1.2801458596791115,0.481022125470888,31.196074702356004,1028.1172083000001,55.0279295962,130.602511217,27.8276773962,83.2943649902,421.905552185
ryukyu,39,130.598480627,27.8754303268,-6640.70731854,45.0432893347,6.643538315101093,4.865034621405763,0.1545372917656593,101.25080495790746,754.5567055525003,110.10622235868999,130.598480627,27.8754303268,83.5348563768,453.350602435
ryukyu,40,130.595724701,27.9203420482,-6682.24907986,9.0029407851,2.1676299980517224,2.7088170134341154,-0.11097977976746128,7.918402231275295,795.30922723,34.010810998450005,130.595724701,27.9203420482,83.5520131906,483.547450826
ryukyu,43,130.721889929,28.0527452935,-6685.26961922,20.973293931799997,8.068507330434603,2.536575307887091,0.5216302608107698,26.457978345506856,1286.0822732025003,43.9433716093,130.721889929,28.0527452935,83.8173488585,530.307338058
ryukyu,65,131.913287275,29.091240015,-5709.19235323,105.0759819132,1.4574233134550187,0.8970134856019232,0.23802288006947772,149.57257581292822,-312.75565945000017,110.077862031,131.913287275,29.091240015,78.2531375742,603.46398916
ryukyu,66,131.944805188,29.1708931409,-5694.64234027,61.0425062524,1.8872759418244687,4.166074942737167,-0.37645248794754466,111.18293567406069,-613.6697669349996,101.067909075,131.944805188,29.1708931409,77.6163954708,599.242114773
ryukyu,67,131.976316942,29.2492967479,-5701.74506699,35.031121161499996,1.326205091237053,1.5747607274680964,-0.08568030503095912,41.48304408256247,-928.4717483699997,26.02301549466,131.976316942,29.2492967479,77.0024155962,595.772017364
ryukyu,68,131.981325797,29.3070552141,-5686.10022447,36.032877645499994,0.776547520439469,1.3737189724776306,-0.2777197403229893,40.467486013199334,264.3713586199992,62.05604420563,131.981325797,29.3070552141,76.6669369175,597.762205494
ryukyu,69,132.003339908,29.3565137618,-5675.58569521,7.997531138439999,0.776475211129048,1.2939884870364777,-0.24995042239376491,6.2861632441621325,991.57320476,153.94333346431998,132.003339908,29.3565137618,76.2674755194,596.072466258
ryukyu,71,132.112031425,29.4958426313,-5668.33508623,18.01464146176,2.686772004280502,0.7681686232633972,0.5553216647838696,17.658710657702958,186.91748985499999,61.049089426,132.112031425,29.4958426313,72.3074223685,589.953521335
ryukyu,72,132.138214018,29.5812688745,-5673.73782331,5.00431931681,0.5555188740640438,0.8332463219484623,-0.19998157260985788,3.074879988200218,-292.66729875499914,24.0206393174,132.138214018,29.5812688745,69.6849856398,595.828689053
ryukyu,73,132.164441486,29.6666899714,-5672.51312487,13.00890013485,1.4445263867151648,1.2382384525978138,0.07689378177856937,12.141397483806763,2798.405008415,62.041649326,132.164441486,29.6666899714,67.0912424165,603.860856435
ryukyu,75,132.235533588,29.8369671856,-5564.71010957,85.9893300447,3.1000250543251653,1.5783966423808509,0.3252439627269305,161.4086866390883,7.301749414999904,135.977780429,132.235533588,29.8369671856,61.5573221373,625.844967601
ryukyu,96,132.630755662,30.4174210928,-4337.92296877,12.98504098517,2.510275064915314,0.45669925149952445,0.6921447894086393,11.653180812723132,-178.6178026849998,36.956899313,132.630755662,30.4174210928,48.330144559,734.705057953
ryukyu,102,132.305293213,29.9419498183,-4870.00988352,56.9750429869,1.6504775852271387,2.112287980062409,-0.12273164161364208,80.86361735664066,-94.19814204749991,54.97451603008,132.305293213,29.9419498183,57.5427057283,675.699005715
ryukyu,103,132.234845884,29.8758447314,-5376.14540668,41.9808902239,4.426288452614917,0.7391575776356005,0.7138068723177611,47.078184425871164,1773.3684879800003,64.9694922491,132.234845884,29.8758447314,60.7225168403,624.295631423
ryukyu,104,132.164492372,29.8097019055,-5475.98010709,13.9936947931,1.2742235648633375,1.6987567185943324,-0.14279716421033556,13.641039578933958,80.68040526749974,67.96742606817,132.164492372,29.8097019055,63.8792696145,623.615952628
ryukyu,105,132.094232359,29.743521491,-5676.53139243,19.990839038506998,1.5305746135230693,1.5305871328885348,-4.089743209453056e-06,20.749995322730353,-387.74893214499934,21.9897250608,132.094232359,29.743521491,67.0648779353,617.973807111
ryukyu,106,132.024065523,29.677303637,-5672.47828968,20.990177315540002,1.2220720101334028,0.7521216215189169,0.23804675543460066,20.69583329880569,394.7027292499997,66.9669682584,132.024065523,29.677303637,70.2598438478,616.507219129
ryukyu,107,131.953991546,29.6110484916,-5670.23368375,8.9957142188,1.5689298235293594,0.7846148681878243,0.3332483798169502,7.385273772065209,532.1838526500001,113.94057468719998,131.953991546,29.6110484916,73.4063119589,619.536269088
ryukyu,200,126.621856994,24.2021219093,-7097.39528625,35.9705572945,10.101486616316596,2.913939448257738,0.5522329528360257,69.27073463633178,-787.0990911849995,79.93296190219999,126.621856994,24.2021219093,,784.940637541
ryukyu,201,126.55830353,24.1332975409,-7044.32601208,175.8475115907,9.20684958748569,0.5594681570067007,0.8854290487687223,283.72402540446944,450.29553865500066,226.7979946346,126.55830353,24.1332975409,,768.304449439
ryukyu,202,126.494818912,24.0644465403,-7027.58406282,40.9661614857,8.09194131190967,2.625994277501906,0.5099813288491547,79.6606495758551,-922.6524259599992,53.954836983599996,126.494818912,24.0644465403,,762.854658816
ryukyu,203,126.431402873,23.9955690208,-6965.72399293,54.95413608630001,7.838031701044358,1.1500970575883116,0.7440853177623433,83.88577652023372,-963.0404119000004,78.93312431540001,126.431402873,23.9955690208,,765.111020311
ryukyu,205,126.304775459,23.8577348767,-6791.5041343,32.97257618345,6.364742055059314,1.7201697937515066,0.574474075680981,45.85178345622085,-1070.7729564150004,41.964776474900006,126.304775459,23.8577348767,,766.735662735
ryukyu,206,126.241563554,23.7887784773,-6791.47556465,16.985885239159998,4.403049685322826,3.085248382971602,0.175981416649374,20.883999862653756,-917.8966168549996,32.9722729937,126.241563554,23.7887784773,,757.444484335
ryukyu,207,126.178419162,23.7197960089,-6791.65022809,25.975921263580002,1.5347518794532427,1.3155967293431765,0.07688713914983404,29.694882711505493,-513.7527955799997,35.966244248100004,126.178419162,23.7197960089,56.9460196895,739.212146132
ryukyu,208,126.111576996,23.653672987,-6784.88935112,19.97408899357,0.3870161855099015,0.2580149147084135,0.19999232712628387,18.844192424688668,232.01081545000034,22.97003806335,126.111576996,23.653672987,56.5734615713,715.166798548
ryukyu,220,126.022441999,23.5073592442,-6787.46463812,35.0030391233,1.4746921426687776,2.8248471343660864,-0.3140231789273083,49.52933304809498,-150.53306453999994,21.001683309100002,126.022441999,23.5073592442,55.9850130171,615.946579309
ryukyu,221,126.05906066,23.5827501539,-6782.7300075,26.962444746049997,1.1628418695341118,1.0798133479826868,0.03702241918548638,30.85534493781979,-83.54793390000032,28.959351998840003,126.05906066,23.5827501539,56.2404899153,672.752317345
ryukyu,227,126.417576071,23.7716696696,-6792.42289404,12.98614652182,7.386889833794894,3.29774301849976,0.38271289915375434,14.336232802129674,-854.7646854650002,33.9634163315,126.417576071,23.7716696696,57.7854751651,631.833422606
ryukyu,235,127.014369013,24.1149120525,-7215.28317567,36.973951656,3.8074507080552094,5.574902961173121,-0.188380476309979,71.64108012319011,-1143.2807626225003,39.9712269926,127.014369013,24.1149120525,59.7266827459,429.647623466
ryukyu,236,127.072144316,24.1858077263,-7262.36311808,169.7326595369,4.71680484898963,0.7396852068225527,0.7288787483321263,274.22506953114447,1013.7348845624997,229.628540763,127.072144316,24.1858077263,60.0341057544,476.93301807
ryukyu,238,127.19116177,24.3241687564,-7310.89245065,23.99966183603,2.4351538828385477,3.4072671177011737,-0.16638876841857553,32.648202948011836,-83.31674300750001,61.99814417,127.19116177,24.3241687564,60.6394226531,610.01246746
ryukyu,239,127.255678324,24.3882652968,-7348.51902477,22.99288490483,3.1525848840133546,4.897048602539721,-0.2167134343992799,33.44777204578587,-411.38717004000046,46.984768543802,127.255678324,24.3882652968,60.943587483,679.112877851
ryukyu,240,127.297342218,24.4759054418,-7351.221637,20.984492287880002,5.228749697890092,3.9263552776026476,0.14225881885284966,30.81646143731927,-292.2773315425002,96.9253107413,127.297342218,24.4759054418,61.2497191691,798.500274222
ryukyu,242,127.442355368,24.5948862206,-7349.24304404,190.62312326580002,7.69781169544029,0.5656367989358361,0.8630990925106405,290.87182547665157,745.3485557100003,240.516438497,127.442355368,24.5948862206,61.8581733566,896.806904304
ryukyu,244,127.5863874,24.6632286617,-7348.24933256,67.8384969041,5.668620447350925,1.7494185003395415,0.5283339673259047,123.09068397068604,-878.7508552499994,60.854380380123004,127.5863874,24.6632286617,62.3174972698,878.017504141
ryukyu,249,127.963990299,24.785145495,-7389.80641228,131.9045330882,3.601790646517113,1.1068702817253169,0.5298577244811421,210.90015294119758,-522.0414509875,121.909628407,127.963990299,24.785145495,63.5974045421,620.926343911
ryukyu,250,128.029101292,24.8571716419,-7422.18632655,115.8946449843,3.941919586213932,1.3158738629755558,0.4994577570640765,196.0570165480661,-672.8877552775002,103.90382649,128.029101292,24.8571716419,63.9554387556,600.358915681
ryukyu,252,128.163082988,24.9818366767,-7432.71533844,53.9206479346,4.172728511565674,2.4574428113332347,0.25870910670261005,86.54166160271502,-330.95882512749995,81.877170068,128.163082988,24.9818366767,64.5922009282,522.281523899
san_cristobal,0,159.143837725,-9.74801437207,-5017.15138095,13.943516159889999,13.216279786568322,3.6647406536077467,0.5658152696876274,15.481515349852154,1157.776934075,36.8509691585,159.143837725,-9.74801437207,,228.192919673
san_cristobal,1,159.17975394,-9.75533587226,-4999.04996612,38.89193560591,10.96612058991333,1.632195456252616,0.7408867264050988,50.123211168766346,1194.4095227550001,50.858902901,159.17975394,-9.75533587226,,226.224840879
san_cristobal,2,159.237245955,-9.8127128788,-4637.51668069,122.90723902069999,4.0396010204974155,1.9492497997441933,0.3490404559232101,357.4907954190677,304.93664747375,217.839767204,159.237245955,-9.8127128788,,221.200679962
san_cristobal,3,159.260622041,-9.91227364491,-4571.11546296,29.9611482162,5.480201352049687,4.798581994034546,0.0663132332947565,50.53238691861612,1006.192050865,36.9522600429,159.260622041,-9.91227364491,,220.608665019
san_cristobal,4,159.34339459,-9.96185497212,-5023.88378481,13.95698948513,10.728141616197393,8.087310473498723,0.14035438160664046,19.988703466549257,542.7537924049998,60.8133450464,159.34339459,-9.96185497212,,219.554182726
san_cristobal,5,159.416703537,-10.0034940077,-5321.24610204,17.943434011649998,6.18544023058193,9.665146183137686,-0.21953168556236288,29.244032011143,832.1909209275,72.7717810714,159.416703537,-10.0034940077,,221.169027956
san_cristobal,6,159.485531318,-10.0413846825,-5212.68352949,33.892940057000004,3.0122710214041994,4.858749441416884,-0.23459199842441789,48.53770084903791,768.8806897875002,53.8306697419,159.485531318,-10.0413846825,,225.509308749
san_cristobal,7,159.571871909,-10.0899055763,-4786.27654813,7.96930348505,2.943495749617346,1.7670890428921953,0.24973687101350864,6.617372789876953,1356.25844791,45.823968324046,159.571871909,-10.0899055763,,235.457093155
san_cristobal,9,159.741283712,-10.1201451117,-5187.47482839,30.8955395783,2.653825198636041,2.4881597026828253,0.03221819961212334,41.783189744149595,2144.8043586675,43.8521490739,159.741283712,-10.1201451117,,268.44524944
san_cristobal,10,159.798009352,-10.1573775311,-5289.03634629,34.9113269751,4.821079464289194,2.8531822383907475,0.25642821448364655,53.838563729292225,1711.4870293699998,42.8913402909,159.798009352,-10.1573775311,,295.721301723
san_cristobal,11,159.859007062,-10.2112929954,-5345.24723848,31.912512805300004,4.382753555654166,3.868780545933015,0.06228817616136239,53.017052873443376,2725.132153045,42.8827924727,159.859007062,-10.2112929954,,331.53573806
san_cristobal,12,159.927432643,-10.2479335272,-5374.95422667,37.8681669781,2.293420669775875,1.3382888175230978,0.26299786797185193,47.72339280894265,1364.4504343100002,43.8476891784,159.927432643,-10.2479335272,,366.638999106
san_cristobal,13,159.968050602,-10.259050129,-5377.01400805,20.91319998035,1.5077135910183197,2.0099137712206447,-0.1427667369185676,23.957625894898385,2577.6962247025003,59.7529328757,159.968050602,-10.259050129,,384.428498617
san_cristobal,14,160.076719,-10.2646062735,-5371.87059166,26.887268559200002,3.0285526816909107,2.083139098912476,0.18495121054948221,36.129519143975145,1751.619248625,82.655074143687,160.076719,-10.2646062735,,400.901239685
san_cristobal,15,160.185391203,-10.2701262782,-5356.34704032,14.94059848375,1.1888898087996989,0.7926535727709124,0.19996344249335665,14.255462078984245,955.405128715,61.75535656891,160.185391203,-10.2701262782,,344.015591498
san_cristobal,16,160.210849552,-10.2958043671,-5338.65613936,34.9133067682,1.8116969391016746,2.151081747452223,-0.085643139623748,45.2113159727216,1720.8790718950002,63.8423052174,160.210849552,-10.2958043671,,319.826542842
san_cristobal,17,160.288914845,-10.3523128588,-5230.93815486,22.93687109178,0.957940421459207,1.7957091354804742,-0.3042394090816468,23.527923158627733,1986.6961074074998,67.8144011534,160.288914845,-10.3523128588,,235.023554264
san_cristobal,19,160.46235095,-10.4079817451,-5308.20923945,11.95329312617,2.786108034168898,2.786100001046279,1.4416408304091135e-06,11.972579094742873,673.2511368075006,42.8330818933,160.46235095,-10.4079817451,,100.959120399
san_cristobal,21,160.589144413,-10.4810716367,-5808.98264528,13.95386338468,6.28298768216466,2.521680171892237,0.4271947076957978,14.946529384742883,550.3541324224993,41.8619312655,160.589144413,-10.4810716367,,59.4105404169
san_cristobal,22,160.65717622,-10.5141552141,-5690.36544879,16.96217175931,3.2601918597746575,2.283383620435853,0.1762054549136781,19.37861555549299,1005.5854930975001,66.8517205077,160.65717622,-10.5141552141,,47.8897531578
san_cristobal,28,160.870967944,-10.8217800182,-5935.13054201,16.96020559672,4.2156735645491805,3.748671498347078,0.0586365937831774,20.47937264605344,451.06011188999946,24.94159735079,160.870967944,-10.8217800182,47.3093019012,45.9479966828
san_cristobal,29,160.947192183,-10.8854739789,-6087.1133918,18.94991355151,6.659051567274995,3.8960003072693175,0.26177524211599057,24.540408843584597,448.07776584999965,27.926323768004,160.947192183,-10.8854739789,46.4327855747,44.5197474332
san_cristobal,30,160.986280191,-10.9050569765,-6216.08805117,23.91820472059,7.776103192456107,3.906016164381336,0.3312829555888455,35.731916284284644,50.83899196499942,27.9047053406,160.986280191,-10.9050569765,46.305158857,42.495446419
san_cristobal,31,161.061837761,-10.936722479,-6693.62595378,25.91715312094,9.469374772215975,5.0462288070316745,0.3047166410295116,43.509804721372085,1090.4451227874997,66.787431821,161.061837761,-10.936722479,45.9861189332,38.5395079966
san_cristobal,32,161.123110121,-10.9769719541,-6943.12551122,24.93304615084,10.849493084816249,6.153048071887579,0.27622018200949555,41.66961982865035,1163.1759893149992,65.8240802385,161.123110121,-10.9769719541,45.4731114788,36.8719224
san_cristobal,33,161.20349357,-11.0365574449,-6744.92063528,22.94843710653,9.283123560112653,5.998456383960012,0.21494290434456545,37.715906109305116,1207.7193063574996,75.8306938673,161.20349357,-11.0365574449,45.1848384119,34.9995489958
san_cristobal,34,161.235993231,-11.0753674834,-6703.36837114,25.92463326518,12.07865477590466,4.507796318649311,0.45644836343207734,43.865464051772115,2966.4364796325,115.66649929235001,161.235993231,-11.0753674834,45.0706674369,35.4646719193
san_cristobal,35,161.333677373,-11.1177521345,-7127.25703102,91.6983108985,5.486229762350649,3.2224578935521118,0.2599440878171982,201.14489529393612,829.1036501600004,107.648043169,161.333677373,-11.1177521345,44.9240973854,31.9031637145
san_cristobal,36,161.408691718,-11.1595967492,-7175.47556156,113.662512478,6.234038904631738,2.4408997863291146,0.4372525562924166,248.0389705767982,626.8257031900002,107.681728942,161.408691718,-11.1595967492,44.7291408246,30.0675414739
san_cristobal,37,161.474506577,-11.2018299295,-6940.49765658,93.70700946330001,4.879034894454031,2.769269118969048,0.27584753061361833,192.83996673010103,644.4378786625002,99.690068633,161.474506577,-11.2018299295,43.944323185,28.7273291268
san_cristobal,38,161.565028225,-11.244500579,-6707.26680137,115.6058644526,4.8905406087585295,2.031813679950077,0.41297032910775217,223.6178955646879,-387.61016436249975,104.644732726,161.565028225,-11.244500579,43.213451998,28.4163781009
san_cristobal,39,161.64217777,-11.2756224588,-6420.80617698,81.7120789339,4.417695725481852,2.2939335269332495,0.3164302017702172,133.78496456972906,-346.73668641500035,106.62650492,161.64217777,-11.2756224588,42.6045854511,26.0066787575
san_cristobal,40,161.724645359,-11.3082025108,-6702.89829733,48.8216994011,5.250485017928933,5.04150798127728,0.020304817217401034,89.90153241954303,-233.10991698250018,86.6853531346,161.724645359,-11.3082025108,41.9825635568,26.4538134263
san_cristobal,41,161.808821956,-11.334094391,-6926.90080338,37.8516103267,7.64515001596069,5.00296620290678,0.20889939397556348,70.20911356828556,-5.359379212499789,60.7626558309,161.808821956,-11.334094391,41.5896493773,27.2574973585
san_cristobal,42,161.862638709,-11.339553117,-7300.68798649,69.7150307292,6.996840354827105,3.436914825229781,0.34119312444687,126.90752020565807,-711.98441005,61.748238690113,161.862638709,-11.339553117,41.2511477088,27.5834216629
san_cristobal,43,161.966369263,-11.3504947836,-7840.17861845,59.7556139787,7.8968443998477635,5.6580369073429,0.1651661450784677,142.98476893008112,-732.2809030399999,53.780696438691,161.966369263,-11.3504947836,40.5124026539,27.5533857359
san_cristobal,44,162.070107756,-11.3614002098,-8044.77509657,104.5723688911,9.655752863915424,2.5820400835979864,0.5780219366887345,222.8072855837149,-607.00216456,152.380841815,162.070107756,-11.3614002098,39.7252152939,27.538138174
san_cristobal,45,162.108876184,-11.3632335173,-8162.87424608,166.3199495863,10.325515693765645,1.5833362559195188,0.7340908657511057,319.13647196319226,-721.4489188999996,156.362175099901,162.108876184,-11.3632335173,39.4520439967,28.5559436636
san_cristobal,46,162.165290171,-11.3673905964,-8079.05698582,169.30739319789998,10.022470341791584,1.5838555043002032,0.7270703019537338,348.2149661326949,-620.1457423224997,160.34574427346,162.165290171,-11.3673905964,39.0881535221,31.0240323898
san_cristobal,47,162.259571394,-11.3718273901,-8201.40672791,134.4481921319,12.53072268793991,1.95830302334842,0.7296846506631959,275.4411923247082,-775.9141096349999,150.38501764363198,162.259571394,-11.3718273901,38.5422807926,31.9737101227
san_cristobal,48,162.353855543,-11.3762341934,-7795.07962608,60.7491456523,11.225737455153258,3.7029107426553947,0.5039188152080726,138.49624949906325,-669.51765613,54.7741811504,162.353855543,-11.3762341934,38.0865800137,34.2495567547
san_cristobal,49,162.431647333,-11.3672920243,-7561.38882784,65.73222099510001,9.052284091863225,3.4190109978032646,0.45169912615792396,148.08964728009312,-9.834107059999951,82.66445531414399,162.431647333,-11.3672920243,37.7365428071,30.9493843862
san_cristobal,50,162.509434236,-11.3583294474,-7804.13588341,43.823756777,9.416586908325412,5.413652012617328,0.26991708744862364,103.18263678254188,-502.6587750150002,41.8321061103,162.509434236,-11.3583294474,37.3493810766,29.6116508527
san_cristobal,51,162.540333654,-11.3495515067,-7802.82383797,41.8362506898,9.139432433067551,5.6539716791044885,0.23560910846038602,97.30772079542236,191.3816063725003,45.8210945807,162.540333654,-11.3495515067,37.2117290959,28.1692041012
san_cristobal,52,162.616617771,-11.3337002068,-8056.77992625,44.8273400483,8.756977642119521,5.863249260973151,0.19792636600833113,102.70779261910972,585.4337090624999,42.8353973069,162.616617771,-11.3337002068,36.880694647,26.0101882712
san_cristobal,53,162.720664692,-11.3022782637,-8131.20007932,39.8414237558,10.756720967780197,6.502809015594181,0.24646742734499086,91.56454672555347,506.13791703249944,39.84174258,162.720664692,-11.3022782637,36.4208059597,22.963788862
san_cristobal,54,162.822164845,-11.2939505311,-8317.55987861,42.8292598723,10.615697469729911,6.986647275246192,0.2061685671461178,106.35464840438922,77.00767499250014,36.8533588322,162.822164845,-11.2939505311,35.967474005,19.0228376604
san_cristobal,55,162.927900155,-11.2629167345,-8356.60871869,44.8230116768,10.464376461774172,7.0194533400633325,0.19703481220966743,119.8655090071382,94.04970740999988,47.8117070027,162.927900155,-11.2629167345,35.6342397211,17.4891790355
san_cristobal,56,163.040566889,-11.2472864826,-8398.84001936,42.8242704066,9.723720307747106,7.725461996232387,0.1145187365633169,118.57983527463476,654.2201958425007,46.8084534031,163.040566889,-11.2472864826,35.1682810636,16.9698563982
san_cristobal,57,163.116257466,-11.2442622042,-8503.8870079,51.7889214095,10.015231233625043,6.298478713583932,0.22782999894374062,133.85351927262246,-53.58885509750007,48.8015844363,163.116257466,-11.2442622042,34.8714502482,16.4685084611
san_cristobal,58,163.148565315,-11.2337437667,-8495.45999722,44.826529241399996,9.813066513139237,7.203752693951559,0.15333734156970968,106.59935305597534,343.2620505674995,42.8346421806,163.148565315,-11.2337437667,34.749483169,15.6852560097
san_cristobal,59,163.248213175,-11.2104118414,-7843.95131815,35.859579797600006,8.8224441970394,7.906111791712854,0.05477653934641219,77.26369370090212,505.2336907025001,40.8404946464,163.248213175,-11.2104118414,34.3843606592,14.7967666233
san_cristobal,60,163.34784494,-11.1870468714,-7559.42229007,41.8385945373,7.647683678505838,6.329496859278004,0.09430992292504506,87.33879178448245,375.95122830249966,39.8466529353,163.34784494,-11.1870468714,34.0125109708,15.08976975
san_cristobal,61,163.396581747,-11.1712561743,-7665.70656201,46.8227909059,7.8250522636190105,6.895611054853001,0.06313854129111925,109.08467304047224,245.57495961250015,38.8533129933,163.396581747,-11.1712561743,33.7090396443,14.2529273113
san_cristobal,62,163.488554425,-11.1450596659,-7844.55435645,43.8289935948,8.613803746333033,7.874523438149773,0.04483658650824192,98.01796062576928,-76.05510885500007,46.8178827423,163.488554425,-11.1450596659,32.2948624701,13.9349238308
san_cristobal,63,163.582494605,-11.1259475838,-7685.4058483,44.8201373302,9.218401079505254,6.175090353902292,0.19770113484444807,94.50284362201616,347.6460453100003,54.7808345693,163.582494605,-11.1259475838,30.4615311128,13.1756723584
san_cristobal,64,163.684894634,-11.1098390988,-7480.57241304,51.796264325799996,9.177194898965297,5.314131441148425,0.2665776318295621,116.0571429664509,43.197231602499414,51.7967788922,163.684894634,-11.1098390988,28.2343191455,13.7469253384
san_cristobal,65,163.766490612,-11.084289466,-7550.85745465,47.8128581166,11.106539397489302,5.605861764606232,0.3291374817736455,111.49277591315862,-282.09902172750026,53.7899981819,163.766490612,-11.084289466,26.4267728606,14.1660262051
san_cristobal,66,163.838265102,-11.0734501626,-7684.71805638,57.765935604899994,10.758127739769018,4.504486234822997,0.4097359413896326,128.87674957849765,-388.79084806499986,52.786518694,163.838265102,-11.0734501626,25.4062409537,14.97227373
tonga,2,185.16801717,-23.4715533857,-10250.2078247,66.0269711665,9.049648131981371,4.553177690460321,0.33055414369144215,171.5124025623516,-453.9962081975,65.02696692461,-174.83198283,-23.4715533857,91.0604146289,37.7385381619
tonga,3,185.195,-23.3876394694,-10383.6952226,61.97579706869999,9.61106922919423,5.320793332207416,0.28732355922408703,173.24378130862098,562.2171584400003,82.96909071786101,-174.805,-23.3876394694,90.8122791131,44.0892743396
tonga,5,185.258,-23.2759129461,-10752.5828177,64.0267763586,9.962313149424755,5.6274083408621856,0.27806172235106313,174.85019665217138,-115.48602414499965,78.0332816456,-174.742,-23.2759129461,90.4877548507,47.452479982
tonga,6,185.294,-23.1992934961,-10675.302229,65.979578889,10.052663337302505,5.416579728371666,0.2996968622994995,186.49130619784597,430.4807992975002,83.9754209253,-174.706,-23.1992934961,90.2310893379,45.0481314473
tonga,7,185.354,-23.1296005777,-10514.0156655,64.95013267819999,9.141605196195126,5.381070521225095,0.25894227400940995,176.363278207782,487.01876162249937,82.9380526556,-174.646,-23.1296005777,89.9995054135,39.0393396419
tonga,8,185.415,-23.0590959071,-10296.8369055,58.9946400118,8.178941409610832,6.032639191240943,0.15102487743279241,157.28304111887675,-139.0698232699997,74.9943206539,-174.585,-23.0590959071,89.7197160127,33.9016379149
tonga,9,185.441,-22.9722648376,-9962.95882205,57.998582413600005,8.384778864965273,5.146971474176742,0.23927483951745934,148.56548991137453,-134.28634148499987,84.9992363247,-174.559,-22.9722648376,89.3894623105,32.6838960289
tonga,10,185.498,-22.8995874091,-9891.82425826,56.9830606205,7.9026627814473205,5.364272317222373,0.19133209330913792,141.5509785272566,-184.31991036,82.9768590526,-174.502,-22.8995874091,88.7896528763,35.5323521333
tonga,11,185.535,-22.825164728,-9835.05240219,58.9799256582,8.102326484327477,4.838363768282968,0.2522247772205266,143.00466609587968,-480.35155698249946,53.9821732582,-174.465,-22.825164728,88.1215073219,37.8906302836
tonga,12,185.59,-22.759266142,-9710.80584124,55.969695278399996,8.163294175715768,4.919189339805423,0.24797316442719045,129.29630347660668,-300.22384454500025,65.9652548963,-174.41,-22.759266142,87.8456757219,40.4434839886
tonga,13,185.636,-22.6891410613,-9633.18516821,55.9811740402,7.5278315684275645,4.887214771976288,0.2126948803934451,125.27750739129073,-706.7504964425007,55.9818058293,-174.364,-22.6891410613,88.4090669541,40.770933484
tonga,14,185.681,-22.6189889643,-9752.57160982,54.991696723800004,7.995716420095696,4.958363095043574,0.2344707952041212,127.65242050590098,-80.5141398249998,73.9898677735,-174.319,-22.6189889643,89.152675373,39.4275215859
tonga,15,185.723,-22.5351445879,-9631.91421973,49.992389145800004,8.458878393189478,5.208021704080361,0.23786349984064953,117.05037178326532,-431.0803934700007,56.9919107757,-174.277,-22.5351445879,89.9775904382,39.0194843043
tonga,16,185.773,-22.4554501341,-9367.71305916,48.9843337406,8.58247604063479,4.5839885290725295,0.30368725715191314,107.78865439047883,-423.3517051450008,45.9856496918,-174.227,-22.4554501341,90.8018044966,38.0988135821
tonga,17,185.824,-22.3757400893,-9687.75854253,44.9926660829,10.215148746921948,5.677712879598749,0.28550150211787534,102.65687966050783,-87.6785761074998,87.9871615048,-174.176,-22.3757400893,91.7405135763,35.1178665373
tonga,18,185.865,-22.2917865517,-9296.84487204,49.9744855162,8.44602447264403,4.3741968569927785,0.31760977528822465,102.65684495792422,-602.3022065350006,48.9754336909,-174.135,-22.2917865517,92.5285565744,33.5602820832
tonga,19,185.929,-22.2281408905,-9098.56530905,45.9782477257,5.496833417860831,5.992986216804809,-0.04318194843085684,96.68453938063023,-625.244043445,39.9815293162,-174.071,-22.2281408905,93.3166791999,31.9264617774
tonga,20,185.962,-22.151354587,-9188.82046092,53.016033517,5.61410722449154,5.0158085643946,0.05628442143657212,109.49261520635345,-253.39321321999978,60.0186435084,-174.038,-22.151354587,93.8500825067,29.0682093323
tonga,21,185.982,-22.0689003259,-9191.56565253,50.0085454528,7.440519776001051,4.5763324645961285,0.23834755175974323,106.33969406720088,410.8964321249996,65.0116914449,-174.018,-22.0689003259,94.2106469481,28.4206790859
tonga,22,186.024,-21.9958760324,-9218.04985379,48.9762095841,7.314453889345983,4.647538684226523,0.2229490771471841,100.0918177267675,-312.6538816224993,59.9716407327,-173.976,-21.9958760324,94.4680219316,28.2221453742
tonga,23,186.08,-21.9267302872,-9244.80305489,42.9807511946,8.7072800319409,5.185698970751743,0.2534791897768382,91.58792022763843,-196.6212275074995,63.9722218438,-173.92,-21.9267302872,94.5843362077,27.9741928582
tonga,24,186.121,-21.8512184399,-9412.70637575,48.9956524914,6.738516346303491,5.966905751114684,0.06073081156001923,104.69107736781376,-288.1066369950004,61.9952587566,-173.879,-21.8512184399,94.7122488863,29.3439389167
tonga,25,186.157,-21.776154258,-9264.70466202,46.0116037434,6.575706674646145,6.03191157697791,0.04313226232069531,102.89599433035917,-324.8913673300003,55.0143052245,-173.843,-21.776154258,94.8358411185,29.5804428344
tonga,26,186.175,-21.6956079064,-9242.5466079,51.0251633882,7.162809520148922,4.635234397421715,0.21423679555582348,108.72219658649902,-391.22818903000007,73.0363959699,-173.825,-21.6956079064,94.9850900259,27.6271002576
tonga,27,186.188,-21.613691272,-9151.75799713,51.0027014263,7.668388060758863,4.200332421306093,0.2922013071833155,106.17148650338008,-243.9025115149998,83.0054233468,-173.812,-21.613691272,95.1401167321,26.9884993472
tonga,28,186.241,-21.5458438032,-9337.15774902,49.9794719203,6.762262348201804,5.322585236613974,0.11913076284029747,109.52471660384913,-108.8641156499998,75.9701039171,-173.759,-21.5458438032,95.2869053652,27.8118194126
tonga,29,186.286,-21.460816242,-9352.49862601,54.0184965714,6.551253132867523,4.870105793625151,0.14719328497266893,115.63191634300301,-522.7983088275005,57.01986637776,-173.714,-21.460816242,95.4661778053,28.3639299342
tonga,30,186.297,-21.3501797955,-9302.36252984,58.0174703705,10.332242866186037,3.6389271676582124,0.47908054102224107,131.08613366087638,-508.8905041725002,89.02751578329,-173.703,-21.3501797955,95.6851236546,30.1434441991
tonga,31,186.346,-21.2656350993,-9604.19769507,55.9858094313,8.574049663957982,4.427166463592789,0.31896117714538774,123.5469335130354,-341.8610237424991,79.9808254519,-173.654,-21.2656350993,95.8535634584,31.1039132763
tonga,32,186.393,-21.1805541608,-9604.87190491,56.995276507,7.73023478745409,4.527368237398,0.26129631899175804,126.77372231645157,-462.5499715725,63.995310917,-173.607,-21.1805541608,96.0282718207,30.7738746389
tonga,33,186.431,-21.0917954312,-9732.38144894,59.9948226089,8.439971301070166,4.56800179226017,0.29766124829972906,131.20252311701768,-427.62983494499986,84.9937764837,-173.569,-21.0917954312,96.2066570008,31.0742484273
tonga,34,186.478,-21.0063597381,-9852.11536649,46.0015312812,9.405591819296585,6.0784013672551165,0.21487935392087557,96.29313117983581,107.59589003499968,137.007603666,-173.522,-21.0063597381,96.3674696398,30.8157852134
tonga,35,186.507,-20.9153942469,-9343.6891139,49.008363691599996,11.058715141753408,4.037040795493855,0.4651422807475495,100.70319643925052,-245.83244973,62.0109449055,-173.493,-20.9153942469,96.5510936485,32.1765678476
tonga,36,186.539,-20.8382287038,-9525.81160181,47.992317307200004,12.82181025365715,4.338387583778573,0.4943662509165027,103.54362646561007,-195.34389340249982,63.9902726613,-173.461,-20.8382287038,96.7058749045,35.2669294767
tonga,37,186.584,-20.7653207741,-9494.96373076,40.9782145972,8.730532646563375,6.853030173919964,0.12047966785718509,94.98107766259771,-535.2323392549997,35.9811458367,-173.416,-20.7653207741,96.8487783631,35.9359617748
tonga,38,186.635,-20.6942491907,-9499.31033807,53.994420498699995,7.297769417270921,4.65896899961537,0.22069567181705838,114.4833125028396,46.13419678250011,139.988957269,-173.365,-20.6942491907,96.9937773165,35.0742732447
tonga,39,186.658,-20.6121549684,-9612.68478835,46.991300178,10.54951292736492,4.989039791099289,0.35785013167012725,106.31520507797072,-358.8612870550005,61.9890849767,-173.342,-20.6121549684,97.1499415291,35.7504097613
tonga,40,186.713,-20.543223558,-9673.54255589,51.001193657900004,8.366194032867739,5.419963460950034,0.21370933657466956,114.43317066634684,-241.95757251500072,76.0026139119,-173.287,-20.543223558,97.2974039207,36.8491364682
tonga,41,186.724,-20.4556349074,-9816.06230546,52.023086317899995,11.058532208573075,4.9643768999300395,0.3803401284607525,114.54656670767916,-370.3724397350006,63.0281697906,-173.276,-20.4556349074,97.4735986577,35.2475869663
tonga,42,186.743,-20.3717587636,-9851.27928629,50.0162290054,13.571192754017803,4.847848674294963,0.47360467229927505,116.17869723717274,-5.989556030000131,122.040881154,-173.257,-20.3717587636,97.6452968145,34.0100329019
tonga,43,186.767,-20.2897364087,-9649.01775905,56.9922375479,9.951208367099198,4.264370927006228,0.40004260976202716,123.18908253991115,-39.233164670000406,120.985768726,-173.233,-20.2897364087,97.8161545253,30.2808939419
tonga,44,186.818,-20.2175513901,-9623.38840755,49.991333730099996,10.412103319067336,4.942131661670016,0.35625165723070346,115.18291731922069,-414.20319067499986,59.9900873641,-173.182,-20.2175513901,97.9743146976,24.7388196687
tonga,45,186.847,-20.1297619302,-9682.63510153,53.0055659356,9.951364506080159,4.736230683289939,0.35507063992099847,113.37646075404204,-173.29343084500033,89.0102739083,-173.153,-20.1297619302,98.1487083245,19.6452578143
tonga,46,186.881,-20.0478022545,-9583.91585964,46.01596541879999,10.47384819347663,5.630894576311325,0.30071598698555746,108.84995557892219,-311.2485785250001,60.02108887987,-173.119,-20.0478022545,98.3259010814,16.829519845
tonga,47,186.889,-19.9488983019,-9267.45805933,51.02230861369999,10.737267928323439,4.1039412035580005,0.4469532546722171,113.30135954523804,-202.5830523499999,83.03662841193,-173.111,-19.9488983019,98.5208952077,13.4438207279
tonga,48,186.91,-19.8623128347,-9259.6521372,50.00748286299999,10.577548312819015,4.1535492263759135,0.4360842136406206,112.10898991201576,-205.986720384999,80.0126061939,-173.09,-19.8623128347,98.7033942345,11.4864302589
tonga,49,186.947,-19.7788,-9501.69374609,53.9916848245,7.931032299407002,4.684825551743646,0.25731161415767545,119.66920790639053,-279.3826341850008,60.991132886,-173.053,-19.7788,98.8878060399,11.4992437498
tonga,50,186.986,-19.7035988673,-9490.74299669,51.0118278057,8.272435179011874,5.358739984936484,0.21375231108331078,118.88234732168542,39.605782240000735,116.028329351,-173.014,-19.7035988673,99.0576055898,10.9062729447
tonga,51,186.993,-19.6208782242,-9550.09210778,63.020547764599996,9.225561403801471,4.011960354397292,0.3938502345558068,141.9735610636863,-195.19114873000035,103.03434685,-173.007,-19.6208782242,99.2257629372,11.5330336751
tonga,52,187.023,-19.5435220279,-9553.51089291,64.0060662511,8.368835479575996,4.109323645103139,0.3413573902939298,139.83926402002254,-186.35909460499988,104.011064076,-172.977,-19.5435220279,99.3929360778,12.1496302243
tonga,53,187.049,-19.4649724055,-9406.91773502,68.019200893,7.639431593648013,3.9217390775321213,0.32156713380102697,154.15971037940622,-35.58797376000075,133.039059088,-172.951,-19.4649724055,99.5638524318,11.8583445125
tonga,54,187.068,-19.366410731,-9532.14012268,60.023459207,10.376901676009307,4.140706906387124,0.42956074578178016,137.13589575370753,-130.0997485199996,116.046077354,-172.932,-19.366410731,99.7715251889,11.1523871914
tonga,55,187.083,-19.266924448,-9559.85132756,62.02016515219999,13.706366318194567,3.7021932255764125,0.5746697805446968,139.28868838395218,-126.2513107800005,120.039914282,-172.917,-19.266924448,99.9762964106,11.8258820634
tonga,56,187.111,-19.1704897345,-9614.49797225,66.9993785058,10.359957071945935,3.8419149873303473,0.4589565416031316,153.7631833181051,-230.46119852999982,116.000434952,-172.889,-19.1704897345,100.184786781,11.6127624272
tonga,57,187.158,-19.0788557202,-9580.69961081,63.0054375583,8.56395753604614,4.305992148469931,0.3308455349051595,142.74765014199036,-183.85253193500012,99.0095932557,-172.842,-19.0788557202,100.393600941,13.0622525758
tonga,58,187.178,-18.9790948131,-9326.57299664,54.9946046572,11.636993992082544,4.022505146252591,0.48625366485632693,122.612424918414,-214.0747301850006,83.9925431351,-172.822,-18.9790948131,100.599956327,12.1539138572
tonga,59,187.24,-18.889621121,-9169.86298062,47.998274734700004,11.280165799570032,4.695157769585554,0.41219872645950695,101.5407937481511,-64.92149604499991,66.9980731328,-172.76,-18.889621121,100.808171979,12.0487631795
tonga,60,187.255,-18.7879329719,-8385.39593267,39.0140037693,10.603500867240038,4.756248355360734,0.3806867174156392,79.81450807100916,738.168017125,66.0239300544,-172.745,-18.7879329719,101.016736202,12.6052935128
tonga,61,187.275,-18.6876013939,-7517.70623304,21.00121665673,7.983709287347067,6.004740130650753,0.1414716597645292,29.50898301255981,981.7334290849994,64.0042326407,-172.725,-18.6876013939,101.223770874,11.9631538342
tonga,62,187.323,-18.5946036901,-8008.07726971,19.99373909909,7.733319686470528,11.513381340251437,-0.19640049733887907,30.88273591240558,2142.3239433575,53.9836757338,-172.677,-18.5946036901,101.440111295,11.81800028
tonga,63,187.37,-18.5022415051,-8691.43800124,26.9933181116,11.356766096322819,9.128229476074702,0.10878872843160164,60.254501291836455,4465.190893412,44.9891958794,-172.63,-18.5022415051,101.635851572,11.5619407659
tonga,64,187.406,-18.4229084736,-8602.12184647,39.0098513352,8.442000288139608,6.542376424190699,0.12677363232504366,87.33154884745689,3172.0259955500005,45.0115326036,-172.594,-18.4229084736,101.797404211,13.0444533988
tonga,65,187.41,-18.3335845612,-8693.65143207,45.0045957251,8.699928517591093,5.307807057528692,0.2421605863325553,94.97158763048647,1859.6942068449998,46.0048937627,-172.59,-18.3335845612,101.975603594,12.0311139308
tonga,66,187.459,-18.2574371529,-8780.04125188,43.9970131021,9.124269014361841,5.774304850624542,0.22485133101297416,104.19940161209098,535.7249986950001,41.997347771,-172.541,-18.2574371529,102.14572873,13.0280224745
tonga,67,187.459,-18.2110705744,-8795.19562138,56.019394866700004,10.257257056538391,4.140068767018202,0.4248836460665062,132.10565197725123,-699.9969225949999,61.0212668164,-172.541,-18.2110705744,102.238201574,13.3040651008
tonga,68,187.483014215,-18.1072886265,-8635.01278418,72.0177658532,6.490879416353542,3.2558654151247737,0.3319071194703786,153.69664154372916,-633.0678682774997,75.01884498676999,-172.516985785,-18.1072886265,102.449833235,12.2721390593
tonga,69,187.507,-18.0035037089,-8681.55943723,70.013342831,7.94626503971446,3.1957026576670753,0.4263665549096692,153.20394773572443,-154.1185724649995,117.02331617073999,-172.493,-18.0035037089,102.664316231,11.927635587
tonga,70,187.524,-17.9517216667,-8606.31797263,73.0259220095,7.439032326186221,3.2237295517195355,0.3953293548832961,165.83772896229698,-357.7864622850002,115.04136486,-172.476,-17.9517216667,102.790384642,12.6110864904
tonga,71,187.527,-17.8606309806,-8661.93511716,56.9733187056,8.673211246794766,3.7092991466560505,0.4008809152919555,127.84369815211952,31.73450993250026,97.9555443736,-172.473,-17.8606309806,103.028321238,12.2808352667
tonga,73,187.613,-17.6913630257,-8822.01074573,54.0203386573,6.825323391860984,4.704143649058297,0.18397899358872344,117.95392317834714,610.9358878699995,118.043953119,-172.387,-17.6913630257,103.550440754,13.083600151
tonga,74,187.5985,-17.6444927837,-8828.30663674,64.00386613090001,8.60070095587465,3.9328221682938995,0.3724314976193423,149.0493853808378,-55.55852413999946,147.01103217709,-172.4015,-17.6444927837,103.681020693,12.9883423791
tonga,75,187.652772847,-17.5682862904,-8786.27273572,54.952083092500004,6.651866058176985,5.159042210492005,0.1263936535384854,126.39813102205892,-478.6874488600006,66.94254188105,-172.347227153,-17.5682862904,103.918188814,13.01851627
tonga,76,187.707,-17.4920650157,-8875.3168888,64.9917358682,5.8650394407459014,5.031785906606707,0.07646754972920931,140.84356906148798,-358.3198469600002,77.9909106413,-172.293,-17.4920650157,104.154955586,13.6384008993
tonga,77,187.7,-17.4521981062,-8994.13100667,43.0158296685,6.418050869586689,8.086944902574134,-0.11505649909878106,92.121394455136,765.0115434199997,99.03681225232,-172.3,-17.4521981062,104.263900891,14.7238414492
tonga,78,187.719,-17.3658302219,-8932.82246089,44.015396577800004,7.6439043665643975,6.381452254595437,0.09001212204931171,96.05224598717075,590.4351420499997,99.03504352739,-172.281,-17.3658302219,104.516785213,15.559955675
tonga,79,187.7145,-17.325121827,-9020.09319124,55.018527018200004,11.86321180863232,4.504097484643609,0.449622732247872,132.81694558074912,137.4429028600007,96.03200931344,-172.2855,-17.325121827,104.633954168,15.9424118403
tonga,80,187.700992568,-17.2233676507,-8904.77619876,55.0179518633,8.1390132337191,4.67203265231246,0.27062432000082365,120.85452245875327,468.31158895750013,88.02839999257,-172.299007432,-17.2233676507,104.914553096,18.3544027993
tonga,81,187.6875,-17.1216125747,-8599.79229075,57.0220124051,7.872482370421686,3.9549061126165586,0.3312291858361933,121.53330905607388,372.03030815500006,87.0336239173,-172.3125,-17.1216125747,105.203305768,22.145006036
tonga,82,187.703,-17.0714074495,-8707.74200728,45.0072471615,9.497928914519134,4.781795031201515,0.3302678610065814,92.93386599247128,508.86417351,84.014061683,-172.297,-17.0714074495,105.351444061,23.6974097436
tonga,83,187.726,-16.969198616,-8763.10596581,48.013422921600004,11.516437803678713,4.7957278553274705,0.4120059892011114,110.34579400815768,328.1500520649997,80.0226657715,-172.274,-16.969198616,105.648574229,26.5284871496
tonga,84,187.734,-16.8859011759,-8728.05915809,53.0122750349,8.905904196931283,4.607450919222133,0.31808927100353646,115.94952617936254,250.82041862499955,72.0169659463,-172.266,-16.8859011759,105.888884753,30.0463158954
tonga,85,187.759,-16.8051563699,-9084.44216913,48.0133389162,9.525249682460574,6.273606521090305,0.2058150994905216,115.27246064762086,-161.6865290249998,57.0159981867,-172.241,-16.8051563699,106.12212548,31.3669935451
tonga,86,187.761,-16.7189410833,-9020.19699361,60.0164114679,9.147407108683355,4.267505299387922,0.36376695283968974,123.62650877701368,-736.4827674050002,55.0151512922,-172.239,-16.7189410833,106.362248328,33.3830430489
tonga,87,187.789,-16.6206707021,-9122.47693598,56.0145800568,9.11594933962481,4.710409362602047,0.31863342127187916,117.23319262162472,-152.37739927500024,61.016043006,-172.211,-16.6206707021,106.639445418,31.6996534822
tonga,88,187.794,-16.5247630516,-8500.67713569,51.0171118689,9.111047622854494,3.8229060960507644,0.40885731012584164,109.55524263007328,-511.2416077299995,45.0151313597,-172.206,-16.5247630516,106.908055597,31.0859326803
tonga,89,187.805,-16.4288977372,-8619.47634903,59.0203458432,7.237164701630023,3.725965557382004,0.3202734129115821,118.30424893487614,-146.6251215100001,53.0183140188,-172.195,-16.4288977372,107.18163449,27.0287030762
tonga,90,187.805,-16.3336602108,-8710.15928309,51.0179978983,9.894832528305525,3.776183855994409,0.44756355345590054,104.66920319088422,-204.25414115500007,57.0201145703,-172.195,-16.3336602108,107.440708569,22.8309321077
tonga,91,187.805,-16.2377015236,-8733.43368111,43.0150017044,10.107872342303875,4.918803414291374,0.34532381027354,92.08263699959818,195.41510775000006,82.02860484835,-172.195,-16.2377015236,107.706723143,20.658533552
tonga,92,187.805,-16.1403284808,-8469.70893904,49.0165837833,9.547659863892093,3.849012852622192,0.42537778834031614,92.77329544644182,231.4195635999995,108.036410634,-172.195,-16.1403284808,107.973761319,17.4743629341
tonga,93,187.797,-16.0375161394,-8065.75705422,37.0122155984,8.454537501103438,4.603145059532228,0.2949522186411399,74.34554821894707,215.94840440999997,91.0299052113,-172.203,-16.0375161394,108.247334163,16.2116730212
tonga,94,187.794,-15.9280383403,-8302.50213168,45.014246204,8.870198468299973,4.031547474197858,0.3750384650006008,86.35701913333705,197.05248106999989,88.027699183,-172.206,-15.9280383403,108.541824106,16.0722888165
tonga,95,187.782,-15.8254775994,-8133.58824816,49.012825967,8.899680819287129,3.236432759976221,0.46664428627196985,84.43597671896303,172.20581892999962,85.0219965259,-172.218,-15.8254775994,108.814293826,15.4903617375
tonga,96,187.766,-15.7212788978,-8044.7789413,55.0006412295,6.02596024006741,3.451994766447742,0.2715739283263449,98.00008481602603,315.6370385925002,64.000430216,-172.234,-15.7212788978,109.084984157,14.892689492
tonga,97,187.726,-15.6375006164,-8079.7962565,64.9883403397,5.987964466024838,3.5135852475562626,0.2604184888841665,132.52955392579167,-59.54086970250046,63.9881396608,-172.274,-15.6375006164,109.275730944,14.9850574533
tonga,98,187.699,-15.5474805121,-8298.79449983,62.986779889000005,5.047429774236864,5.549209176092274,-0.04735269402000572,141.56667175800354,41.14032558750023,79.9823545685,-172.301,-15.5474805121,109.76312944,15.1122328024
tonga,99,187.652,-15.4514662614,-7995.46259949,79.971417628,5.450229298501248,3.639624104534926,0.199189702373148,190.5374243488335,-423.7244945225002,78.9710567412,-172.348,-15.4514662614,110.222094321,16.264289742
tonga,100,187.6325,-15.4017014777,-7940.53446908,78.9897046847,5.367857090678793,3.4726930894674592,0.2143717260343611,179.7552634781451,-335.67131103249994,78.9891314549,-172.3675,-15.4017014777,110.276424918,16.0548843437
tonga,101,187.598734075,-15.3028991815,-7444.40154736,75.9926252515,4.1493809077391175,3.3610751810038515,0.1049610992222984,163.84814965396117,-378.39915507000023,63.993390063239,-172.401265925,-15.3028991815,110.375104293,14.0832929257
tonga,102,187.565,-15.2040918244,-7482.24828529,234.89424843790002,4.343718747415317,1.2982276481610429,0.5397944052857593,527.9850778757786,132.32887987000004,204.905385443,-172.435,-15.2040918244,110.522107892,13.4546957008
tonga,103,187.534,-15.1684587909,-7429.80544808,43.9256685983,3.4407372980399886,9.10891828505962,-0.4516602825859912,81.7479875210113,3831.0651443175,33.9421128124,-172.466,-15.1684587909,110.54324427,13.2485960404
tonga,104,187.4935,-15.132330799,-7274.02336819,44.918255894699996,2.849635193814779,7.794609502592706,-0.46456789089477557,79.8486241113313,2885.8375168899993,36.932248475429006,-172.5065,-15.132330799,110.530334079,13.3110279209
tonga,105,187.414721653,-15.055671483,-7704.77761886,47.9154178805,3.645659503903296,6.6273176651247985,-0.29024284899716085,91.59589824469796,452.56345791999956,38.930767337790996,-172.585278347,-15.055671483,110.514122699,15.083499571
tonga,106,187.336,-14.9789850165,-7689.93642402,54.88078489909999,3.071050534684888,5.363846004043485,-0.27182259543212534,116.00529840678894,-66.36556235999979,49.890752598963005,-172.664,-14.9789850165,110.436057725,15.8308590579
tonga,107,187.292,-14.9572968912,-7719.25845691,53.8389077751,3.406921767992249,5.34458713014362,-0.22140928892434847,118.56202233468764,4579.466545881,125.618835722,-172.708,-14.9572968912,110.379714881,16.437696715
tonga,108,187.228,-14.9247010045,-7715.68016154,56.8408759037,3.3185284821718235,4.899252373458432,-0.1923541061822798,120.78832302686887,873.6820730724994,80.7716665942,-172.772,-14.9247010045,110.333304015,16.4100085328
tonga,109,187.16,-14.881803815,-7659.12588905,53.869988279400005,3.3373803732635916,4.848337241370646,-0.18458453360348034,104.52516024892464,891.8272583375006,82.7980309168,-172.84,-14.881803815,110.458916114,13.9630441382
tonga,110,187.089,-14.8256679778,-7307.89400547,52.8322322188,2.83493175212215,3.991536687246964,-0.1694294708014068,94.65184552402457,332.98179900250034,40.8695744764,-172.911,-14.8256679778,110.451666721,13.5601183984
tonga,111,186.977,-14.801216972,-7337.97689355,48.8344399845,3.450540383638968,3.8993640561530762,-0.06106523917293369,92.18620425561234,6115.345334317501,140.517177714,-173.023,-14.801216972,110.34088444,15.3062771739
tonga,112,186.887,-14.7529774309,-7235.46167743,47.8609584625,3.6440024710652246,3.3532246448913337,0.04155615093739029,82.98231585762859,6566.919455332501,142.579850046,-173.113,-14.7529774309,110.538221423,22.1967741544
tonga,113,186.816,-14.7142133208,-7083.52762916,43.8775457244,3.5909546190900397,3.2794540219560253,0.04533945699721673,72.1992544338341,6419.906717575001,140.601948468,-173.184,-14.7142133208,110.455351495,27.7322816494
tonga,114,186.747,-14.6715111927,-7120.73946271,37.8980443984,4.922015671267528,3.5838376408646733,0.1573243719703188,64.45670845248532,727.1461777775003,53.8543739888,-173.253,-14.6715111927,110.074757828,31.0993283773
vityaz,8,170.216666667,-10.31875,-6199.47708103,6.98436531423,1.2470997206409167,3.115172513936682,-0.4282338865714216,5.195709066264648,2001.5905072899996,28.935059649160003,170.216666667,-10.31875,,78.4886662272
vityaz,10,170.29777737,-10.4141835879,-6198.74018912,11.970760311149999,1.4983680625407263,1.0703848835110439,0.1666112654731947,10.91220171856481,2114.83188707,39.9022448881,170.29777737,-10.4141835879,,73.1111332325
vityaz,14,170.550956515,-10.4981079816,-5657.86807124,40.8324956377,3.1088426732792676,3.969907484023042,-0.12164079697819478,70.03842621487277,-224.34684534500002,28.881765880654,170.550956515,-10.4981079816,,68.8666005226
yap,0,138.497343477,9.51464644393,-8147.95387989,83.99556427,12.50658364087987,3.461905808008148,0.5664078535306641,182.30355519449597,1033.4620623649998,90.995016906,138.497343477,9.51464644393,143.795363254,108.871496469
yap,1,138.515225245,9.60130348922,-8214.28786256,89.00215765760001,13.339703238524255,3.6825815090693963,0.5673222997177293,233.30910369335137,585.6321365000003,109.002423242,138.515225245,9.60130348922,143.754511512,103.006027641
yap,2,138.52455854,9.69107674191,-8176.180024,98.999191864,10.427275176607983,3.557577174378111,0.4912242067214589,272.3615470132912,959.2753998124997,106.998874487,138.52455854,9.69107674191,143.686439763,98.5381366618
yap,3,138.546736894,9.77617361267,-7861.17629474,94.9690829954,8.858702393119277,3.0158161484060684,0.49205247558295173,215.83028610380012,1015.9279953875002,105.965034894,138.546736894,9.77617361267,143.561892501,94.7493218277
yap,4,138.581769256,9.85659155913,-7870.60007,58.9727432753,8.832134177352392,6.081837191674829,0.18441077279987791,166.30542766592,-1065.0377012900003,52.9753216476,138.581769256,9.85659155913,143.201029171,91.0434972244
yap,5,138.613584316,9.94175509415,-7653.49335851,119.9795048636,9.017645183007216,3.0281496901475933,0.49722708679090816,359.10811285921284,348.53277638249983,114.979964596,138.613584316,9.94175509415,142.566350077,88.3156129946
yap,6,138.630372946,10.0320478834,-7731.57610261,118.0110907944,8.199412379543567,2.9391661918755645,0.47225470951611837,320.76347852955416,2233.599865319,111.010290608,138.630372946,10.0320478834,141.501919128,85.845336042
yap,7,138.631328615,10.1225157455,-7724.33202851,125.0015408936,7.9454675467392075,3.106831863785986,0.4377944808792774,380.825290499553,1805.2733079467,113.001124756,138.631328615,10.1225157455,139.801700679,84.8817166127
yap,8,138.660825233,10.2070457654,-7175.0480085,128.987366761,6.481242139740005,2.7160396817641117,0.4093820903881072,387.14330082326876,1824.9120896445,111.988656441,138.660825233,10.2070457654,138.787511083,84.4098855072
yap,9,138.673341789,10.2949680319,-7813.10957339,50.006092418899996,6.427026485786689,7.532876533520023,-0.07921616978312315,120.86499181825117,364.40800146499987,32.003879486,138.673341789,10.2949680319,136.972217462,85.294382761
yap,10,138.673341789,10.3845873487,-8204.78536909,52.0074529516,8.06718375315574,7.476642182854595,0.03799203444069969,140.4863138672603,-1201.1693733149996,54.0077258875,138.673341789,10.3845873487,133.98058995,87.3344901128
yap,11,138.676886815,10.4759040202,-8875.97093212,47.0033397283,10.500948058937935,9.26413938457542,0.06257542132799512,140.33925664018358,-555.0366692400003,34.002380849,138.676886815,10.4759040202,127.97706483,88.4611686178
yap,12,138.697458661,10.5612791689,-8903.60535971,100.98552626130001,11.694982814294097,3.492914187597579,0.5400397846834843,246.97034085328235,1630.4665829825003,105.984457895,138.697458661,10.5612791689,120.361034429,86.7700900305
yap,13,138.723450128,10.6465082956,-8752.62188165,108.9621017481,10.391155266831651,3.4553279211751735,0.5009089493326339,282.7844056141438,1333.9296704675,105.962682639,138.723450128,10.6465082956,113.391213823,80.1871822189
yap,14,138.761901185,10.7370515641,-7803.30814777,139.8686433412,6.408881414390838,3.354003686837146,0.3129072703282606,444.09117540558833,306.71415993999994,120.885287446508,138.761901185,10.7370515641,108.526359691,69.5721007594
yap,15,138.827261578,10.822066438,-7009.52745058,117.87995718990001,9.332376068559963,2.659115470920324,0.5564996293971334,367.3160944573824,257.37784241500003,111.885380153,138.827261578,10.822066438,108.50819512,56.5487897606
yap,16,138.870272187,10.9117851147,-7085.87528483,37.9753653752,7.196758543021788,10.957893149289388,-0.2071719507491575,91.59886465551024,1038.2067069625,107.928585609,138.870272187,10.9117851147,107.718847523,47.8957994775
yap,17,138.905668673,10.982085615,-7479.74007049,39.9707973111,7.677002340280496,11.430856455985825,-0.1964560318207309,104.34687794883718,832.93787991,108.918916876,138.905668673,10.982085615,107.319082524,45.9242536588
yap,18,138.911728189,10.9913195708,-7559.4309526,18.990307218730003,9.40277319249096,8.476880139663567,0.05178473181928416,32.26781866782768,2955.7812644775,37.9807605279,138.911728189,10.9913195708,107.503894168,45.9523135369
yap,19,138.873848005,10.9094957872,-7043.44130095,36.9786927138,6.764170610137604,11.02635732268166,-0.23957617945003998,85.65508460650196,1042.0348666999998,106.937057056,138.873848005,10.9094957872,108.304611418,47.8774844535
yap,20,138.83598867,10.827667352,-6980.15895966,36.9786052945,7.5499999493909735,11.000719423640655,-0.18601539944947978,96.39839840316927,1599.333382285,106.93683673525,138.83598867,10.827667352,109.13811699,55.5465575509
yap,21,138.798150013,10.7458343035,-7511.83702485,114.93243428779999,8.38650358589203,2.7165427700188074,0.5106671299138323,307.4734438337577,846.7765922049998,110.934179088677,138.798150013,10.7458343035,110.52463015,68.3865525287
yap,22,138.760331863,10.66399668,-8691.62839075,129.92350321369997,8.400257339521895,3.7550955959580734,0.38214947506831914,431.07042256983266,330.20470993000004,115.93094328331,138.760331863,10.66399668,113.512379731,78.3234781968
yap,23,138.722534051,10.5821545195,-8929.58037669,131.6008623576,5.484284324111713,2.2226670596943556,0.4232045982891113,351.3999463661423,1274.01941257,108.67168204101999,138.722534051,10.5821545195,118.783808585,85.5725158215
yap,24,138.768642674,10.6591197472,-8681.36205343,133.8709626842,7.987026756087279,3.6651106965017717,0.3709118672149888,431.43287156675626,1193.181682634,127.8754701475,138.768642674,10.6591197472,114.346723509,78.9081829423
yap,25,138.814774617,10.7360782267,-7507.07570983,120.88356718269999,8.94401757945447,3.102998461369785,0.48485194161699185,383.08196172196784,304.13374335000003,115.88753109691001,138.814774617,10.7360782267,112.772571258,69.535958534
yap,26,138.860930062,10.8130299045,-7010.53665787,115.88855164479999,9.559970345132198,2.6491631864333494,0.5660358403675099,362.1654805898343,265.40559706,112.89074851027999,138.860930062,10.8130299045,113.202483935,56.5917199139
yap,27,138.907109191,10.8899747273,-7061.60620363,116.8878890393,8.963052732794619,2.580262391279983,0.5529425709086606,354.08399141728853,518.5420293300001,107.89590817684001,138.907109191,10.8899747273,113.701833493,47.769162839
yap,28,138.953312188,10.9669126416,-7571.40756292,44.957416865,8.171132396076692,12.154864416500889,-0.19599196325560245,137.03369211821837,-3665.361135485,57.94460074643,138.953312188,10.9669126416,114.575678193,44.8521423256
yap,29,138.999539235,11.0438435936,-8047.66802789,122.8827420772,7.392368539428037,2.3965961985470896,0.5103473630363017,381.3263957732933,277.14401056250017,112.89152893905,138.999539235,11.0438435936,116.506934836,46.0591012138
yap,30,139.045790516,11.1207675298,-8128.42309781,151.6398530657,4.2228912796331235,3.0739090047838302,0.1574638512860301,525.5037112441366,890.5515341450002,116.720606228806,139.045790516,11.1207675298,120.506749866,47.0843243617
yap,31,139.09205711,11.1197712671,-7832.31321161,29.8802645564,8.47158992566311,8.471524636502984,3.853433197699078e-06,55.71184223079872,524.3147535899998,30.8765243749,139.09205711,11.1197712671,126.925219175,46.0508761123
yap,33,139.253758616,11.0475067598,-7622.19267112,36.8978639034,6.597168096530126,7.74821365474035,-0.08023805696967828,70.32145012032731,3259.097503485,33.9064189458,139.253758616,11.0475067598,143.19886152,41.5718404023
yap,34,139.328737137,10.9942949273,-7764.48033323,43.8869935629,6.298277742224528,6.892527981141406,-0.045050336679906884,91.38847843556884,1192.8346479300003,38.90017008,139.328737137,10.9942949273,143.959304867,39.8532117572
yap,35,139.402227363,10.9368032445,-8170.22556183,89.7959405069,4.25181321768035,5.077361260060329,-0.08849100682485131,216.38180916673096,1772.221450955,81.8155358776,139.402227363,10.9368032445,144.062248561,38.7355842837
yap,36,139.478447721,10.86490603,-8136.51985465,86.7299113356,3.6995445937000375,4.1491369807588026,-0.05728253628250475,180.25584713355212,2552.4072127349996,91.7164272908,139.478447721,10.86490603,144.283683575,42.8639069514
yap,37,139.576301998,10.8398894457,-7612.07230629,45.8124204288,5.102664244099712,4.679360728374782,0.04327360816559537,78.5580927932893,1295.0261629450001,66.7279168537,139.576301998,10.8398894457,144.505565098,47.3954768262
yap,38,139.667506755,10.8398894457,-7270.83510968,35.8505450551,8.397576207859835,3.7163650203331167,0.3864317235279356,59.40795601203241,1347.1244800350005,70.70630356030999,139.667506755,10.8398894457,144.681154505,48.6320183107
yap,39,139.7532205,10.8439369871,-7271.30635122,12.95071989573,10.705833225897331,9.204691211675236,0.07539439852168504,17.757319514746747,-309.34329424250063,20.9204978946,139.7532205,10.8439369871,144.842051787,48.7570675201
yap,41,139.924374079,10.9241148698,-5947.20830499,3.98403013315,10.275722668056714,10.275712369469467,5.011128044434903e-07,2.5198268122809626,2929.24997084,67.7297118001,139.924374079,10.9241148698,145.099370277,55.5012913675
yap,42,140.012521969,10.9241148698,-5975.13808375,4.97939520372,5.429009600188244,8.113296617942042,-0.198214910704065,3.5347379322829755,2693.4758306600006,41.82739257436,140.012521969,10.9241148698,145.257123344,60.8549002002
yap,43,140.098765323,10.9099476092,-6145.47603893,6.97400662936,10.526604977434447,13.915319317357692,-0.13864351673183448,7.683909140783387,982.99405153,16.9369488049,140.098765323,10.9099476092,145.420374476,65.9797490414
yap,44,140.186989366,10.8665409914,-6073.09861925,17.93305486044,4.771118580663543,7.472164781219734,-0.22061452967471887,22.22991294285906,1059.2272349424998,21.9183189157,140.186989366,10.8665409914,145.61724809,70.9905335779
yap,45,140.28238076,10.8495604884,-5890.12828055,6.97141094938,5.289200454534014,7.036761611494347,-0.1417788848934392,6.380295741322465,1481.7553280025004,20.9143516983,140.28238076,10.8495604884,145.817464034,75.078810981
yap,47,140.476769514,10.8385529255,-5951.31189379,6.97092081347,5.098172660193793,6.783671465567918,-0.14185498374950886,6.004647481048347,2169.5539372075,24.8963143513,140.476769514,10.8385529255,146.188993047,82.0266637921
yap,48,140.573960322,10.8385529255,-6153.50657831,7.96675175951,7.4248291154519315,12.25410076928158,-0.2454031637958166,8.267506999691388,1866.8534903525006,26.8879903609,140.573960322,10.8385529255,146.366866377,86.6157250717
yap,49,140.671148725,10.8385529255,-6093.11548582,10.95442934596,8.151208567868013,4.679070905830109,0.2706205791663177,11.933452399988777,1595.1383649774998,32.8635452761,140.671148725,10.8385529255,146.551697874,88.0624546627
yap,50,140.772477962,10.8488190533,-6401.8443484,16.933636905100002,4.7274839691189925,5.315198840054074,-0.058521700037987665,20.027540507848638,1589.0581469200001,33.8675742289,140.772477962,10.8488190533,146.737254416,91.0416921386
yap,51,140.861561773,10.8850371399,-6775.5257381,26.894079000229997,2.895506014409137,10.038834145077718,-0.5522761921047219,37.73861270763909,1532.0896403299998,38.847536693336,140.861561773,10.8850371399,146.881665425,91.5414386052
yap,52,140.962036206,10.8932694113,-7759.71518701,49.7935097884,5.7715825068722815,4.5406271843184545,0.11936872497902924,92.3503726678963,1242.2169895399998,46.806401713535,140.962036206,10.8932694113,147.042777769,91.7373643988
yap,53,141.057067317,10.8986118289,-8019.28397892,51.8242657241,6.052130274051583,4.806531160066854,0.11471018979107288,107.20232433090968,1744.6992093199997,46.8416200944,141.057067317,10.8986118289,147.191433105,93.7979118842
yap,54,141.136896083,10.9733124929,-8309.80417023,55.8412283279,4.984199889964607,6.171984957681071,-0.1064687510952389,135.89698183318902,1362.6551145025,43.8757322618,141.136896083,10.9733124929,147.298905644,92.2463788395
yap,55,141.226536211,11.0086758268,-9083.33847234,55.7939086663,6.791959325105736,7.28973893291859,-0.035349401662487595,147.30147061709124,1191.4384371249994,75.721792979,141.226536211,11.0086758268,147.431340831,93.514147097
yap,56,141.318366412,11.0352752688,-9594.42475575,70.7302062354,6.298767267152336,7.243517785203431,-0.06976300634631451,192.85960086345156,770.0397917374999,47.8182473949,141.318366412,11.0352752688,147.571084234,93.6258166075
yap,57,141.410213193,11.0618471691,-9841.36484583,71.7498765328,6.6401779413066535,7.015814492445108,-0.02750708547626619,203.58945775745894,666.6859689250005,52.8165905934,141.410213193,11.0618471691,147.722464468,93.2598416823
yap,58,141.496667463,11.1102389314,-9918.56567489,76.72237137920001,6.035602843605769,7.230859666459017,-0.0900961218521101,232.32340669707966,494.8143349799998,51.8132723505,141.496667463,11.1102389314,147.85458761,92.9403868232
yap,59,141.584229825,11.1261592982,-9852.40841948,76.70652885000001,7.156291409217471,5.669384445868797,0.11593205536681427,236.76609515219,1887.5369170450003,83.6814801063,141.584229825,11.1261592982,147.981576409,93.5554330885
yap,60,141.665343757,11.1574932271,-10038.3672961,83.72872304020001,6.813073379999762,5.911468451963536,0.07085559071144293,264.92189864472266,1516.4794774800002,81.7366722739,141.665343757,11.1574932271,148.118956393,95.0004971757
yap,61,141.745339243,11.2076855435,-9566.11213517,92.71471700289999,4.9813394172742544,5.311474381436713,-0.03207431618007151,276.56813430729346,1691.4147461500002,81.7500893426,141.745339243,11.2076855435,148.187501996,93.2928284601
yap,62,141.829128805,11.2496572185,-9965.71790952,90.6765043536,5.452875618797578,5.573170168247695,-0.010910035362945198,259.39489138880856,2776.2037125625,83.7031886423,141.829128805,11.2496572185,148.311007386,94.9461090952
yap,63,141.920471283,11.2752043875,-10197.8913565,103.58907948289999,4.8237416137599105,6.073502404090018,-0.11468595071221414,315.9764424410547,2122.5764437375005,105.584511828,141.920471283,11.2752043875,148.405212392,94.7033662253
yap,64,142.017472472,11.288421044,-10175.9350807,121.5139234979,4.308861559745008,5.419827735698246,-0.11419484600804294,369.4181186526174,1568.6460311125002,91.6360461295,142.017472472,11.288421044,148.522221052,95.141638761
yap,65,142.114319286,11.3111069627,-10490.2563756,129.4938969567,4.333484003429042,5.2102502240879405,-0.09186825615186989,383.44398998825324,1932.2120905449997,91.6443563443,142.114319286,11.3111069627,148.64345294,96.316488535
yap,66,142.209942188,11.3340200003,-10917.0895885,200.1997392182,2.9208888141548535,4.899115655634348,-0.25297003973871385,587.6991750963074,1399.3894416050002,103.590182697,142.209942188,11.3340200003,148.809550028,97.5147455968
yap,67,142.30315008,11.3472093531,-10722.2213642,236.0426452129,2.0083177425711867,7.110734048964253,-0.5595336470321698,661.9890073380067,1815.1262258875,100.59817517,142.30315008,11.3472093531,148.955872114,98.4812358031
yap,68,142.395713583,11.3648203436,-10813.3528639,232.0502335191,2.0257037169661958,8.882133884508777,-0.6285783138736357,687.3022675900224,482.20299618249965,60.7546309599,142.395713583,11.3648203436,149.112378268,99.7246941828
yap,69,142.489591624,11.3732486671,-10799.2425197,233.0287744845,2.059878765384096,8.143437980037964,-0.5962334960720874,698.2158618945979,843.9224265325001,58.7581841537,142.489591624,11.3732486671,149.264043894,100.38488493
yap,70,142.58477554,11.3735005389,-10917.4794066,236.0145433381,2.0725242827235606,8.109039488890138,-0.5928868434725559,689.690792634881,363.4249059650001,58.7577573527,142.58477554,11.3735005389,149.494359825,101.717849273
yap,71,142.679310699,11.377417705,-10519.7341426,282.8253628182,1.6052445614119097,8.249481502851824,-0.6742183291663438,801.6056811365218,-962.7280111099999,80.6707000739,142.679310699,11.377417705,149.791728691,101.59049833
yap,73,142.865806475,11.4034726699,-10002.9896822,257.9328105341,1.4259111252664602,8.764943425768827,-0.720158674010002,609.1477962022915,602.1303340200002,51.788940887,142.865806475,11.4034726699,150.367420221,101.250798183
yap,74,142.912213522,11.4052085171,-9856.3561039,122.4919862841,2.8003674706035526,9.865794830745214,-0.5578191082700159,334.86530858811585,850.8478880300004,54.774668176092,142.912213522,11.4052085171,150.515693494,101.219852925
yap,75,143.015287598,11.4104044039,-9662.08696169,106.5586653662,3.0133038371665193,9.795898173433182,-0.5295095143830209,287.15772583234013,1303.2958863025005,47.803373118210004,143.015287598,11.4104044039,150.840277845,100.014197921
yap,76,143.118365434,11.4155643302,-9736.14140624,126.4758656323,2.8241085802544896,8.331363444385516,-0.49368192147913614,330.8154383203741,707.4681881074998,54.7747533736,143.118365434,11.4155643302,151.153457727,100.013210783
